--
-- PostgreSQL database cluster dump
--

SET default_transaction_read_only = off;

SET client_encoding = 'UTF8';
SET standard_conforming_strings = on;

--
-- Drop databases (except postgres and template1)
--

DROP DATABASE dbwssp;




--
-- Drop roles
--

DROP ROLE dbadmin;


--
-- Roles
--

CREATE ROLE dbadmin;
ALTER ROLE dbadmin WITH SUPERUSER INHERIT CREATEROLE CREATEDB LOGIN REPLICATION BYPASSRLS PASSWORD 'SCRAM-SHA-256$4096:g7VoO+mw5HEgVApR9exV2w==$vEFEB0Kmf0T2zupH7kEPyTsYdiBEJuf+dnDSHWCGZmg=:jAIYW9iGLz43w+Acezs0aeaFMBSb2ayuK9Pj0vxcano=';






--
-- Databases
--

--
-- Database "template1" dump
--

--
-- PostgreSQL database dump
--

-- Dumped from database version 14.9
-- Dumped by pg_dump version 14.9

SET statement_timeout = 0;
SET lock_timeout = 0;
SET idle_in_transaction_session_timeout = 0;
SET client_encoding = 'UTF8';
SET standard_conforming_strings = on;
SELECT pg_catalog.set_config('search_path', '', false);
SET check_function_bodies = false;
SET xmloption = content;
SET client_min_messages = warning;
SET row_security = off;

UPDATE pg_catalog.pg_database SET datistemplate = false WHERE datname = 'template1';
DROP DATABASE template1;
--
-- Name: template1; Type: DATABASE; Schema: -; Owner: dbadmin
--

CREATE DATABASE template1 WITH TEMPLATE = template0 ENCODING = 'UTF8' LOCALE = 'en_US.utf8';


ALTER DATABASE template1 OWNER TO dbadmin;

\connect template1

SET statement_timeout = 0;
SET lock_timeout = 0;
SET idle_in_transaction_session_timeout = 0;
SET client_encoding = 'UTF8';
SET standard_conforming_strings = on;
SELECT pg_catalog.set_config('search_path', '', false);
SET check_function_bodies = false;
SET xmloption = content;
SET client_min_messages = warning;
SET row_security = off;

--
-- Name: DATABASE template1; Type: COMMENT; Schema: -; Owner: dbadmin
--

COMMENT ON DATABASE template1 IS 'default template for new databases';


--
-- Name: template1; Type: DATABASE PROPERTIES; Schema: -; Owner: dbadmin
--

ALTER DATABASE template1 IS_TEMPLATE = true;


\connect template1

SET statement_timeout = 0;
SET lock_timeout = 0;
SET idle_in_transaction_session_timeout = 0;
SET client_encoding = 'UTF8';
SET standard_conforming_strings = on;
SELECT pg_catalog.set_config('search_path', '', false);
SET check_function_bodies = false;
SET xmloption = content;
SET client_min_messages = warning;
SET row_security = off;

--
-- Name: DATABASE template1; Type: ACL; Schema: -; Owner: dbadmin
--

REVOKE CONNECT,TEMPORARY ON DATABASE template1 FROM PUBLIC;
GRANT CONNECT ON DATABASE template1 TO PUBLIC;


--
-- PostgreSQL database dump complete
--

--
-- Database "dbwssp" dump
--

--
-- PostgreSQL database dump
--

-- Dumped from database version 14.9
-- Dumped by pg_dump version 14.9

SET statement_timeout = 0;
SET lock_timeout = 0;
SET idle_in_transaction_session_timeout = 0;
SET client_encoding = 'UTF8';
SET standard_conforming_strings = on;
SELECT pg_catalog.set_config('search_path', '', false);
SET check_function_bodies = false;
SET xmloption = content;
SET client_min_messages = warning;
SET row_security = off;

--
-- Name: dbwssp; Type: DATABASE; Schema: -; Owner: dbadmin
--

CREATE DATABASE dbwssp WITH TEMPLATE = template0 ENCODING = 'UTF8' LOCALE = 'en_US.utf8';


ALTER DATABASE dbwssp OWNER TO dbadmin;

\connect dbwssp

SET statement_timeout = 0;
SET lock_timeout = 0;
SET idle_in_transaction_session_timeout = 0;
SET client_encoding = 'UTF8';
SET standard_conforming_strings = on;
SELECT pg_catalog.set_config('search_path', '', false);
SET check_function_bodies = false;
SET xmloption = content;
SET client_min_messages = warning;
SET row_security = off;

SET default_tablespace = '';

SET default_table_access_method = heap;

--
-- Name: Author; Type: TABLE; Schema: public; Owner: dbadmin
--

CREATE TABLE public."Author" (
    id bigint NOT NULL,
    name character varying(250) NOT NULL,
    profession_es character varying(250) NOT NULL,
    profession_en character varying(250) NOT NULL,
    modified timestamp with time zone NOT NULL,
    country_id bigint NOT NULL,
    media_id bigint NOT NULL,
    user_id bigint NOT NULL
);


ALTER TABLE public."Author" OWNER TO dbadmin;

--
-- Name: Author_id_seq; Type: SEQUENCE; Schema: public; Owner: dbadmin
--

ALTER TABLE public."Author" ALTER COLUMN id ADD GENERATED BY DEFAULT AS IDENTITY (
    SEQUENCE NAME public."Author_id_seq"
    START WITH 1
    INCREMENT BY 1
    NO MINVALUE
    NO MAXVALUE
    CACHE 1
);


--
-- Name: Contact; Type: TABLE; Schema: public; Owner: dbadmin
--

CREATE TABLE public."Contact" (
    id bigint NOT NULL,
    name character varying(250) NOT NULL,
    email character varying(254) NOT NULL,
    telephone character varying(15) NOT NULL,
    message text NOT NULL,
    created timestamp with time zone NOT NULL,
    country_id bigint NOT NULL
);


ALTER TABLE public."Contact" OWNER TO dbadmin;

--
-- Name: Contact_id_seq; Type: SEQUENCE; Schema: public; Owner: dbadmin
--

ALTER TABLE public."Contact" ALTER COLUMN id ADD GENERATED BY DEFAULT AS IDENTITY (
    SEQUENCE NAME public."Contact_id_seq"
    START WITH 1
    INCREMENT BY 1
    NO MINVALUE
    NO MAXVALUE
    CACHE 1
);


--
-- Name: Country; Type: TABLE; Schema: public; Owner: dbadmin
--

CREATE TABLE public."Country" (
    id bigint NOT NULL,
    name_es character varying(100) NOT NULL,
    name_en character varying(100) NOT NULL,
    modified timestamp with time zone NOT NULL,
    user_id bigint NOT NULL
);


ALTER TABLE public."Country" OWNER TO dbadmin;

--
-- Name: Country_id_seq; Type: SEQUENCE; Schema: public; Owner: dbadmin
--

ALTER TABLE public."Country" ALTER COLUMN id ADD GENERATED BY DEFAULT AS IDENTITY (
    SEQUENCE NAME public."Country_id_seq"
    START WITH 1
    INCREMENT BY 1
    NO MINVALUE
    NO MAXVALUE
    CACHE 1
);


--
-- Name: DescriptiveArticle; Type: TABLE; Schema: public; Owner: dbadmin
--

CREATE TABLE public."DescriptiveArticle" (
    element_ptr_id bigint NOT NULL,
    description_es text NOT NULL,
    description_en text NOT NULL
);


ALTER TABLE public."DescriptiveArticle" OWNER TO dbadmin;

--
-- Name: District; Type: TABLE; Schema: public; Owner: dbadmin
--

CREATE TABLE public."District" (
    id bigint NOT NULL,
    name character varying(100) NOT NULL,
    altitude integer NOT NULL,
    modified timestamp with time zone NOT NULL,
    province_id bigint NOT NULL,
    user_id bigint NOT NULL
);


ALTER TABLE public."District" OWNER TO dbadmin;

--
-- Name: District_id_seq; Type: SEQUENCE; Schema: public; Owner: dbadmin
--

ALTER TABLE public."District" ALTER COLUMN id ADD GENERATED BY DEFAULT AS IDENTITY (
    SEQUENCE NAME public."District_id_seq"
    START WITH 1
    INCREMENT BY 1
    NO MINVALUE
    NO MAXVALUE
    CACHE 1
);


--
-- Name: Element; Type: TABLE; Schema: public; Owner: dbadmin
--

CREATE TABLE public."Element" (
    id bigint NOT NULL,
    title_es character varying(250) NOT NULL,
    title_en character varying(250) NOT NULL,
    show_title boolean NOT NULL,
    display_order smallint NOT NULL,
    modified timestamp with time zone NOT NULL,
    "elementType_id" bigint NOT NULL,
    section_id bigint NOT NULL,
    user_id bigint NOT NULL,
    CONSTRAINT "Element_display_order_check" CHECK ((display_order >= 0))
);


ALTER TABLE public."Element" OWNER TO dbadmin;

--
-- Name: ElementType; Type: TABLE; Schema: public; Owner: dbadmin
--

CREATE TABLE public."ElementType" (
    id bigint NOT NULL,
    name character varying(100) NOT NULL,
    "htmlName" character varying(100) NOT NULL,
    modified timestamp with time zone NOT NULL,
    user_id bigint NOT NULL
);


ALTER TABLE public."ElementType" OWNER TO dbadmin;

--
-- Name: ElementType_id_seq; Type: SEQUENCE; Schema: public; Owner: dbadmin
--

ALTER TABLE public."ElementType" ALTER COLUMN id ADD GENERATED BY DEFAULT AS IDENTITY (
    SEQUENCE NAME public."ElementType_id_seq"
    START WITH 1
    INCREMENT BY 1
    NO MINVALUE
    NO MAXVALUE
    CACHE 1
);


--
-- Name: Element_id_seq; Type: SEQUENCE; Schema: public; Owner: dbadmin
--

ALTER TABLE public."Element" ALTER COLUMN id ADD GENERATED BY DEFAULT AS IDENTITY (
    SEQUENCE NAME public."Element_id_seq"
    START WITH 1
    INCREMENT BY 1
    NO MINVALUE
    NO MAXVALUE
    CACHE 1
);


--
-- Name: GraphicArticle; Type: TABLE; Schema: public; Owner: dbadmin
--

CREATE TABLE public."GraphicArticle" (
    element_ptr_id bigint NOT NULL,
    media_id bigint NOT NULL
);


ALTER TABLE public."GraphicArticle" OWNER TO dbadmin;

--
-- Name: HtmlDesign; Type: TABLE; Schema: public; Owner: dbadmin
--

CREATE TABLE public."HtmlDesign" (
    id bigint NOT NULL,
    file_html character varying(100) NOT NULL,
    modified timestamp with time zone NOT NULL,
    user_id bigint NOT NULL
);


ALTER TABLE public."HtmlDesign" OWNER TO dbadmin;

--
-- Name: HtmlDesign_id_seq; Type: SEQUENCE; Schema: public; Owner: dbadmin
--

ALTER TABLE public."HtmlDesign" ALTER COLUMN id ADD GENERATED BY DEFAULT AS IDENTITY (
    SEQUENCE NAME public."HtmlDesign_id_seq"
    START WITH 1
    INCREMENT BY 1
    NO MINVALUE
    NO MAXVALUE
    CACHE 1
);


--
-- Name: Imagen; Type: TABLE; Schema: public; Owner: dbadmin
--

CREATE TABLE public."Imagen" (
    mediaresource_ptr_id bigint NOT NULL,
    file_image character varying(100) NOT NULL
);


ALTER TABLE public."Imagen" OWNER TO dbadmin;

--
-- Name: MediaResource; Type: TABLE; Schema: public; Owner: dbadmin
--

CREATE TABLE public."MediaResource" (
    id bigint NOT NULL,
    "mediaType" character varying(6) NOT NULL,
    modified timestamp with time zone NOT NULL,
    user_id bigint NOT NULL
);


ALTER TABLE public."MediaResource" OWNER TO dbadmin;

--
-- Name: MediaResource_id_seq; Type: SEQUENCE; Schema: public; Owner: dbadmin
--

ALTER TABLE public."MediaResource" ALTER COLUMN id ADD GENERATED BY DEFAULT AS IDENTITY (
    SEQUENCE NAME public."MediaResource_id_seq"
    START WITH 1
    INCREMENT BY 1
    NO MINVALUE
    NO MAXVALUE
    CACHE 1
);


--
-- Name: Outstanding; Type: TABLE; Schema: public; Owner: dbadmin
--

CREATE TABLE public."Outstanding" (
    element_ptr_id bigint NOT NULL
);


ALTER TABLE public."Outstanding" OWNER TO dbadmin;

--
-- Name: OutstandingArticle; Type: TABLE; Schema: public; Owner: dbadmin
--

CREATE TABLE public."OutstandingArticle" (
    id bigint NOT NULL,
    title_es character varying(100) NOT NULL,
    title_en character varying(100) NOT NULL,
    article_origin character varying(10) NOT NULL,
    source_web character varying(250) NOT NULL,
    description_es text NOT NULL,
    description_en text NOT NULL,
    created timestamp with time zone NOT NULL,
    modified timestamp with time zone NOT NULL,
    author_id bigint NOT NULL,
    media_id bigint NOT NULL,
    user_id bigint NOT NULL,
    outstanding_id bigint NOT NULL
);


ALTER TABLE public."OutstandingArticle" OWNER TO dbadmin;

--
-- Name: OutstandingArticle_id_seq; Type: SEQUENCE; Schema: public; Owner: dbadmin
--

ALTER TABLE public."OutstandingArticle" ALTER COLUMN id ADD GENERATED BY DEFAULT AS IDENTITY (
    SEQUENCE NAME public."OutstandingArticle_id_seq"
    START WITH 1
    INCREMENT BY 1
    NO MINVALUE
    NO MAXVALUE
    CACHE 1
);


--
-- Name: Page; Type: TABLE; Schema: public; Owner: dbadmin
--

CREATE TABLE public."Page" (
    id bigint NOT NULL,
    title_es character varying(50) NOT NULL,
    title_en character varying(50) NOT NULL,
    "styleSheetName" character varying(50) NOT NULL,
    url_title_es character varying(50) NOT NULL,
    url_title_en character varying(50) NOT NULL,
    display_order smallint NOT NULL,
    modified timestamp with time zone NOT NULL,
    user_id bigint NOT NULL,
    CONSTRAINT "Page_display_order_check" CHECK ((display_order >= 0))
);


ALTER TABLE public."Page" OWNER TO dbadmin;

--
-- Name: Page_id_seq; Type: SEQUENCE; Schema: public; Owner: dbadmin
--

ALTER TABLE public."Page" ALTER COLUMN id ADD GENERATED BY DEFAULT AS IDENTITY (
    SEQUENCE NAME public."Page_id_seq"
    START WITH 1
    INCREMENT BY 1
    NO MINVALUE
    NO MAXVALUE
    CACHE 1
);


--
-- Name: Province; Type: TABLE; Schema: public; Owner: dbadmin
--

CREATE TABLE public."Province" (
    id bigint NOT NULL,
    name character varying(100) NOT NULL,
    modified timestamp with time zone NOT NULL,
    region_id bigint NOT NULL,
    user_id bigint NOT NULL
);


ALTER TABLE public."Province" OWNER TO dbadmin;

--
-- Name: Province_id_seq; Type: SEQUENCE; Schema: public; Owner: dbadmin
--

ALTER TABLE public."Province" ALTER COLUMN id ADD GENERATED BY DEFAULT AS IDENTITY (
    SEQUENCE NAME public."Province_id_seq"
    START WITH 1
    INCREMENT BY 1
    NO MINVALUE
    NO MAXVALUE
    CACHE 1
);


--
-- Name: Region; Type: TABLE; Schema: public; Owner: dbadmin
--

CREATE TABLE public."Region" (
    id bigint NOT NULL,
    name character varying(100) NOT NULL,
    scope integer NOT NULL,
    modified timestamp with time zone NOT NULL,
    country_id bigint NOT NULL,
    user_id bigint NOT NULL,
    CONSTRAINT "Region_scope_check" CHECK ((scope >= 0))
);


ALTER TABLE public."Region" OWNER TO dbadmin;

--
-- Name: Region_id_seq; Type: SEQUENCE; Schema: public; Owner: dbadmin
--

ALTER TABLE public."Region" ALTER COLUMN id ADD GENERATED BY DEFAULT AS IDENTITY (
    SEQUENCE NAME public."Region_id_seq"
    START WITH 1
    INCREMENT BY 1
    NO MINVALUE
    NO MAXVALUE
    CACHE 1
);


--
-- Name: Section; Type: TABLE; Schema: public; Owner: dbadmin
--

CREATE TABLE public."Section" (
    id bigint NOT NULL,
    title_es character varying(250) NOT NULL,
    title_en character varying(250) NOT NULL,
    show_title boolean NOT NULL,
    display_order smallint NOT NULL,
    modified timestamp with time zone NOT NULL,
    media_id bigint,
    page_id bigint NOT NULL,
    user_id bigint NOT NULL,
    CONSTRAINT "Section_display_order_check" CHECK ((display_order >= 0))
);


ALTER TABLE public."Section" OWNER TO dbadmin;

--
-- Name: Section_id_seq; Type: SEQUENCE; Schema: public; Owner: dbadmin
--

ALTER TABLE public."Section" ALTER COLUMN id ADD GENERATED BY DEFAULT AS IDENTITY (
    SEQUENCE NAME public."Section_id_seq"
    START WITH 1
    INCREMENT BY 1
    NO MINVALUE
    NO MAXVALUE
    CACHE 1
);


--
-- Name: Slider; Type: TABLE; Schema: public; Owner: dbadmin
--

CREATE TABLE public."Slider" (
    element_ptr_id bigint NOT NULL,
    size character varying(20) NOT NULL,
    "transitionType" character varying(20) NOT NULL,
    "display_sliderList" boolean NOT NULL
);


ALTER TABLE public."Slider" OWNER TO dbadmin;

--
-- Name: SliderElement; Type: TABLE; Schema: public; Owner: dbadmin
--

CREATE TABLE public."SliderElement" (
    id bigint NOT NULL,
    title_es character varying(250) NOT NULL,
    title_en character varying(250) NOT NULL,
    show_title boolean NOT NULL,
    description_es text NOT NULL,
    description_en text NOT NULL,
    media_display_type character varying(20) NOT NULL,
    display_order smallint NOT NULL,
    modified timestamp with time zone NOT NULL,
    list_icon_id bigint,
    user_id bigint NOT NULL,
    slider_id bigint NOT NULL,
    CONSTRAINT "SliderElement_display_order_check" CHECK ((display_order >= 0))
);


ALTER TABLE public."SliderElement" OWNER TO dbadmin;

--
-- Name: SliderElement_id_seq; Type: SEQUENCE; Schema: public; Owner: dbadmin
--

ALTER TABLE public."SliderElement" ALTER COLUMN id ADD GENERATED BY DEFAULT AS IDENTITY (
    SEQUENCE NAME public."SliderElement_id_seq"
    START WITH 1
    INCREMENT BY 1
    NO MINVALUE
    NO MAXVALUE
    CACHE 1
);


--
-- Name: SliderElement_medias; Type: TABLE; Schema: public; Owner: dbadmin
--

CREATE TABLE public."SliderElement_medias" (
    id bigint NOT NULL,
    sliderelement_id bigint NOT NULL,
    mediaresource_id bigint NOT NULL
);


ALTER TABLE public."SliderElement_medias" OWNER TO dbadmin;

--
-- Name: SliderElement_medias_id_seq; Type: SEQUENCE; Schema: public; Owner: dbadmin
--

ALTER TABLE public."SliderElement_medias" ALTER COLUMN id ADD GENERATED BY DEFAULT AS IDENTITY (
    SEQUENCE NAME public."SliderElement_medias_id_seq"
    START WITH 1
    INCREMENT BY 1
    NO MINVALUE
    NO MAXVALUE
    CACHE 1
);


--
-- Name: StyleSheet; Type: TABLE; Schema: public; Owner: dbadmin
--

CREATE TABLE public."StyleSheet" (
    id bigint NOT NULL,
    name character varying(50) NOT NULL,
    content text NOT NULL,
    modified timestamp with time zone NOT NULL,
    page_id bigint NOT NULL,
    user_id bigint NOT NULL
);


ALTER TABLE public."StyleSheet" OWNER TO dbadmin;

--
-- Name: StyleSheet_id_seq; Type: SEQUENCE; Schema: public; Owner: dbadmin
--

ALTER TABLE public."StyleSheet" ALTER COLUMN id ADD GENERATED BY DEFAULT AS IDENTITY (
    SEQUENCE NAME public."StyleSheet_id_seq"
    START WITH 1
    INCREMENT BY 1
    NO MINVALUE
    NO MAXVALUE
    CACHE 1
);


--
-- Name: User; Type: TABLE; Schema: public; Owner: dbadmin
--

CREATE TABLE public."User" (
    id bigint NOT NULL,
    password character varying(128) NOT NULL,
    last_login timestamp with time zone,
    is_superuser boolean NOT NULL,
    username character varying(150) NOT NULL,
    first_name character varying(150) NOT NULL,
    last_name character varying(150) NOT NULL,
    email character varying(254) NOT NULL,
    is_staff boolean NOT NULL,
    is_active boolean NOT NULL,
    date_joined timestamp with time zone NOT NULL
);


ALTER TABLE public."User" OWNER TO dbadmin;

--
-- Name: User_groups; Type: TABLE; Schema: public; Owner: dbadmin
--

CREATE TABLE public."User_groups" (
    id bigint NOT NULL,
    user_id bigint NOT NULL,
    group_id integer NOT NULL
);


ALTER TABLE public."User_groups" OWNER TO dbadmin;

--
-- Name: User_groups_id_seq; Type: SEQUENCE; Schema: public; Owner: dbadmin
--

ALTER TABLE public."User_groups" ALTER COLUMN id ADD GENERATED BY DEFAULT AS IDENTITY (
    SEQUENCE NAME public."User_groups_id_seq"
    START WITH 1
    INCREMENT BY 1
    NO MINVALUE
    NO MAXVALUE
    CACHE 1
);


--
-- Name: User_id_seq; Type: SEQUENCE; Schema: public; Owner: dbadmin
--

ALTER TABLE public."User" ALTER COLUMN id ADD GENERATED BY DEFAULT AS IDENTITY (
    SEQUENCE NAME public."User_id_seq"
    START WITH 1
    INCREMENT BY 1
    NO MINVALUE
    NO MAXVALUE
    CACHE 1
);


--
-- Name: User_user_permissions; Type: TABLE; Schema: public; Owner: dbadmin
--

CREATE TABLE public."User_user_permissions" (
    id bigint NOT NULL,
    user_id bigint NOT NULL,
    permission_id integer NOT NULL
);


ALTER TABLE public."User_user_permissions" OWNER TO dbadmin;

--
-- Name: User_user_permissions_id_seq; Type: SEQUENCE; Schema: public; Owner: dbadmin
--

ALTER TABLE public."User_user_permissions" ALTER COLUMN id ADD GENERATED BY DEFAULT AS IDENTITY (
    SEQUENCE NAME public."User_user_permissions_id_seq"
    START WITH 1
    INCREMENT BY 1
    NO MINVALUE
    NO MAXVALUE
    CACHE 1
);


--
-- Name: Video; Type: TABLE; Schema: public; Owner: dbadmin
--

CREATE TABLE public."Video" (
    mediaresource_ptr_id bigint NOT NULL,
    title character varying(100) NOT NULL,
    source character varying(10) NOT NULL,
    web_url character varying(200),
    file_video character varying(100)
);


ALTER TABLE public."Video" OWNER TO dbadmin;

--
-- Name: auth_group; Type: TABLE; Schema: public; Owner: dbadmin
--

CREATE TABLE public.auth_group (
    id integer NOT NULL,
    name character varying(150) NOT NULL
);


ALTER TABLE public.auth_group OWNER TO dbadmin;

--
-- Name: auth_group_id_seq; Type: SEQUENCE; Schema: public; Owner: dbadmin
--

ALTER TABLE public.auth_group ALTER COLUMN id ADD GENERATED BY DEFAULT AS IDENTITY (
    SEQUENCE NAME public.auth_group_id_seq
    START WITH 1
    INCREMENT BY 1
    NO MINVALUE
    NO MAXVALUE
    CACHE 1
);


--
-- Name: auth_group_permissions; Type: TABLE; Schema: public; Owner: dbadmin
--

CREATE TABLE public.auth_group_permissions (
    id bigint NOT NULL,
    group_id integer NOT NULL,
    permission_id integer NOT NULL
);


ALTER TABLE public.auth_group_permissions OWNER TO dbadmin;

--
-- Name: auth_group_permissions_id_seq; Type: SEQUENCE; Schema: public; Owner: dbadmin
--

ALTER TABLE public.auth_group_permissions ALTER COLUMN id ADD GENERATED BY DEFAULT AS IDENTITY (
    SEQUENCE NAME public.auth_group_permissions_id_seq
    START WITH 1
    INCREMENT BY 1
    NO MINVALUE
    NO MAXVALUE
    CACHE 1
);


--
-- Name: auth_permission; Type: TABLE; Schema: public; Owner: dbadmin
--

CREATE TABLE public.auth_permission (
    id integer NOT NULL,
    name character varying(255) NOT NULL,
    content_type_id integer NOT NULL,
    codename character varying(100) NOT NULL
);


ALTER TABLE public.auth_permission OWNER TO dbadmin;

--
-- Name: auth_permission_id_seq; Type: SEQUENCE; Schema: public; Owner: dbadmin
--

ALTER TABLE public.auth_permission ALTER COLUMN id ADD GENERATED BY DEFAULT AS IDENTITY (
    SEQUENCE NAME public.auth_permission_id_seq
    START WITH 1
    INCREMENT BY 1
    NO MINVALUE
    NO MAXVALUE
    CACHE 1
);


--
-- Name: django_admin_log; Type: TABLE; Schema: public; Owner: dbadmin
--

CREATE TABLE public.django_admin_log (
    id integer NOT NULL,
    action_time timestamp with time zone NOT NULL,
    object_id text,
    object_repr character varying(200) NOT NULL,
    action_flag smallint NOT NULL,
    change_message text NOT NULL,
    content_type_id integer,
    user_id bigint NOT NULL,
    CONSTRAINT django_admin_log_action_flag_check CHECK ((action_flag >= 0))
);


ALTER TABLE public.django_admin_log OWNER TO dbadmin;

--
-- Name: django_admin_log_id_seq; Type: SEQUENCE; Schema: public; Owner: dbadmin
--

ALTER TABLE public.django_admin_log ALTER COLUMN id ADD GENERATED BY DEFAULT AS IDENTITY (
    SEQUENCE NAME public.django_admin_log_id_seq
    START WITH 1
    INCREMENT BY 1
    NO MINVALUE
    NO MAXVALUE
    CACHE 1
);


--
-- Name: django_content_type; Type: TABLE; Schema: public; Owner: dbadmin
--

CREATE TABLE public.django_content_type (
    id integer NOT NULL,
    app_label character varying(100) NOT NULL,
    model character varying(100) NOT NULL
);


ALTER TABLE public.django_content_type OWNER TO dbadmin;

--
-- Name: django_content_type_id_seq; Type: SEQUENCE; Schema: public; Owner: dbadmin
--

ALTER TABLE public.django_content_type ALTER COLUMN id ADD GENERATED BY DEFAULT AS IDENTITY (
    SEQUENCE NAME public.django_content_type_id_seq
    START WITH 1
    INCREMENT BY 1
    NO MINVALUE
    NO MAXVALUE
    CACHE 1
);


--
-- Name: django_migrations; Type: TABLE; Schema: public; Owner: dbadmin
--

CREATE TABLE public.django_migrations (
    id bigint NOT NULL,
    app character varying(255) NOT NULL,
    name character varying(255) NOT NULL,
    applied timestamp with time zone NOT NULL
);


ALTER TABLE public.django_migrations OWNER TO dbadmin;

--
-- Name: django_migrations_id_seq; Type: SEQUENCE; Schema: public; Owner: dbadmin
--

ALTER TABLE public.django_migrations ALTER COLUMN id ADD GENERATED BY DEFAULT AS IDENTITY (
    SEQUENCE NAME public.django_migrations_id_seq
    START WITH 1
    INCREMENT BY 1
    NO MINVALUE
    NO MAXVALUE
    CACHE 1
);


--
-- Name: django_session; Type: TABLE; Schema: public; Owner: dbadmin
--

CREATE TABLE public.django_session (
    session_key character varying(40) NOT NULL,
    session_data text NOT NULL,
    expire_date timestamp with time zone NOT NULL
);


ALTER TABLE public.django_session OWNER TO dbadmin;

--
-- Name: htmlArticle; Type: TABLE; Schema: public; Owner: dbadmin
--

CREATE TABLE public."htmlArticle" (
    element_ptr_id bigint NOT NULL,
    "htmlDesign_id" bigint NOT NULL
);


ALTER TABLE public."htmlArticle" OWNER TO dbadmin;

--
-- Data for Name: Author; Type: TABLE DATA; Schema: public; Owner: dbadmin
--

COPY public."Author" (id, name, profession_es, profession_en, modified, country_id, media_id, user_id) FROM stdin;
1	Jaime de Althaus	Periodista y antropologo	Journalist and anthropologist	2022-12-12 17:13:35.01295+00	1	113	1
2	El Comercio	Diario Peruano	Peruvian Newspaper	2022-12-12 17:19:54.152037+00	1	116	1
3	Gestión	Diario peruano de economía y negocios	Peruvian newspaper of economy and business	2022-12-12 17:21:52.059039+00	1	117	1
4	Andina	Agencia de noticias, diario	News agency, diary	2022-12-12 17:23:59.217169+00	1	119	1
\.


--
-- Data for Name: Contact; Type: TABLE DATA; Schema: public; Owner: dbadmin
--

COPY public."Contact" (id, name, email, telephone, message, created, country_id) FROM stdin;
23	prueba gaby	lirbag_gabril@hotmail.com	984185416	Este es un prueba de observación.	2023-08-26 22:09:46.602647+00	1
\.


--
-- Data for Name: Country; Type: TABLE DATA; Schema: public; Owner: dbadmin
--

COPY public."Country" (id, name_es, name_en, modified, user_id) FROM stdin;
1	PERÚ	PERU	2022-12-07 13:42:14.988619+00	1
2	AFGANISTÁN	AFGHANISTAN	2022-12-07 13:42:15.381886+00	1
3	ALBANIA	ALBANIA	2022-12-07 13:42:15.665767+00	1
4	ALEMANIA	GERMANY	2022-12-07 13:42:16.088688+00	1
5	ANDORRA	ANDORRA	2022-12-07 13:42:16.149722+00	1
6	ANGOLA	ANGOLA	2022-12-07 13:42:16.212567+00	1
7	ANTIGUA Y BARBUDA	ANTIGUA Y BARBUDA	2022-12-07 13:42:16.279843+00	1
8	ARABIA SAUDITA	SAUDI ARABIA	2022-12-07 13:42:16.320704+00	1
9	ARGELIA	ALGERIA	2022-12-07 13:42:16.36017+00	1
10	ARGENTINA	ARGENTINA	2022-12-07 13:42:16.39824+00	1
11	ARMENIA	ARMENIA	2022-12-07 13:42:16.459324+00	1
12	ARUBA	ARUBA	2022-12-07 13:42:16.508859+00	1
13	AUSTRALIA	AUSTRALIA	2022-12-07 13:42:16.62033+00	1
14	AUSTRIA	AUSTRIA	2022-12-07 13:42:16.732108+00	1
15	AZERBAIYÁN	AZERBAIJAN	2022-12-07 13:42:16.801104+00	1
16	BAHAMAS	BAHAMAS	2022-12-07 13:42:16.87233+00	1
17	BANGLADÉS	BANGLADESH	2022-12-07 13:42:16.900439+00	1
18	BARBADOS	BARBADOS	2022-12-07 13:42:16.938869+00	1
19	BARÉIN	BAHRAIN	2022-12-07 13:42:16.978005+00	1
20	BÉLGICA	BELGIUM	2022-12-07 13:42:17.005298+00	1
21	BELICE	BELIZE	2022-12-07 13:42:17.055791+00	1
22	BENIN	BENIN	2022-12-07 13:42:17.082905+00	1
23	BIELORRUSIA	BELARUS	2022-12-07 13:42:17.122705+00	1
24	BOLIVIA	BOLIVIA	2022-12-07 13:42:17.160366+00	1
25	BOSNIA Y HERZEGOVINA	BOSNIA AND HERZEGOVINA	2022-12-07 13:42:17.199294+00	1
26	BOTSUANA	BOTSWANA	2022-12-07 13:42:17.226789+00	1
27	BRASIL	BRAZIL	2022-12-07 13:42:17.276959+00	1
28	BRUNEI	BRUNEI DARUSSALAM	2022-12-07 13:42:17.315342+00	1
29	BULGARIA	BULGARIA	2022-12-07 13:42:17.354535+00	1
30	BURKINA FASO	BURKINA FASO	2022-12-07 13:42:17.39282+00	1
31	BURUNDI	BURUNDI	2022-12-07 13:42:17.432078+00	1
32	BUTÁN	BHUTAN	2022-12-07 13:42:17.471009+00	1
33	CABO VERDE	CAPE VERDE	2022-12-07 13:42:17.508709+00	1
34	CAMBOYA	CAMBODIA	2022-12-07 13:42:17.547989+00	1
35	CAMERÚN	CAMEROON	2022-12-07 13:42:17.586389+00	1
36	CANADÁ	CANADA	2022-12-07 13:42:17.625556+00	1
37	CATAR	QATAR	2022-12-07 13:42:17.664123+00	1
38	CHAD	CHAD	2022-12-07 13:42:17.703162+00	1
39	CHILE	CHILE	2022-12-07 13:42:17.741255+00	1
40	CHINA	CHINA	2022-12-07 13:42:17.780274+00	1
41	CHIPRE	CYPRUS	2022-12-07 13:42:17.808101+00	1
42	COLOMBIA	COLOMBIA	2022-12-07 13:42:17.847192+00	1
43	COMORAS	COMOROS	2022-12-07 13:42:17.874632+00	1
44	COREA DEL NORTE	NORTH KOREA	2022-12-07 13:42:17.913848+00	1
45	COREA DEL SUR	SOUTH KOREA	2022-12-07 13:42:17.941165+00	1
46	COSTA DE MARFIL	COTE D IVOIRE	2022-12-07 13:42:17.99124+00	1
47	COSTA RICA	COSTA RICA	2022-12-07 13:42:18.018911+00	1
48	CROACIA	CROATIA	2022-12-07 13:42:18.057985+00	1
49	CUBA	CUBA	2022-12-07 13:42:18.096084+00	1
50	DINAMARCA	DENMARK	2022-12-07 13:42:18.135145+00	1
51	DOMINICA	DOMINICA	2022-12-07 13:42:18.173861+00	1
52	ECUADOR	ECUADOR	2022-12-07 13:42:18.212838+00	1
53	EGIPTO	EGYPT	2022-12-07 13:42:18.251564+00	1
54	EL SALVADOR	EL SALVADOR	2022-12-07 13:42:18.290322+00	1
55	EMIRATOS ARABES UNIDOS	UNITED ARAB EMIRATES	2022-12-07 13:42:18.32885+00	1
56	ERITREA	ERITREA	2022-12-07 13:42:18.368207+00	1
57	ESLOVAQUIA	SLOVAKIA	2022-12-07 13:42:18.406292+00	1
58	ESLOVENIA	SLOVENIA	2022-12-07 13:42:18.455974+00	1
59	ESPAÑA	SPAIN	2022-12-07 13:42:18.494486+00	1
60	ESTADOS UNIDOS	UNITED STATES OF AMERICA	2022-12-07 13:42:18.534084+00	1
61	ESTONIA	ESTONIA	2022-12-07 13:42:18.605255+00	1
62	ETIOPÍA	ETHIOPIA	2022-12-07 13:42:18.644346+00	1
63	FILIPINAS	PHILIPPINES	2022-12-07 13:42:18.682586+00	1
64	FINLANDIA	FINLAND	2022-12-07 13:42:18.710666+00	1
65	FIYI	FIJI	2022-12-07 13:42:18.749472+00	1
66	FRANCIA	FRANCE	2022-12-07 13:42:18.776426+00	1
67	GABÓN	GABON	2022-12-07 13:42:18.826706+00	1
68	GAMBIA	GAMBIA	2022-12-07 13:42:18.86495+00	1
69	GEORGIA	GEORGIA	2022-12-07 13:42:18.904035+00	1
70	GHANA	GHANA	2022-12-07 13:42:18.931385+00	1
71	GRANADA	GRENADA	2022-12-07 13:42:18.970571+00	1
72	GRECIA	GREECE	2022-12-07 13:42:18.997943+00	1
73	GUATEMALA	GUATEMALA	2022-12-07 13:42:19.037292+00	1
74	GUINEA	GUINEA	2022-12-07 13:42:19.075349+00	1
75	GUINEA ECUATORIAL	EQUATORIAL GUINEA	2022-12-07 13:42:19.11461+00	1
76	GUINEA-BISSAU	GUINEA-BISSAU	2022-12-07 13:42:19.152974+00	1
77	GUYANA	GUYANA	2022-12-07 13:42:19.192456+00	1
78	HAITÍ	HAITI	2022-12-07 13:42:19.258798+00	1
79	HONDURAS	HONDURAS	2022-12-07 13:42:19.297159+00	1
80	HUNGRÍA	HUNGARY	2022-12-07 13:42:19.336343+00	1
81	INDIA	INDIA	2022-12-07 13:42:19.455612+00	1
82	INDONESIA	INDONESIA	2022-12-07 13:42:20.073813+00	1
83	IRÁN	IRAN	2022-12-07 13:42:20.141836+00	1
84	IRAQ	IRAQ	2022-12-07 13:42:20.259612+00	1
85	IRLANDA	IRELAND	2022-12-07 13:42:20.31427+00	1
86	ISLANDIA	ICELAND	2022-12-07 13:42:20.341435+00	1
87	ISLAS CAIMÁN	CAYMAN ISLANDS	2022-12-07 13:42:20.379572+00	1
88	ISLAS MARSHALL	MARSHALL ISLANDS	2022-12-07 13:42:20.419133+00	1
89	ISLAS SALOMÓN	SALOMON ISLANDS	2022-12-07 13:42:20.45731+00	1
90	ISLAS VÍRGENES BRITÁNICAS	BRITISH VIRGIN ISLANDS	2022-12-07 13:42:20.496441+00	1
91	ISLAS VÍRGENES DE ESTADOS UNIDOS	UNITE STATES VIRGIN ISLANDS	2022-12-07 13:42:20.523795+00	1
92	ISRAEL	ISRAEL	2022-12-07 13:42:20.563004+00	1
93	ITALIA	ITALY	2022-12-07 13:42:20.590286+00	1
94	JAMAICA	JAMAICA	2022-12-07 13:42:20.629673+00	1
95	JAPÓN	JAPAN	2022-12-07 13:42:20.656729+00	1
96	JORDANIA	JORDAN	2022-12-07 13:42:20.695706+00	1
97	KAZAJISTÁN	KAZAKHSTAN	2022-12-07 13:42:20.723301+00	1
98	KENIA	KENYA	2022-12-07 13:42:20.762521+00	1
99	KIRGUISTÁN	KYRGYZSTAN	2022-12-07 13:42:20.79024+00	1
100	KIRIBATI	KIRIBATI	2022-12-07 13:42:20.829335+00	1
101	KUWAIT	KUWAIT	2022-12-07 13:42:20.86708+00	1
102	LAOS	LAOS	2022-12-07 13:42:20.906469+00	1
103	LESOTO	LESOTHO	2022-12-07 13:42:20.944441+00	1
104	LETONIA	LATVIA	2022-12-07 13:42:20.983972+00	1
105	LÍBANO	LEBANON	2022-12-07 13:42:21.022187+00	1
106	LIBERIA	LIBERIA	2022-12-07 13:42:21.061277+00	1
107	LIBIA	LIBYA	2022-12-07 13:42:21.099645+00	1
108	LIECHTENSTEIN	LIECHTENSTEIN	2022-12-07 13:42:21.150041+00	1
109	LITUANIA	LITHUANIA	2022-12-07 13:42:21.188535+00	1
110	LUXEMBURGO	LUXEMBOURG	2022-12-07 13:42:21.227705+00	1
111	MADAGASCAR	MADAGASCAR	2022-12-07 13:42:21.266011+00	1
112	MALASIA	MALAYSIA	2022-12-07 13:42:21.305174+00	1
113	MALAUI	MALAWI	2022-12-07 13:42:21.343508+00	1
114	MALDIVAS	MALDIVES	2022-12-07 13:42:21.382714+00	1
115	MALI	MALI	2022-12-07 13:42:21.420983+00	1
116	MALTA	MALTA	2022-12-07 13:42:21.449282+00	1
117	MARRUECOS	MOROCCO	2022-12-07 13:42:21.51575+00	1
118	MAURICIO	MAURITIUS	2022-12-07 13:42:21.554273+00	1
119	MAURITANIA	MAURITANIA	2022-12-07 13:42:21.592416+00	1
120	MÉXICO	MEXICO	2022-12-07 13:42:21.631569+00	1
121	MICRONESIA	MICRONESIA	2022-12-07 13:42:21.669904+00	1
122	MOLDAVIA	MOLDOVA	2022-12-07 13:42:21.709075+00	1
123	MÓNACO	MONACO	2022-12-07 13:42:21.747406+00	1
124	MONGOLIA	MONGOLIA	2022-12-07 13:42:21.786635+00	1
125	MONTENEGRO	MONTENEGRO	2022-12-07 13:42:21.824783+00	1
126	MOZAMBIQUE	MOZAMBIQUE	2022-12-07 13:42:21.864222+00	1
127	MYANMAR (BIRMANIA)	MYANMAR	2022-12-07 13:42:21.902328+00	1
128	NAMIBIA	NAMIBIA	2022-12-07 13:42:21.941394+00	1
129	NAURU	NAURU	2022-12-07 13:42:21.979797+00	1
130	NEPAL	NEPAL	2022-12-07 13:42:22.019181+00	1
131	NICARAGUA	NICARAGUA	2022-12-07 13:42:22.05735+00	1
132	NÍGER	NIGER	2022-12-07 13:42:22.096427+00	1
133	NIGERIA	NIGERIA	2022-12-07 13:42:22.145825+00	1
134	NORUEGA	NORWAY	2022-12-07 13:42:22.18488+00	1
135	NUEVA ZELANDA	NEW ZEALAND	2022-12-07 13:42:22.223384+00	1
136	OMÁN	OMAN	2022-12-07 13:42:22.251603+00	1
137	PAÍSES BAJOS	NETHERLANDS	2022-12-07 13:42:22.290082+00	1
138	PAKISTÁN	PAKISTAN	2022-12-07 13:42:22.350827+00	1
139	PALAOS	PALAU	2022-12-07 13:42:22.4223+00	1
140	PALESTINA	PALESTINE	2022-12-07 13:42:22.483954+00	1
141	PANAMÁ	PANAMA	2022-12-07 13:42:22.554915+00	1
142	PAPÚA NUEVA GUINEA	PAPUA NEW GUINEA	2022-12-07 13:42:22.604945+00	1
143	PARAGUAY	PARAGUAY	2022-12-07 13:42:22.643493+00	1
144	POLONIA	POLAND	2022-12-07 13:42:22.682599+00	1
145	PORTUGAL	PORTUGAL	2022-12-07 13:42:22.720993+00	1
146	PUERTO RICO	PUERTO RICO	2022-12-07 13:42:22.760107+00	1
147	REINO UNIDO	UNITED KINGDOM	2022-12-07 13:42:22.798555+00	1
148	REPÚBLICA CENTROAFRICANA	CENTRAL AFRICAN REPUBLIC	2022-12-07 13:42:22.837467+00	1
149	REPÚBLICA CHECA	CZECH REPUBLIC	2022-12-07 13:42:22.875941+00	1
150	REPÚBLICA DE MACEDONIA	MACEDONIA	2022-12-07 13:42:22.93136+00	1
151	REPÚBLICA DEL CONGO	REPUBLIC OF THE CONGO	2022-12-07 13:42:22.970247+00	1
152	REPÚBLICA DEMOCRÁTICA DEL CONGO	DEMOCRATIC REPUBLIC OF THE CONGO	2022-12-07 13:42:23.009034+00	1
153	REPÚBLICA DOMINICANA	DOMINICAN REPUBLIC	2022-12-07 13:42:23.047411+00	1
154	REPÚBLICA SAHARAUI	WESTERN SAHARA	2022-12-07 13:42:23.075503+00	1
155	RUANDA	RWANDA	2022-12-07 13:42:23.113926+00	1
156	RUMANIA	ROMANIA	2022-12-07 13:42:23.142123+00	1
157	RUSIA	RUSSIA	2022-12-07 13:42:23.180436+00	1
158	SAMOA	SAMOA AMERICAN	2022-12-07 13:42:23.208776+00	1
159	SAN CRISTÓBAL Y NIEVES	SAINT KITTS AND NEVIS	2022-12-07 13:42:23.247015+00	1
160	SAN MARINO	SAN MARINO	2022-12-07 13:42:23.275083+00	1
161	SAN VICENTE Y LAS GRANADINAS	SAINT VINCENT AND THE GRENADINES	2022-12-07 13:42:23.313688+00	1
162	SANTA LUCÍA	SAINT LUCIA	2022-12-07 13:42:23.352876+00	1
163	SANTO TOMÉ Y PRÍNCIPE	SAO TOME AND PRINCIPE	2022-12-07 13:42:23.391084+00	1
164	SENEGAL	SENEGAL	2022-12-07 13:42:23.511264+00	1
165	SERBIA	SERBIA	2022-12-07 13:42:23.734105+00	1
166	SEYCHELLES	SEYCHELLES	2022-12-07 13:42:23.772298+00	1
167	SIERRA LEONA	SIERRA LEONE	2022-12-07 13:42:23.811221+00	1
168	SINGAPUR	SINGAPORE	2022-12-07 13:42:23.849693+00	1
169	SIRIA	SYRIAN ARAB REPUBLIC	2022-12-07 13:42:23.888926+00	1
170	SOMALIA	SOMALIA	2022-12-07 13:42:23.926705+00	1
171	SRI LANKA	SRI LANKA	2022-12-07 13:42:23.966149+00	1
172	SUAZILANDIA	SWAZILAND	2022-12-07 13:42:24.004103+00	1
173	SUDÁFRICA	SOUTH AFRICA	2022-12-07 13:42:24.032454+00	1
174	SUDÁN DEL NORTE	SUDAN	2022-12-07 13:42:24.070686+00	1
175	SUDÁN DEL SUR	SOUTH SUDAN	2022-12-07 13:42:24.197626+00	1
176	SUECIA	SWEDEN	2022-12-07 13:42:24.291898+00	1
177	SUIZA	SWITZERLAND	2022-12-07 13:42:24.330515+00	1
178	SURINAM	SURINAME	2022-12-07 13:42:24.369507+00	1
179	TAILANDIA	THAILAND	2022-12-07 13:42:24.407821+00	1
180	TAIWAN	TAIWAN	2022-12-07 13:42:24.447527+00	1
181	TANZANIA	TANZANIA	2022-12-07 13:42:24.485337+00	1
182	TAYIKISTÁN	TAJIKISTAN	2022-12-07 13:42:24.54083+00	1
183	TIMOR ORIENTAL	EAST TIMOR	2022-12-07 13:42:24.58027+00	1
184	TOGO	TOGO	2022-12-07 13:42:24.61833+00	1
185	TONGA	TONGA	2022-12-07 13:42:24.657568+00	1
186	TRINIDAD Y TOBAGO	TRINIDAD AND TOBAGO	2022-12-07 13:42:24.696139+00	1
187	TÚNEZ	TUNISIA	2022-12-07 13:42:24.734839+00	1
188	TURKMENISTÁN	TURKMENISTAN	2022-12-07 13:42:24.773517+00	1
189	TURQUÍA	TURKEY	2022-12-07 13:42:24.813095+00	1
190	TUVALU	TUVALU	2022-12-07 13:42:24.85067+00	1
191	UCRANIA	UKRAINE	2022-12-07 13:42:24.879499+00	1
192	UGANDA	UGANDA	2022-12-07 13:42:24.917217+00	1
193	URUGUAY	URUGUAY	2022-12-07 13:42:24.9563+00	1
194	UZBEKISTÁN	UZBEKISTAN	2022-12-07 13:42:25.019852+00	1
195	VANUATU	VANUATU	2022-12-07 13:42:25.055742+00	1
196	VATICANO	VATICAN CITY	2022-12-07 13:42:25.094429+00	1
197	VENEZUELA	VENEZUELA	2022-12-07 13:42:25.133559+00	1
198	VIETNAM	VIET NAM	2022-12-07 13:42:25.199809+00	1
199	YEMEN	YEMEN	2022-12-07 13:42:25.238409+00	1
200	YIBUTI	DJIBOUTI	2022-12-07 13:42:25.277989+00	1
201	ZAMBIA	ZAMBIA	2022-12-07 13:42:25.315842+00	1
202	ZIMBABUE	ZIMBABWE	2022-12-07 13:42:25.443944+00	1
\.


--
-- Data for Name: DescriptiveArticle; Type: TABLE DATA; Schema: public; Owner: dbadmin
--

COPY public."DescriptiveArticle" (element_ptr_id, description_es, description_en) FROM stdin;
16	<p>Nuestras tecnolog&iacute;as son implementadas considerando un orden de priorizaci&oacute;n que permite un desarrollo sist&eacute;mico e integral del predio familiar.</p>	<p>Our technologies are implemented considering an order of prioritization that allows a systemic and integral development of the family property.</p>
2	<p>Somos una asociaci&oacute;n civil sin fines de lucro, y buscamos lograr el desarrollo sostenible de las familias campesinas del Per&uacute;; mejorando el desarrollo de sus conocimientos y capacidades, aprovechando sus recursos y potencialidades; para garantizar su seguridad alimentaria familiar, y generar ingresos econ&oacute;micos.</p>	<p>We are a non-profit civil association, and we seek to achieve the sustainable development of rural families in Peru; improving the development of their knowledge and skills, taking advantage of their resources and potential; to ensure your family food security, and generate economic income.</p>
3	<p>Facilitar procesos de desarrollo de capacidades en las zonas rurales con presencia fuerte del campesinado y algunas zonas urbanas, para que estos sean protagonistas de la generaci&oacute;n de riqueza y la construcci&oacute;n de ciudadan&iacute;a en el conjunto de la sociedad de su &aacute;mbito y del pa&iacute;s. El IAA trabaja en alianza con organizaciones sociales del sector rural y urbano, participando, promoviendo y fortaleciendo sus redes, con gobierno local, regional, nacional, entidades internacionales y empresas privadas.</p>	<p>Facilitate capacity development processes in rural areas with strong presence of the peasantry and some urban areas, so that they are protagonists of the generation of wealth and the construction of citizenship in the society as a whole of their area and of the country. The IAA works in partnership with social organizations in the rural and urban sectors, participating, promoting and strengthening their networks, with local, regional, national government, entities International and private companies.</p>
4	<p>Familias campesinas, pobladores rurales y sus l&iacute;deres, logran abrir un proceso de democratizaci&oacute;n de la econom&iacute;a que permite a su vez procesos de inclusi&oacute;n social, cultural y pol&iacute;tica, de car&aacute;cter cualitativamente superior, como resultado de la organizaci&oacute;n y trabajo en red, es decir de los nodos regionales y el nodo laboratorio (Cusco).</p>	<p>Peasant families, rural people and their leaders, manage to open a process of democratization of the economy that allows in turn processes of social, cultural and political inclusion, of a qualitatively superior character, as a result of the organization and networking, that is to say of the regional nodes and the laboratory node (Cusco).</p>
8	<ul>\r\n\t<li>Gesti&oacute;n integral de microcuencas.</li>\r\n\t<li>Altas productividades en peque&ntilde;os espacios.</li>\r\n\t<li>Capacitaci&oacute;n de campesino a campesino.</li>\r\n\t<li>Incidencia.</li>\r\n\t<li>Construcci&oacute;n de mercados y gesti&oacute;n empresarial.</li>\r\n</ul>	<ul>\r\n\t<li>Integral management of microbasins.</li>\r\n\t<li>High productivity in small spaces.</li>\r\n\t<li>Training from farmer to farmer.</li>\r\n\t<li>Political lobbying.</li>\r\n\t<li>Market building and business management.</li>\r\n</ul>
11	<p>Nuestras tecnolog&iacute;as son implementadas considerando un orden de priorizaci&oacute;n que permite un desarrollo sist&eacute;mico e integral del predio familiar.</p>	<p>Our technologies are implemented considering an order of prioritization that allows a systemic and integral development of the family property.</p>
15	<p>La implementaci&oacute;n de tecnolog&iacute;as es uno de los pilares de nuestra propuesta, ya que permiten a las familias campesinas administrar de forma eficiente sus unidades productivas.</p>\r\n\r\n<p><strong>Administrando</strong> las fuentes de agua a trav&eacute;s del riego tecnificado; <strong>mejorarando</strong> la calidad e incrementando los vol&uacute;menes de producci&oacute;n de cultivos y crianza de animales; y <strong>transformando</strong> la materia prima en productos con valor agregado.</p>	<p>The implementation of technologies is one of the pillars of our proposal, since they allow rural families to efficiently manage their productive units.</p>\r\n\r\n<p><strong>Managing</strong> water sources through technified irrigation; <strong>improving</strong> the quality and increasing the volumes of crop production and animal husbandry; and <strong>transforming</strong> the raw material into products with added value.</p>
19	<p>En Sierra Productiva, los conocimientos innovadores y \r\n\tcambios transformadores mediante implementaci&oacute;n de tecnolog&iacute;as, se realiza a trav&eacute;s de la capacitaci&oacute;n de <strong>Campesino a Campesino</strong> \r\n\tconducida por Los Yachachiq, quienes son campesinos l&iacute;deres tecnol&oacute;gicos que capacitan predicando con el ejemplo con el m&eacute;todo <strong>&quot;Aprender \r\n\tHaciendo&quot;</strong>.</p>	<p>In Sierra Productiva, innovative knowledge and transformative changes through the implementation of technologies, is carried out through the training of \r\n\t<strong>peasant to peasant</strong> conducted by the <strong>Yachachiqs</strong>, who are peasant leaders who train by preaching by example with the <strong>&quot;Learn \r\n\tby Making&quot;</strong> method.</p>
20	<p>Los Yachachiq de Sierra Productiva revaloran los saberes \r\n\tandinos y adoptan y adaptan saberes modernos; establecen una relaci&oacute;n cultural sin&eacute;rgica, por ser pares, por comunicarse en lengua materna, \r\n\tpor &quot;interaprender&quot;, por reconocer saberes en el interlocutor capacitado, por provocar un reto emulador mediante una habitual relaci&oacute;n del capacitado que dice: \r\n\t<strong>&quot;Si un campesino como yo lo hace, yo tambi&eacute;n puedo&quot;.</strong></p>	<p>The Yachachiqs of Sierra Productiva revalue Andean knowledge and adopt and adapt modern knowledge; establish a synergistic cultural relationship, for being peers, for \r\n\tcommunicating in the mother tongue, for &quot;interaprender&quot;, for recognizing knowledge in the trained interlocutor, for provoking an emulator challenge through a \r\n\thabitual relationship of the trained person who says: <strong>&quot;If a farmer like me can do it, I can too&quot;</strong>.</p>
23	<table border="1" cellpadding="1" cellspacing="1" style="width:500px">\r\n\t<tbody>\r\n\t\t<tr>\r\n\t\t\t<th scope="row"><img alt="" src="/static/media/ckeditor-images/2022/12/12/icon-entity.png" style="height:100px; width:100px" /></th>\r\n\t\t\t<td>\r\n\t\t\t<p>Instituto para una Alternativa Agraria - I.A.A.</p>\r\n\t\t\t</td>\r\n\t\t</tr>\r\n\t\t<tr>\r\n\t\t\t<th scope="row"><img alt="" src="/static/media/ckeditor-images/2022/12/12/icon-user.png" style="height:100px; width:100px" /></th>\r\n\t\t\t<td>Carlos Paredes Gonz&aacute;les<br />\r\n\t\t\tCoordinador Nacional de Sierra Productiva</td>\r\n\t\t</tr>\r\n\t\t<tr>\r\n\t\t\t<th scope="row"><img alt="" src="/static/media/ckeditor-images/2022/12/12/icon-celphone.png" style="height:100px; width:100px" /></th>\r\n\t\t\t<td>(+51) 995 941343</td>\r\n\t\t</tr>\r\n\t\t<tr>\r\n\t\t\t<th scope="row"><img alt="" src="/static/media/ckeditor-images/2022/12/12/icon-phone.png" style="height:100px; width:100px" /></th>\r\n\t\t\t<td>\r\n\t\t\t<p>(+51 84) 240083</p>\r\n\t\t\t</td>\r\n\t\t</tr>\r\n\t\t<tr>\r\n\t\t\t<th scope="row"><img alt="" src="/static/media/ckeditor-images/2022/12/12/icon-address.png" style="height:100px; width:100px" /></th>\r\n\t\t\t<td>Calle San Agust&iacute;n N&ordm; 385, Cusco, Per&uacute;.</td>\r\n\t\t</tr>\r\n\t\t<tr>\r\n\t\t\t<th scope="row">&nbsp;</th>\r\n\t\t\t<td>\r\n\t\t\t<div class="div-horizontal-icon-list"><a class="link-icon-item" href="https://www.facebook.com/sierraproductivaperu" target="_blank"><img alt="" src="/static/media/ckeditor-images/2022/12/12/icon-facebook.png" style="height:30px; width:30px" /></a> <a class="link-icon-item" href="https://twitter.com/Yachachiqs" target="_blank"><img alt="" src="/static/media/ckeditor-images/2022/12/12/icon-twitter.png" style="height:30px; width:30px" /></a> <a class="link-icon-item" href="https://www.youtube.com/channel/UC2RWPlC3QHA3ItVoLR6ClJw?disable_polymer=true" target="_blank"><img alt="" src="/static/media/ckeditor-images/2022/12/12/icon-youtube.png" style="height:30px; width:30px" /></a></div>\r\n\t\t\t</td>\r\n\t\t</tr>\r\n\t</tbody>\r\n</table>	<table border="1" cellpadding="1" cellspacing="1" style="width:500px">\r\n\t<tbody>\r\n\t\t<tr>\r\n\t\t\t<th scope="row"><img alt="" src="/static/media/ckeditor-images/2022/12/12/icon-entity.png" style="height:100px; width:100px" /></th>\r\n\t\t\t<td>\r\n\t\t\t<p>Instituto para una Alternativa Agraria - I.A.A.</p>\r\n\t\t\t</td>\r\n\t\t</tr>\r\n\t\t<tr>\r\n\t\t\t<th scope="row"><img alt="" src="/static/media/ckeditor-images/2022/12/12/icon-user.png" style="height:100px; width:100px" /></th>\r\n\t\t\t<td>Carlos Paredes Gonz&aacute;les<br />\r\n\t\t\tNational Coordinator of Sierra Productiva</td>\r\n\t\t</tr>\r\n\t\t<tr>\r\n\t\t\t<th scope="row"><img alt="" src="/static/media/ckeditor-images/2022/12/12/icon-celphone.png" style="height:100px; width:100px" /></th>\r\n\t\t\t<td>(+51) 995 941343</td>\r\n\t\t</tr>\r\n\t\t<tr>\r\n\t\t\t<th scope="row"><img alt="" src="/static/media/ckeditor-images/2022/12/12/icon-phone.png" style="height:100px; width:100px" /></th>\r\n\t\t\t<td>(+51 84) 240083</td>\r\n\t\t</tr>\r\n\t\t<tr>\r\n\t\t\t<th scope="row"><img alt="" src="/static/media/ckeditor-images/2022/12/12/icon-address.png" style="height:100px; width:100px" /></th>\r\n\t\t\t<td>San Agust&iacute;n Street N&ordm; 385, Cusco, Per&uacute;.</td>\r\n\t\t</tr>\r\n\t\t<tr>\r\n\t\t\t<th scope="row">&nbsp;</th>\r\n\t\t\t<td>\r\n\t\t\t<div class="div-horizontal-icon-list"><a class="link-icon-item" href="https://www.facebook.com/sierraproductivaperu" target="_blank"><img alt="" src="/static/media/ckeditor-images/2022/12/12/icon-facebook.png" style="height:30px; width:30px" /></a> <a class="link-icon-item" href="https://twitter.com/Yachachiqs" target="_blank"><img alt="" src="/static/media/ckeditor-images/2022/12/12/icon-twitter.png" style="height:30px; width:30px" /></a> <a class="link-icon-item" href="https://www.youtube.com/channel/UC2RWPlC3QHA3ItVoLR6ClJw?disable_polymer=true" target="_blank"><img alt="" src="/static/media/ckeditor-images/2022/12/12/icon-youtube.png" style="height:30px; width:30px" /></a></div>\r\n\t\t\t</td>\r\n\t\t</tr>\r\n\t</tbody>\r\n</table>
\.


--
-- Data for Name: District; Type: TABLE DATA; Schema: public; Owner: dbadmin
--

COPY public."District" (id, name, altitude, modified, province_id, user_id) FROM stdin;
1	COPALLIN	800	2022-12-07 13:43:24.369943+00	1	1
2	ARAMANGO	420	2022-12-07 13:43:25.374271+00	1	1
3	BAGUA	490	2022-12-07 13:43:26.143193+00	1	1
4	EL PARCO	600	2022-12-07 13:43:26.492979+00	1	1
5	IMAZA	357	2022-12-07 13:43:26.740381+00	1	1
6	LA PECA	420	2022-12-07 13:43:26.991031+00	1	1
7	CHISQUILLA	2000	2022-12-07 13:43:27.122425+00	2	1
8	CHURUJA	1372	2022-12-07 13:43:27.173388+00	2	1
9	COROSHA	1970	2022-12-07 13:43:27.211658+00	2	1
10	CUISPES	1690	2022-12-07 13:43:27.251152+00	2	1
11	FLORIDA	2233	2022-12-07 13:43:27.289364+00	2	1
12	JAZAN	1000	2022-12-07 13:43:27.328411+00	2	1
13	JUMBILLA	1935	2022-12-07 13:43:27.367254+00	2	1
14	RECTA	1950	2022-12-07 13:43:27.405079+00	2	1
15	SAN CARLOS	1955	2022-12-07 13:43:27.443593+00	2	1
16	SHIPASBAMBA	1285	2022-12-07 13:43:27.481582+00	2	1
17	VALERA	1934	2022-12-07 13:43:27.521004+00	2	1
18	YAMBRASBAMBA	1903	2022-12-07 13:43:27.570473+00	2	1
19	ASUNCION	2820	2022-12-07 13:43:27.59875+00	3	1
20	BALSAS	854	2022-12-07 13:43:27.637252+00	3	1
21	CHACHAPOYAS	2335	2022-12-07 13:43:27.676255+00	3	1
22	CHETO	2500	2022-12-07 13:43:27.715087+00	3	1
23	CHILIQUIN	2505	2022-12-07 13:43:27.754169+00	3	1
24	CHUQUIBAMBA	3450	2022-12-07 13:43:27.792185+00	3	1
25	GRANADA	3013	2022-12-07 13:43:27.831565+00	3	1
26	HUANCAS	2558	2022-12-07 13:43:27.869831+00	3	1
27	LA JALCA	2891	2022-12-07 13:43:27.935476+00	3	1
28	LEIMEBAMBA	2203	2022-12-07 13:43:27.994199+00	3	1
29	LEVANTO	2400	2022-12-07 13:43:28.033049+00	3	1
30	MAGDALENA	1980	2022-12-07 13:43:28.082762+00	3	1
31	MARISCAL CASTILLA	2600	2022-12-07 13:43:28.118858+00	3	1
32	MOLINOPAMPA	2407	2022-12-07 13:43:28.15706+00	3	1
33	MONTEVIDEO	2500	2022-12-07 13:43:28.195914+00	3	1
34	OLLEROS	1457	2022-12-07 13:43:28.234669+00	3	1
35	QUINJALCA	3065	2022-12-07 13:43:28.274101+00	3	1
36	SAN FRANCISCO DE DAGUAS	2360	2022-12-07 13:43:28.301248+00	3	1
37	SAN ISIDRO DE MAINO	2550	2022-12-07 13:43:28.340378+00	3	1
38	SOLOCO	2400	2022-12-07 13:43:28.367747+00	3	1
39	SONCHE	2450	2022-12-07 13:43:28.406833+00	3	1
40	EL CENEPA	220	2022-12-07 13:43:28.434467+00	4	1
41	NIEVA	230	2022-12-07 13:43:28.473583+00	4	1
42	RIO SANTIAGO	480	2022-12-07 13:43:28.511579+00	4	1
43	CAMPORREDONDO	2000	2022-12-07 13:43:28.55141+00	5	1
44	COCABAMBA	2860	2022-12-07 13:43:28.589748+00	5	1
45	COLCAMAR	2304	2022-12-07 13:43:28.629551+00	5	1
46	CONILA	3250	2022-12-07 13:43:28.667365+00	5	1
47	INGUILPATA	2350	2022-12-07 13:43:28.738889+00	5	1
48	LAMUD	1950	2022-12-07 13:43:28.788088+00	5	1
49	LONGUITA	2513	2022-12-07 13:43:28.82689+00	5	1
50	LONYA CHICO	2200	2022-12-07 13:43:28.865809+00	5	1
51	LUYA	1713	2022-12-07 13:43:28.904465+00	5	1
52	LUYA VIEJO	2820	2022-12-07 13:43:28.944018+00	5	1
53	MARIA	3225	2022-12-07 13:43:28.981691+00	5	1
54	OCALLI	1954	2022-12-07 13:43:29.020947+00	5	1
55	OCUMAL	2157	2022-12-07 13:43:29.048836+00	5	1
56	PISUQUIA	3180	2022-12-07 13:43:29.087664+00	5	1
57	PROVIDENCIA	2025	2022-12-07 13:43:29.114976+00	5	1
58	SAN CRISTOBAL	2600	2022-12-07 13:43:29.154488+00	5	1
59	SAN FRANCISCO DEL YESO	2050	2022-12-07 13:43:29.180942+00	5	1
60	SAN JERONIMO	1500	2022-12-07 13:43:29.220772+00	5	1
61	SAN JUAN DE LOPECANCHA	1900	2022-12-07 13:43:29.247846+00	5	1
62	SANTA CATALINA	2000	2022-12-07 13:43:29.293184+00	5	1
63	SANTO TOMAS	2091	2022-12-07 13:43:29.395029+00	5	1
64	TINGO	1775	2022-12-07 13:43:29.425245+00	5	1
65	TRITA	2884	2022-12-07 13:43:29.464104+00	5	1
66	CHIRIMOTO	1888	2022-12-07 13:43:29.502557+00	6	1
67	COCHAMAL	1620	2022-12-07 13:43:29.541337+00	6	1
68	HUAMBO	1630	2022-12-07 13:43:29.608778+00	6	1
69	LIMABAMBA	1560	2022-12-07 13:43:29.646419+00	6	1
70	LONGAR	1800	2022-12-07 13:43:29.685467+00	6	1
71	MARISCAL BENAVIDES	1700	2022-12-07 13:43:29.723992+00	6	1
72	MILPUC	1552	2022-12-07 13:43:29.76318+00	6	1
73	OMIA	1300	2022-12-07 13:43:29.801401+00	6	1
74	SAN NICOLAS	2000	2022-12-07 13:43:29.841348+00	6	1
75	SANTA ROSA	1640	2022-12-07 13:43:29.879253+00	6	1
76	TOTORA	1560	2022-12-07 13:43:29.90693+00	6	1
77	VISTA ALEGRE	1900	2022-12-07 13:43:29.945498+00	6	1
78	BAGUA GRANDE	440	2022-12-07 13:43:29.972752+00	7	1
79	CAJARURO	550	2022-12-07 13:43:30.308836+00	7	1
80	CUMBA	504	2022-12-07 13:43:30.369455+00	7	1
81	EL MILAGRO	396	2022-12-07 13:43:30.408522+00	7	1
82	JAMALCA	1201	2022-12-07 13:43:30.446837+00	7	1
83	LONYA GRANDE	900	2022-12-07 13:43:30.486055+00	7	1
84	YAMON	1022	2022-12-07 13:43:30.536096+00	7	1
85	AIJA	3363	2022-12-07 13:43:30.574526+00	8	1
86	CORIS	2890	2022-12-07 13:43:30.612837+00	8	1
87	HUACLLAN	2986	2022-12-07 13:43:30.705241+00	8	1
88	LA MERCED	3272	2022-12-07 13:43:30.735268+00	8	1
89	SUCCHA	3129	2022-12-07 13:43:30.774244+00	8	1
90	ACZO	2661	2022-12-07 13:43:30.812455+00	9	1
91	CHACCHO	3329	2022-12-07 13:43:30.852169+00	9	1
92	CHINGAS	2854	2022-12-07 13:43:30.889776+00	9	1
93	LLAMELLIN	3384	2022-12-07 13:43:30.929426+00	9	1
94	MIRGAS	3175	2022-12-07 13:43:30.967767+00	9	1
95	SAN JUAN DE RONTOY	3525	2022-12-07 13:43:31.006477+00	9	1
96	ACOCHACA	3350	2022-12-07 13:43:31.045103+00	10	1
97	CHACAS	3359	2022-12-07 13:43:31.085153+00	10	1
98	ABELARDO PARDO LEZAMETA	2096	2022-12-07 13:43:31.122275+00	11	1
99	ANTONIO RAYMONDI	2162	2022-12-07 13:43:31.160946+00	11	1
100	AQUIA	3337	2022-12-07 13:43:31.199647+00	11	1
101	CAJACAY	299	2022-12-07 13:43:31.238731+00	11	1
102	CANIS	2460	2022-12-07 13:43:31.276883+00	11	1
103	CHIQUIAN	3374	2022-12-07 13:43:31.316286+00	11	1
104	COLQUIOC	743	2022-12-07 13:43:31.354364+00	11	1
105	HUALLANCA	3536	2022-12-07 13:43:31.39408+00	11	1
106	HUASTA	3385	2022-12-07 13:43:31.4323+00	11	1
107	HUAYLLACAYAN	3256	2022-12-07 13:43:31.470781+00	11	1
108	LA PRIMAVERA	2644	2022-12-07 13:43:31.509351+00	11	1
109	MANGAS	3459	2022-12-07 13:43:31.548953+00	11	1
110	PACLLON	3292	2022-12-07 13:43:31.586964+00	11	1
111	SAN MIGUEL DE CORPANQUI	3379	2022-12-07 13:43:32.029167+00	11	1
112	TICLLOS	2655	2022-12-07 13:43:32.067856+00	11	1
113	ACOPAMPA	2725	2022-12-07 13:43:32.0957+00	12	1
114	AMASHCA	2850	2022-12-07 13:43:32.134296+00	12	1
115	ANTA	2791	2022-12-07 13:43:32.278203+00	12	1
116	ATAQUERO	2719	2022-12-07 13:43:32.321645+00	12	1
117	CARHUAZ	2638	2022-12-07 13:43:32.360825+00	12	1
118	MARCARA	2726	2022-12-07 13:43:32.398908+00	12	1
119	PARIAHUANCA	2811	2022-12-07 13:43:32.438386+00	12	1
120	SAN MIGUEL DE ACO	2925	2022-12-07 13:43:32.476637+00	12	1
121	SHILLA	3910	2022-12-07 13:43:32.516046+00	12	1
122	TINCO	2588	2022-12-07 13:43:32.554088+00	12	1
123	YUNGAR	2828	2022-12-07 13:43:32.59339+00	12	1
124	SAN LUIS	3131	2022-12-07 13:43:32.63192+00	13	1
125	SAN NICOLAS	2875	2022-12-07 13:43:32.67066+00	13	1
126	YAUYA	3250	2022-12-07 13:43:32.709039+00	13	1
127	BUENA VISTA ALTA	216	2022-12-07 13:43:32.748253+00	14	1
128	CASMA	39	2022-12-07 13:43:32.786728+00	14	1
129	COMANDANTE NOEL	12	2022-12-07 13:43:32.825723+00	14	1
130	YAUTAN	809	2022-12-07 13:43:32.852695+00	14	1
131	ACO	3150	2022-12-07 13:43:32.903213+00	15	1
132	BAMBAS	3975	2022-12-07 13:43:32.930585+00	15	1
133	CORONGO	3141	2022-12-07 13:43:32.970154+00	15	1
134	CUSCA	3242	2022-12-07 13:43:32.997177+00	15	1
135	LA PAMPA	1788	2022-12-07 13:43:33.038623+00	15	1
136	YANAC	2860	2022-12-07 13:43:33.097086+00	15	1
137	YUPAN	2734	2022-12-07 13:43:33.150866+00	15	1
138	COCHABAMBA	2105	2022-12-07 13:43:33.189669+00	16	1
139	COLCABAMBA	3136	2022-12-07 13:43:33.239326+00	16	1
140	HUANCHAY	2591	2022-12-07 13:43:33.280188+00	16	1
141	HUARAZ	3052	2022-12-07 13:43:33.328425+00	16	1
142	INDEPENDENCIA	3038	2022-12-07 13:43:33.389233+00	16	1
143	JANGAS	2825	2022-12-07 13:43:33.43655+00	16	1
144	LA LIBERTAD	3300	2022-12-07 13:43:33.480191+00	16	1
145	OLLEROS	3425	2022-12-07 13:43:33.524606+00	16	1
146	PAMPAS	3699	2022-12-07 13:43:33.569256+00	16	1
147	PARIACOTO	1239	2022-12-07 13:43:33.61392+00	16	1
148	PIRA	3570	2022-12-07 13:43:33.65081+00	16	1
149	TARICA	2802	2022-12-07 13:43:33.693647+00	16	1
150	ANRA	3172	2022-12-07 13:43:33.746303+00	17	1
151	CAJAY	3050	2022-12-07 13:43:33.78778+00	17	1
152	CHAVIN DE HUANTAR	3137	2022-12-07 13:43:33.827474+00	17	1
153	HUACACHI	3509	2022-12-07 13:43:33.867405+00	17	1
154	HUACCHIS	3491	2022-12-07 13:43:33.915085+00	17	1
155	HUACHIS	3268	2022-12-07 13:43:33.955643+00	17	1
156	HUANTAR	3354	2022-12-07 13:43:34.001518+00	17	1
157	HUARI	3149	2022-12-07 13:43:34.036431+00	17	1
158	MASIN	2550	2022-12-07 13:43:34.08683+00	17	1
159	PAUCAS	3421	2022-12-07 13:43:34.119936+00	17	1
160	PONTO	3140	2022-12-07 13:43:34.159328+00	17	1
161	RAHUAPAMPA	2550	2022-12-07 13:43:34.197828+00	17	1
162	RAPAYAN	3238	2022-12-07 13:43:34.236914+00	17	1
163	SAN MARCOS	2964	2022-12-07 13:43:34.275664+00	17	1
164	SAN PEDRO DE CHANA	3413	2022-12-07 13:43:34.314871+00	17	1
165	UCO	3336	2022-12-07 13:43:34.387404+00	17	1
166	COCHAPETI	3498	2022-12-07 13:43:34.424894+00	18	1
167	CULEBRAS	15	2022-12-07 13:43:34.463377+00	18	1
168	HUARMEY	17	2022-12-07 13:43:34.502771+00	18	1
169	HUAYAN	2706	2022-12-07 13:43:34.542627+00	18	1
170	MALVAS	3106	2022-12-07 13:43:34.618543+00	18	1
171	CARAZ	2256	2022-12-07 13:43:34.751255+00	19	1
172	HUALLANCA	1377	2022-12-07 13:43:34.889597+00	19	1
173	HUATA	2736	2022-12-07 13:43:34.932475+00	19	1
174	HUAYLAS	2721	2022-12-07 13:43:34.981689+00	19	1
175	MATO	2185	2022-12-07 13:43:35.010864+00	19	1
176	PAMPAROMAS	2765	2022-12-07 13:43:35.049038+00	19	1
177	PUEBLO LIBRE	2492	2022-12-07 13:43:35.095885+00	19	1
178	SANTA CRUZ	2900	2022-12-07 13:43:35.186424+00	19	1
179	SANTO TORIBIO	2860	2022-12-07 13:43:35.293915+00	19	1
180	YURACMARCA	1417	2022-12-07 13:43:35.337885+00	19	1
181	CASCA	3132	2022-12-07 13:43:35.376519+00	20	1
182	ELEAZAR GUZMAN BARRON	2950	2022-12-07 13:43:35.413937+00	20	1
183	FIDEL OLIVAS ESCUDERO	2650	2022-12-07 13:43:35.455296+00	20	1
184	LLAMA	2821	2022-12-07 13:43:35.505193+00	20	1
185	LLUMPA	3200	2022-12-07 13:43:35.542468+00	20	1
186	LUCMA	3083	2022-12-07 13:43:35.612964+00	20	1
187	MUSGA	2970	2022-12-07 13:43:35.652595+00	20	1
188	PISCOBAMBA	3281	2022-12-07 13:43:35.7039+00	20	1
189	ACAS	3689	2022-12-07 13:43:35.742184+00	21	1
190	CAJAMARQUILLA	3514	2022-12-07 13:43:35.77917+00	21	1
191	CARHUAPAMPA	2228	2022-12-07 13:43:35.81889+00	21	1
192	COCHAS	450	2022-12-07 13:43:35.858115+00	21	1
193	CONGAS	3055	2022-12-07 13:43:35.909695+00	21	1
194	LLIPA	3020	2022-12-07 13:43:35.949089+00	21	1
195	OCROS	3230	2022-12-07 13:43:35.994802+00	21	1
196	SAN CRISTOBAL DE RAJAN	3605	2022-12-07 13:43:36.034791+00	21	1
197	SAN PEDRO	2219	2022-12-07 13:43:36.07218+00	21	1
198	SANTIAGO DE CHILCAS	3657	2022-12-07 13:43:36.11402+00	21	1
199	BOLOGNESI	2880	2022-12-07 13:43:36.187043+00	22	1
200	CABANA	3224	2022-12-07 13:43:36.224061+00	22	1
201	CONCHUCOS	3180	2022-12-07 13:43:36.270766+00	22	1
202	HUACASCHUQUE	3100	2022-12-07 13:43:36.337082+00	22	1
203	HUANDOVAL	3035	2022-12-07 13:43:36.387652+00	22	1
204	LACABAMBA	3329	2022-12-07 13:43:36.426333+00	22	1
205	LLAPO	3480	2022-12-07 13:43:36.465676+00	22	1
206	PALLASCA	3131	2022-12-07 13:43:36.504228+00	22	1
207	PAMPAS	3190	2022-12-07 13:43:36.559424+00	22	1
208	SANTA ROSA	2370	2022-12-07 13:43:36.597986+00	22	1
209	TAUCA	3367	2022-12-07 13:43:36.636683+00	22	1
210	HUAYLLAN	3000	2022-12-07 13:43:36.6756+00	23	1
211	PAROBAMBA	3185	2022-12-07 13:43:36.725521+00	23	1
212	POMABAMBA	2848	2022-12-07 13:43:36.764042+00	23	1
213	QUINUABAMBA	3108	2022-12-07 13:43:36.803889+00	23	1
214	CATAC	3566	2022-12-07 13:43:36.841397+00	24	1
215	COTAPARACO	3008	2022-12-07 13:43:36.881014+00	24	1
216	HUAYLLAPAMPA	2889	2022-12-07 13:43:36.919213+00	24	1
217	LLACLLIN	3008	2022-12-07 13:43:36.957856+00	24	1
218	MARCA	2644	2022-12-07 13:43:37.01393+00	24	1
219	PAMPAS CHICO	3505	2022-12-07 13:43:37.052416+00	24	1
220	PARARIN	3383	2022-12-07 13:43:37.091078+00	24	1
221	RECUAY	3394	2022-12-07 13:43:37.130217+00	24	1
222	TAPACOCHA	3608	2022-12-07 13:43:37.1673+00	24	1
223	TICAPAMPA	3456	2022-12-07 13:43:37.205446+00	24	1
224	CACERES DEL PERU	1203	2022-12-07 13:43:37.245076+00	25	1
225	CHIMBOTE	4	2022-12-07 13:43:37.283136+00	25	1
226	COISHCO	15	2022-12-07 13:43:37.32232+00	25	1
227	MACATE	2712	2022-12-07 13:43:37.360803+00	25	1
228	MORO	426	2022-12-07 13:43:37.400141+00	25	1
229	NEPEÑA	138	2022-12-07 13:43:37.427449+00	25	1
230	NUEVO CHIMBOTE	145	2022-12-07 13:43:37.466683+00	25	1
231	SAMANCO	54	2022-12-07 13:43:37.513479+00	25	1
232	SANTA	6	2022-12-07 13:43:37.544687+00	25	1
233	ACOBAMBA	3140	2022-12-07 13:43:37.582726+00	26	1
234	ALFONSO UGARTE	3205	2022-12-07 13:43:37.621693+00	26	1
235	CASHAPAMPA	3425	2022-12-07 13:43:37.670782+00	26	1
236	CHINGALPO	3128	2022-12-07 13:43:37.710609+00	26	1
237	HUAYLLABAMBA	3318	2022-12-07 13:43:37.748638+00	26	1
238	QUICHES	3012	2022-12-07 13:43:37.788302+00	26	1
239	RAGASH	3500	2022-12-07 13:43:37.826886+00	26	1
240	SAN JUAN	2725	2022-12-07 13:43:37.865075+00	26	1
241	SICSIBAMBA	3120	2022-12-07 13:43:37.903987+00	26	1
242	SIHUAS	2716	2022-12-07 13:43:37.942808+00	26	1
243	CASCAPARA	2725	2022-12-07 13:43:37.993084+00	27	1
244	MANCOS	2507	2022-12-07 13:43:38.031402+00	27	1
245	MATACOTO	2500	2022-12-07 13:43:38.070231+00	27	1
246	QUILLO	1552	2022-12-07 13:43:38.109121+00	27	1
247	RANRAHIRCA	2475	2022-12-07 13:43:38.169517+00	27	1
248	SHUPLUY	2538	2022-12-07 13:43:38.229861+00	27	1
249	YANAMA	3375	2022-12-07 13:43:38.284968+00	27	1
250	YUNGAY	2458	2022-12-07 13:43:38.324421+00	27	1
251	ABANCAY	2378	2022-12-07 13:43:38.362124+00	28	1
252	CHACOCHE	3433	2022-12-07 13:43:38.401114+00	28	1
253	CIRCA	3120	2022-12-07 13:43:38.428923+00	28	1
254	CURAHUASI	2688	2022-12-07 13:43:38.467917+00	28	1
255	HUANIPACA	3340	2022-12-07 13:43:38.50643+00	28	1
256	LAMBRAMA	3111	2022-12-07 13:43:38.545569+00	28	1
257	PICHIRHUA	2726	2022-12-07 13:43:38.584057+00	28	1
258	SAN PEDRO DE CACHORA	2903	2022-12-07 13:43:38.623237+00	28	1
259	TAMBURCO	2581	2022-12-07 13:43:38.662193+00	28	1
260	ANDAHUAYLAS	2926	2022-12-07 13:43:38.700462+00	29	1
261	ANDARAPA	2935	2022-12-07 13:43:38.73875+00	29	1
262	CHIARA	3270	2022-12-07 13:43:38.7788+00	29	1
263	HUANCARAMA	2965	2022-12-07 13:43:38.817062+00	29	1
264	HUANCARAY	2902	2022-12-07 13:43:38.85754+00	29	1
265	HUAYANA	3170	2022-12-07 13:43:38.895231+00	29	1
266	KAQUIABAMBA	3116	2022-12-07 13:43:38.934376+00	29	1
267	KISHUARA	3665	2022-12-07 13:43:38.972991+00	29	1
268	PACOBAMBA	2720	2022-12-07 13:43:39.023015+00	29	1
269	PACUCHA	3125	2022-12-07 13:43:39.061113+00	29	1
270	PAMPACHIRI	3362	2022-12-07 13:43:39.100304+00	29	1
271	POMACOCHA	3643	2022-12-07 13:43:39.139028+00	29	1
272	SAN ANTONIO DE CACHI	3250	2022-12-07 13:43:39.176803+00	29	1
273	SAN JERONIMO	2944	2022-12-07 13:43:39.216367+00	29	1
274	SAN MIGUEL DE CHACCRAMPA	3650	2022-12-07 13:43:39.255139+00	29	1
275	SANTA MARIA DE CHICMO	3262	2022-12-07 13:43:39.292849+00	29	1
276	TALAVERA	2820	2022-12-07 13:43:39.330822+00	29	1
277	TUMAY HUARACA	3369	2022-12-07 13:43:39.370113+00	29	1
278	TURPO	3297	2022-12-07 13:43:39.408508+00	29	1
279	ANTABAMBA	3636	2022-12-07 13:43:39.447574+00	30	1
280	EL ORO	3280	2022-12-07 13:43:39.485879+00	30	1
281	HUAQUIRCA	3480	2022-12-07 13:43:39.525146+00	30	1
282	JUAN ESPINOZA MEDRANO	3229	2022-12-07 13:43:39.563892+00	30	1
283	OROPESA	3310	2022-12-07 13:43:39.630431+00	30	1
284	PACHACONAS	3438	2022-12-07 13:43:39.691499+00	30	1
285	SABAINO	3433	2022-12-07 13:43:39.729957+00	30	1
286	CAPAYA	3290	2022-12-07 13:43:39.769912+00	31	1
287	CARAYBAMBA	3310	2022-12-07 13:43:39.807325+00	31	1
288	CHALHUANCA	2888	2022-12-07 13:43:39.846676+00	31	1
289	CHAPIMARCA	3414	2022-12-07 13:43:39.884892+00	31	1
290	COLCABAMBA	3360	2022-12-07 13:43:39.923979+00	31	1
291	COTARUSE	3248	2022-12-07 13:43:39.984638+00	31	1
292	HUAYLLO	3139	2022-12-07 13:43:40.023704+00	31	1
293	JUSTO APU SAHUARAURA	3150	2022-12-07 13:43:40.061896+00	31	1
294	LUCRE	2800	2022-12-07 13:43:40.117666+00	31	1
295	POCOHUANCA	3180	2022-12-07 13:43:40.156506+00	31	1
296	SAN JUAN DE CHACÑA	2854	2022-12-07 13:43:40.195164+00	31	1
297	SAÑAYCA	3370	2022-12-07 13:43:40.235065+00	31	1
298	SORAYA	2870	2022-12-07 13:43:40.272675+00	31	1
299	TAPAIRIHUA	2820	2022-12-07 13:43:40.312207+00	31	1
300	TINTAY	2772	2022-12-07 13:43:40.349833+00	31	1
301	TORAYA	3146	2022-12-07 13:43:40.388959+00	31	1
302	YANACA	3340	2022-12-07 13:43:40.427143+00	31	1
303	ANCO-HUALLO	3204	2022-12-07 13:43:40.78267+00	32	1
304	CHINCHEROS	2772	2022-12-07 13:43:40.87115+00	32	1
305	COCHARCAS	3030	2022-12-07 13:43:40.949252+00	32	1
306	HUACCANA	3075	2022-12-07 13:43:41.404856+00	32	1
307	OCOBAMBA	3006	2022-12-07 13:43:41.550401+00	32	1
308	ONGOY	2768	2022-12-07 13:43:41.699111+00	32	1
309	RANRACANCHA	3400	2022-12-07 13:43:41.868442+00	32	1
310	URANMARCA	3100	2022-12-07 13:43:42.02987+00	32	1
311	CHALLHUAHUACHO	3698	2022-12-07 13:43:42.165126+00	33	1
312	COTABAMBAS	3425	2022-12-07 13:43:42.203151+00	33	1
313	COYLLURQUI	3165	2022-12-07 13:43:42.241469+00	33	1
314	HAQUIRA	3671	2022-12-07 13:43:42.280467+00	33	1
315	MARA	3770	2022-12-07 13:43:42.319181+00	33	1
316	TAMBOBAMBA	3250	2022-12-07 13:43:42.358227+00	33	1
317	CHUQUIBAMBILLA	3320	2022-12-07 13:43:42.385554+00	34	1
318	CURASCO	3460	2022-12-07 13:43:42.425027+00	34	1
319	CURPAHUASI	3438	2022-12-07 13:43:42.452329+00	34	1
320	GAMARRA	3445	2022-12-07 13:43:42.50793+00	34	1
321	HUAYLLATI	3481	2022-12-07 13:43:42.546966+00	34	1
322	MAMARA	3590	2022-12-07 13:43:42.585742+00	34	1
323	MICAELA BASTIDAS	3508	2022-12-07 13:43:42.624598+00	34	1
324	PATAYPAMPA	3952	2022-12-07 13:43:42.662923+00	34	1
325	PROGRESO	3850	2022-12-07 13:43:42.701906+00	34	1
326	SAN ANTONIO	3451	2022-12-07 13:43:42.740544+00	34	1
327	SANTA ROSA	3550	2022-12-07 13:43:42.780144+00	34	1
328	TURPAY	3440	2022-12-07 13:43:42.81807+00	34	1
329	VILCABAMBA	2780	2022-12-07 13:43:42.857359+00	34	1
330	VIRUNDO	3845	2022-12-07 13:43:42.895587+00	34	1
331	ALTO SELVA ALEGRE	2500	2022-12-07 13:43:42.935211+00	35	1
332	AREQUIPA	2335	2022-12-07 13:43:42.973896+00	35	1
333	CAYMA	2616	2022-12-07 13:43:43.011419+00	35	1
334	CERRO COLORADO	2398	2022-12-07 13:43:43.051018+00	35	1
335	CHARACATO	2480	2022-12-07 13:43:43.089291+00	35	1
336	CHIGUATA	2960	2022-12-07 13:43:43.12921+00	35	1
337	JACOBO HUNTER	2250	2022-12-07 13:43:43.166873+00	35	1
338	JOSE LUIS BUSTAMANTE Y RIVERO	2310	2022-12-07 13:43:43.20632+00	35	1
339	LA JOYA	1270	2022-12-07 13:43:43.233886+00	35	1
340	MARIANO MELGAR	2335	2022-12-07 13:43:43.272569+00	35	1
341	MIRAFLORES	2430	2022-12-07 13:43:43.311937+00	35	1
342	MOLLEBAYA	2483	2022-12-07 13:43:43.349704+00	35	1
343	PAUCARPATA	2405	2022-12-07 13:43:43.38765+00	35	1
344	POCSI	3047	2022-12-07 13:43:43.427226+00	35	1
345	POLOBAYA	3091	2022-12-07 13:43:43.465266+00	35	1
346	QUEQUEÑA	2550	2022-12-07 13:43:43.504711+00	35	1
347	SABANDIA	2390	2022-12-07 13:43:43.543786+00	35	1
348	SACHACA	2240	2022-12-07 13:43:43.582496+00	35	1
349	SAN JUAN DE SIGUAS	1152	2022-12-07 13:43:43.62106+00	35	1
350	SAN JUAN DE TARUCANI	4210	2022-12-07 13:43:43.660033+00	35	1
351	SANTA ISABEL DE SIGUAS	1360	2022-12-07 13:43:43.698318+00	35	1
352	SANTA RITA DE SIGUAS	1268	2022-12-07 13:43:43.737697+00	35	1
353	SOCABAYA	2300	2022-12-07 13:43:43.775752+00	35	1
354	TIABAYA	2178	2022-12-07 13:43:43.814563+00	35	1
355	UCHUMAYO	1950	2022-12-07 13:43:43.852674+00	35	1
356	VITOR	1620	2022-12-07 13:43:43.892075+00	35	1
357	YANAHUARA	2390	2022-12-07 13:43:43.930513+00	35	1
358	YARABAMBA	2460	2022-12-07 13:43:43.970123+00	35	1
359	YURA	2590	2022-12-07 13:43:44.008212+00	35	1
360	CAMANA	12	2022-12-07 13:43:44.047263+00	36	1
361	JOSE MARIA QUIMPER	22	2022-12-07 13:43:44.085702+00	36	1
362	MARIANO NICOLAS VALCARCEL	338	2022-12-07 13:43:44.124818+00	36	1
363	MARISCAL CACERES	16	2022-12-07 13:43:44.163112+00	36	1
364	NICOLAS DE PIEROLA	15	2022-12-07 13:43:44.19134+00	36	1
365	OCOÑA	14	2022-12-07 13:43:44.229697+00	36	1
366	QUILCA	82	2022-12-07 13:43:44.267791+00	36	1
367	SAMUEL PASTOR	26	2022-12-07 13:43:44.307584+00	36	1
368	ACARI	163	2022-12-07 13:43:44.345542+00	37	1
369	ATICO	75	2022-12-07 13:43:44.384641+00	37	1
370	ATIQUIPA	325	2022-12-07 13:43:44.423534+00	37	1
371	BELLA UNION	225	2022-12-07 13:43:44.462052+00	37	1
372	CAHUACHO	3340	2022-12-07 13:43:44.500549+00	37	1
373	CARAVELI	1779	2022-12-07 13:43:44.540166+00	37	1
374	CHALA	18	2022-12-07 13:43:44.578255+00	37	1
375	CHAPARRA	600	2022-12-07 13:43:44.656796+00	37	1
376	HUANUHUANU	948	2022-12-07 13:43:44.705902+00	37	1
377	JAQUI	295	2022-12-07 13:43:44.744263+00	37	1
378	LOMAS	18	2022-12-07 13:43:44.78345+00	37	1
379	QUICACHA	1820	2022-12-07 13:43:44.822445+00	37	1
380	YAUCA	22	2022-12-07 13:43:44.86118+00	37	1
381	ANDAGUA	3587	2022-12-07 13:43:44.899551+00	38	1
382	APLAO	617	2022-12-07 13:43:44.938689+00	38	1
383	AYO	1956	2022-12-07 13:43:44.976624+00	38	1
384	CHACHAS	3055	2022-12-07 13:43:45.0154+00	38	1
385	CHILCAYMARCA	3850	2022-12-07 13:43:45.054275+00	38	1
386	CHOCO	2473	2022-12-07 13:43:45.092872+00	38	1
387	HUANCARQUI	610	2022-12-07 13:43:45.131334+00	38	1
388	MACHAGUAY	3150	2022-12-07 13:43:45.171068+00	38	1
389	ORCOPAMPA	3779	2022-12-07 13:43:45.209093+00	38	1
390	PAMPACOLCA	2950	2022-12-07 13:43:45.24854+00	38	1
391	TIPAN	1913	2022-12-07 13:43:45.28644+00	38	1
392	UÑON	2782	2022-12-07 13:43:45.325861+00	38	1
393	URACA	429	2022-12-07 13:43:45.364607+00	38	1
394	VIRACO	3215	2022-12-07 13:43:45.403355+00	38	1
395	ACHOMA	3450	2022-12-07 13:43:45.4418+00	39	1
396	CABANACONDE	3287	2022-12-07 13:43:45.480915+00	39	1
397	CALLALLI	3867	2022-12-07 13:43:45.519909+00	39	1
398	CAYLLOMA	4310	2022-12-07 13:43:45.55834+00	39	1
399	CHIVAY	3635	2022-12-07 13:43:45.596648+00	39	1
400	COPORAQUE	3575	2022-12-07 13:43:45.727631+00	39	1
401	HUAMBO	3332	2022-12-07 13:43:45.773825+00	39	1
402	HUANCA	3080	2022-12-07 13:43:45.812086+00	39	1
403	ICHUPAMPA	3400	2022-12-07 13:43:45.852579+00	39	1
404	LARI	3330	2022-12-07 13:43:45.889666+00	39	1
405	LLUTA	3000	2022-12-07 13:43:45.928915+00	39	1
406	MACA	3280	2022-12-07 13:43:45.967756+00	39	1
407	MADRIGAL	3275	2022-12-07 13:43:46.006156+00	39	1
408	MAJES	1420	2022-12-07 13:43:46.044677+00	39	1
409	SAN ANTONIO DE CHUCA	4525	2022-12-07 13:43:46.084255+00	39	1
410	SIBAYO	3810	2022-12-07 13:43:46.12175+00	39	1
411	TAPAY	2975	2022-12-07 13:43:46.160912+00	39	1
412	TISCO	4188	2022-12-07 13:43:46.199974+00	39	1
413	TUTI	3790	2022-12-07 13:43:46.238227+00	39	1
414	YANQUE	3417	2022-12-07 13:43:46.276037+00	39	1
415	ANDARAY	3050	2022-12-07 13:43:46.316334+00	40	1
416	CAYARANI	3920	2022-12-07 13:43:46.3541+00	40	1
417	CHICHAS	2120	2022-12-07 13:43:46.393471+00	40	1
418	CHUQUIBAMBA	2945	2022-12-07 13:43:46.4319+00	40	1
419	IRAY	2400	2022-12-07 13:43:46.47107+00	40	1
420	RIO GRANDE	505	2022-12-07 13:43:46.498885+00	40	1
421	SALAMANCA	3203	2022-12-07 13:43:46.53709+00	40	1
422	YANAQUIHUA	3000	2022-12-07 13:43:46.565729+00	40	1
423	COCACHACRA	73	2022-12-07 13:43:46.603949+00	41	1
424	DEAN VALDIVIA	13	2022-12-07 13:43:46.631607+00	41	1
425	ISLAY	100	2022-12-07 13:43:46.671297+00	41	1
426	MEJIA	31	2022-12-07 13:43:46.708524+00	41	1
427	MOLLENDO	90	2022-12-07 13:43:46.748297+00	41	1
428	PUNTA DE BOMBON	9	2022-12-07 13:43:46.786173+00	41	1
429	ALCA	2750	2022-12-07 13:43:46.825314+00	42	1
430	CHARCANA	3417	2022-12-07 13:43:46.864386+00	42	1
431	COTAHUASI	2683	2022-12-07 13:43:46.902919+00	42	1
432	HUAYNACOTAS	2590	2022-12-07 13:43:46.940831+00	42	1
433	PAMPAMARCA	2600	2022-12-07 13:43:46.980264+00	42	1
434	PUYCA	3658	2022-12-07 13:43:47.01861+00	42	1
435	QUECHUALLA	1980	2022-12-07 13:43:47.056862+00	42	1
436	SAYLA	3534	2022-12-07 13:43:47.09658+00	42	1
437	TAURIA	2900	2022-12-07 13:43:47.134601+00	42	1
438	TOMEPAMPA	2590	2022-12-07 13:43:47.173679+00	42	1
439	TORO	2964	2022-12-07 13:43:47.212313+00	42	1
440	CANGALLO	2577	2022-12-07 13:43:47.251142+00	43	1
441	CHUSCHI	3141	2022-12-07 13:43:47.300457+00	43	1
442	LOS MOROCHUCOS	3330	2022-12-07 13:43:47.33982+00	43	1
443	MARIA PARADO DE BELLIDO	3236	2022-12-07 13:43:47.367101+00	43	1
444	PARAS	3330	2022-12-07 13:43:47.405705+00	43	1
445	TOTOS	3286	2022-12-07 13:43:47.433391+00	43	1
446	ACOCRO	3247	2022-12-07 13:43:47.472476+00	44	1
447	ACOS VINCHOS	2848	2022-12-07 13:43:47.499745+00	44	1
448	ANDRES AVELINO CACERES DORREGARAY	2726	2022-12-07 13:43:47.539214+00	44	1
449	AYACUCHO	2746	2022-12-07 13:43:47.566459+00	44	1
450	CARMEN ALTO	2800	2022-12-07 13:43:47.605651+00	44	1
451	CHIARA	3527	2022-12-07 13:43:47.644295+00	44	1
452	JESUS NAZARENO	2780	2022-12-07 13:43:47.683177+00	44	1
453	OCROS	3125	2022-12-07 13:43:47.721928+00	44	1
454	PACAYCASA	2535	2022-12-07 13:43:47.761771+00	44	1
455	QUINUA	3396	2022-12-07 13:43:47.798994+00	44	1
456	SAN JOSE DE TICLLAS	3268	2022-12-07 13:43:47.838604+00	44	1
457	SAN JUAN BAUTISTA	2800	2022-12-07 13:43:47.877499+00	44	1
458	SANTIAGO DE PISCHA	3188	2022-12-07 13:43:47.91617+00	44	1
459	SOCOS	3400	2022-12-07 13:43:47.954873+00	44	1
460	TAMBILLO	3080	2022-12-07 13:43:47.994489+00	44	1
461	VINCHOS	3150	2022-12-07 13:43:48.032059+00	44	1
462	CARAPO	3188	2022-12-07 13:43:48.071359+00	45	1
463	SACSAMARCA	3470	2022-12-07 13:43:48.109981+00	45	1
464	SANCOS	3408	2022-12-07 13:43:48.13778+00	45	1
465	SANTIAGO DE LUCANAMARCA	3489	2022-12-07 13:43:48.176578+00	45	1
466	AYAHUANCO	3414	2022-12-07 13:43:48.214621+00	46	1
467	CANAYRE	511	2022-12-07 13:43:48.254627+00	46	1
468	CHACA	3382	2022-12-07 13:43:48.314365+00	46	1
469	HUAMANGUILLA	3276	2022-12-07 13:43:48.352946+00	46	1
470	HUANTA	2628	2022-12-07 13:43:48.41293+00	46	1
471	IGUAIN	3025	2022-12-07 13:43:48.452283+00	46	1
472	LLOCHEGUA	330	2022-12-07 13:43:48.491015+00	46	1
473	LURICOCHA	2580	2022-12-07 13:43:48.529944+00	46	1
474	PUCACOLPA	3483	2022-12-07 13:43:48.567953+00	46	1
475	SANTILLANA	3262	2022-12-07 13:43:48.607776+00	46	1
476	SIVIA	350	2022-12-07 13:43:48.645819+00	46	1
477	UCHURACCAY	4012	2022-12-07 13:43:48.695708+00	46	1
478	ANCHIHUAY	689	2022-12-07 13:43:48.734514+00	47	1
479	ANCO	3215	2022-12-07 13:43:48.773853+00	47	1
480	AYNA	470	2022-12-07 13:43:48.811747+00	47	1
481	CHILCAS	3220	2022-12-07 13:43:48.85103+00	47	1
482	CHUNGUI	3499	2022-12-07 13:43:48.890133+00	47	1
483	LUIS CARRANZA	2952	2022-12-07 13:43:48.928834+00	47	1
484	ORONCCOY	3716	2022-12-07 13:43:48.967008+00	47	1
485	SAMUGARI	1042	2022-12-07 13:43:49.017455+00	47	1
486	SAN MIGUEL	2661	2022-12-07 13:43:49.056183+00	47	1
487	SANTA ROSA	330	2022-12-07 13:43:49.095235+00	47	1
488	TAMBO	3232	2022-12-07 13:43:49.13328+00	47	1
489	AUCARA	3813	2022-12-07 13:43:49.172953+00	48	1
490	CABANA	3282	2022-12-07 13:43:49.211043+00	48	1
491	CARMEN SALCEDO	3437	2022-12-07 13:43:49.283299+00	48	1
492	CHAVIÑA	3310	2022-12-07 13:43:49.33223+00	48	1
493	CHIPAO	3420	2022-12-07 13:43:49.382527+00	48	1
494	HUAC-HUAS	3170	2022-12-07 13:43:49.464699+00	48	1
495	LARAMATE	3060	2022-12-07 13:43:49.504114+00	48	1
496	LEONCIO PRADO	2685	2022-12-07 13:43:49.541789+00	48	1
497	LLAUTA	2667	2022-12-07 13:43:49.581092+00	48	1
498	LUCANAS	3375	2022-12-07 13:43:49.964198+00	48	1
499	OCAÑA	2660	2022-12-07 13:43:50.040355+00	48	1
500	OTOCA	1800	2022-12-07 13:43:50.08913+00	48	1
501	PUQUIO	3214	2022-12-07 13:43:50.118373+00	48	1
502	SAISA	3075	2022-12-07 13:43:50.155618+00	48	1
503	SAN CRISTOBAL	3550	2022-12-07 13:43:50.195393+00	48	1
504	SAN JUAN	3282	2022-12-07 13:43:50.234142+00	48	1
505	SAN PEDRO	3097	2022-12-07 13:43:50.273201+00	48	1
506	SAN PEDRO DE PALCO	2702	2022-12-07 13:43:50.311257+00	48	1
507	SANCOS	2817	2022-12-07 13:43:50.35104+00	48	1
508	SANTA ANA DE HUAYCAHUACHO	2967	2022-12-07 13:43:50.388841+00	48	1
509	SANTA LUCIA	2343	2022-12-07 13:43:50.427799+00	48	1
510	CHUMPI	3201	2022-12-07 13:43:50.466531+00	49	1
511	CORACORA	3175	2022-12-07 13:43:50.505566+00	49	1
512	CORONEL CASTAÑEDA	3620	2022-12-07 13:43:50.543872+00	49	1
513	PACAPAUSA	2852	2022-12-07 13:43:50.583268+00	49	1
514	PULLO	3030	2022-12-07 13:43:50.621181+00	49	1
515	PUYUSCA	3290	2022-12-07 13:43:50.660911+00	49	1
516	SAN FRANCISCO DE RAVACAYCO	2852	2022-12-07 13:43:50.688438+00	49	1
517	UPAHUACHO	3319	2022-12-07 13:43:50.727586+00	49	1
518	COLTA	3300	2022-12-07 13:43:50.75489+00	50	1
519	CORCULLA	3470	2022-12-07 13:43:50.821776+00	50	1
520	LAMPA	2850	2022-12-07 13:43:50.899184+00	50	1
521	MARCABAMBA	2600	2022-12-07 13:43:50.970357+00	50	1
522	OYOLO	3400	2022-12-07 13:43:51.008862+00	50	1
523	PARARCA	3010	2022-12-07 13:43:51.059576+00	50	1
524	PAUSA	2524	2022-12-07 13:43:51.097213+00	50	1
525	SAN JAVIER DE ALPABAMBA	2630	2022-12-07 13:43:51.136164+00	50	1
526	SAN JOSE DE USHUA	3040	2022-12-07 13:43:51.174939+00	50	1
527	SARA SARA	3300	2022-12-07 13:43:51.214048+00	50	1
528	BELEN	3195	2022-12-07 13:43:51.252062+00	51	1
529	CHALCOS	3645	2022-12-07 13:43:51.290752+00	51	1
530	CHILCAYOC	3373	2022-12-07 13:43:51.330871+00	51	1
531	HUACAÑA	3170	2022-12-07 13:43:51.36889+00	51	1
532	MORCOLLA	3459	2022-12-07 13:43:51.40826+00	51	1
533	PAICO	3073	2022-12-07 13:43:51.447269+00	51	1
534	QUEROBAMBA	3502	2022-12-07 13:43:51.484961+00	51	1
535	SAN PEDRO DE LARCAY	3376	2022-12-07 13:43:51.512176+00	51	1
536	SAN SALVADOR DE QUIJE	3210	2022-12-07 13:43:51.551685+00	51	1
537	SANTIAGO DE PAUCARAY	3229	2022-12-07 13:43:51.579314+00	51	1
538	SORAS	3462	2022-12-07 13:43:51.618111+00	51	1
539	ALCAMENCA	2800	2022-12-07 13:43:51.64645+00	52	1
540	APONGO	3068	2022-12-07 13:43:51.734114+00	52	1
541	ASQUIPATA	3350	2022-12-07 13:43:51.784724+00	52	1
542	CANARIA	3025	2022-12-07 13:43:51.839997+00	52	1
543	CAYARA	3164	2022-12-07 13:43:51.87884+00	52	1
544	COLCA	2972	2022-12-07 13:43:51.917614+00	52	1
545	HUAMANQUIQUIA	3350	2022-12-07 13:43:51.956526+00	52	1
546	HUANCAPI	3081	2022-12-07 13:43:51.995342+00	52	1
547	HUANCARAYLLA	3230	2022-12-07 13:43:52.033626+00	52	1
548	HUAYA	3341	2022-12-07 13:43:52.072633+00	52	1
549	SARHUA	3389	2022-12-07 13:43:52.111254+00	52	1
550	VILCANCHOS	2982	2022-12-07 13:43:52.151444+00	52	1
551	ACCOMARCA	3351	2022-12-07 13:43:52.187795+00	53	1
552	CARHUANCA	2960	2022-12-07 13:43:52.227153+00	53	1
553	CONCEPCION	3050	2022-12-07 13:43:52.265553+00	53	1
554	HUAMBALPA	3262	2022-12-07 13:43:52.294065+00	53	1
555	INDEPENDENCIA	2950	2022-12-07 13:43:52.3323+00	53	1
556	SAURAMA	3540	2022-12-07 13:43:52.360598+00	53	1
557	VILCAS HUAMAN	3470	2022-12-07 13:43:52.398674+00	53	1
558	VISCHONGO	3126	2022-12-07 13:43:52.427479+00	53	1
559	CACHACHI	3237	2022-12-07 13:43:52.465468+00	54	1
560	CAJABAMBA	2654	2022-12-07 13:43:52.503117+00	54	1
561	CONDEBAMBA	2829	2022-12-07 13:43:52.542522+00	54	1
562	SITACOCHA	2956	2022-12-07 13:43:52.580619+00	54	1
563	ASUNCION	2229	2022-12-07 13:43:52.619988+00	55	1
564	CAJAMARCA	2720	2022-12-07 13:43:52.659079+00	55	1
565	CHETILLA	2790	2022-12-07 13:43:52.697642+00	55	1
566	COSPAN	2365	2022-12-07 13:43:52.735775+00	55	1
567	ENCAÑADA	3098	2022-12-07 13:43:52.775939+00	55	1
568	JESUS	2564	2022-12-07 13:43:52.825036+00	55	1
569	LLACANORA	2606	2022-12-07 13:43:52.863725+00	55	1
570	LOS BAÑOS DEL INCA	2667	2022-12-07 13:43:52.901922+00	55	1
571	MAGDALENA	1290	2022-12-07 13:43:52.941605+00	55	1
572	MATARA	2819	2022-12-07 13:43:52.979939+00	55	1
573	NAMORA	2733	2022-12-07 13:43:53.01915+00	55	1
574	SAN JUAN	2311	2022-12-07 13:43:53.057507+00	55	1
575	CELENDIN	2620	2022-12-07 13:43:53.096139+00	56	1
576	CHUMUCH	2680	2022-12-07 13:43:53.135011+00	56	1
577	CORTEGANA	2400	2022-12-07 13:43:53.162931+00	56	1
578	HUASMIN	2550	2022-12-07 13:43:53.201173+00	56	1
579	JORGE CHAVEZ	2624	2022-12-07 13:43:53.229719+00	56	1
580	JOSE GALVEZ	2590	2022-12-07 13:43:53.268139+00	56	1
581	LA LIBERTAD DE PALLAN	2950	2022-12-07 13:43:53.307461+00	56	1
582	MIGUEL IGLESIAS	2900	2022-12-07 13:43:53.345437+00	56	1
583	OXAMARCA	2850	2022-12-07 13:43:53.384618+00	56	1
584	SOROCHUCO	2540	2022-12-07 13:43:53.42344+00	56	1
585	SUCRE	2612	2022-12-07 13:43:53.461993+00	56	1
586	UTCO	2250	2022-12-07 13:43:53.500191+00	56	1
587	ANGUIA	2400	2022-12-07 13:43:53.539678+00	57	1
588	CHADIN	3550	2022-12-07 13:43:53.57734+00	57	1
589	CHALAMARCA	2400	2022-12-07 13:43:53.616826+00	57	1
590	CHIGUIRIP	1650	2022-12-07 13:43:53.655658+00	57	1
591	CHIMBAN	1200	2022-12-07 13:43:53.694315+00	57	1
592	CHOROPAMPA	1750	2022-12-07 13:43:53.732698+00	57	1
593	CHOTA	2388	2022-12-07 13:43:53.77239+00	57	1
594	COCHABAMBA	1667	2022-12-07 13:43:53.810404+00	57	1
595	CONCHAN	2400	2022-12-07 13:43:53.84866+00	57	1
596	HUAMBOS	2276	2022-12-07 13:43:53.887883+00	57	1
597	LAJAS	2134	2022-12-07 13:43:53.925984+00	57	1
598	LLAMA	2095	2022-12-07 13:43:53.954514+00	57	1
599	MIRACOSTA	2990	2022-12-07 13:43:53.992573+00	57	1
600	PACCHA	1900	2022-12-07 13:43:54.020928+00	57	1
601	PION	1822	2022-12-07 13:43:54.059277+00	57	1
602	QUEROCOTO	2455	2022-12-07 13:43:54.098784+00	57	1
603	SAN JUAN DE LICUPIS	3030	2022-12-07 13:43:54.137217+00	57	1
604	TACABAMBA	2035	2022-12-07 13:43:54.175818+00	57	1
605	TOCMOCHE	1248	2022-12-07 13:43:54.214711+00	57	1
606	CHILETE	847	2022-12-07 13:43:54.253944+00	58	1
607	CONTUMAZA	2674	2022-12-07 13:43:54.291788+00	58	1
608	CUPISNIQUE	1875	2022-12-07 13:43:54.331236+00	58	1
609	GUZMANGO	2578	2022-12-07 13:43:54.369968+00	58	1
610	SAN BENITO	1370	2022-12-07 13:43:54.408784+00	58	1
611	SANTA CRUZ DE TOLEDO	2400	2022-12-07 13:43:54.447116+00	58	1
612	TANTARICA	2180	2022-12-07 13:43:54.486573+00	58	1
613	YONAN	420	2022-12-07 13:43:54.513681+00	58	1
614	CALLAYUC	1500	2022-12-07 13:43:54.552436+00	59	1
615	CHOROS	400	2022-12-07 13:43:54.580011+00	59	1
616	CUJILLO	1760	2022-12-07 13:43:54.641459+00	59	1
617	CUTERVO	2649	2022-12-07 13:43:54.669465+00	59	1
618	LA RAMADA	1100	2022-12-07 13:43:54.707957+00	59	1
619	PIMPINGOS	450	2022-12-07 13:43:54.74689+00	59	1
620	QUEROCOTILLO	1973	2022-12-07 13:43:54.785719+00	59	1
621	SAN ANDRES DE CUTERVO	2050	2022-12-07 13:43:54.822806+00	59	1
622	SAN JUAN DE CUTERVO	2070	2022-12-07 13:43:54.873165+00	59	1
623	SAN LUIS DE LUCMA	1200	2022-12-07 13:43:55.006163+00	59	1
624	SANTA CRUZ	1730	2022-12-07 13:43:55.094848+00	59	1
625	SANTO DOMINGO DE LA CAPILLA	1900	2022-12-07 13:43:55.154659+00	59	1
626	SANTO TOMAS	2000	2022-12-07 13:43:55.236492+00	59	1
627	SOCOTA	1800	2022-12-07 13:43:55.342134+00	59	1
628	TORIBIO CASANOVA	1000	2022-12-07 13:43:55.447081+00	59	1
629	BAMBAMARCA	2526	2022-12-07 13:43:55.474751+00	60	1
630	CHUGUR	2753	2022-12-07 13:43:55.512815+00	60	1
631	HUALGAYOC	3502	2022-12-07 13:43:55.552673+00	60	1
632	BELLAVISTA	421	2022-12-07 13:43:55.640545+00	61	1
633	CHONTALI	1500	2022-12-07 13:43:55.700968+00	61	1
634	COLASAY	1775	2022-12-07 13:43:55.750973+00	61	1
635	HUABAL	1785	2022-12-07 13:43:55.833298+00	61	1
636	JAEN	729	2022-12-07 13:43:55.894836+00	61	1
637	LAS PIRIAS	1625	2022-12-07 13:43:55.934156+00	61	1
638	POMAHUACA	1075	2022-12-07 13:43:55.97281+00	61	1
639	PUCARA	903	2022-12-07 13:43:56.011135+00	61	1
640	SALLIQUE	1675	2022-12-07 13:43:56.060742+00	61	1
641	SAN FELIPE	1850	2022-12-07 13:43:56.126866+00	61	1
642	SAN JOSE DEL ALTO	1500	2022-12-07 13:43:56.165742+00	61	1
643	SANTA ROSA	500	2022-12-07 13:43:56.204599+00	61	1
644	CHIRINOS	1858	2022-12-07 13:43:56.242862+00	62	1
645	HUARANGO	550	2022-12-07 13:43:56.293288+00	62	1
646	LA COIPA	1400	2022-12-07 13:43:56.342407+00	62	1
647	NAMBALLE	1120	2022-12-07 13:43:56.392988+00	62	1
648	SAN IGNACIO	1324	2022-12-07 13:43:56.431147+00	62	1
649	SAN JOSE DE LOURDES	1180	2022-12-07 13:43:56.470333+00	62	1
650	TABACONAS	1892	2022-12-07 13:43:56.530443+00	62	1
651	CHANCAY	2670	2022-12-07 13:43:56.580398+00	63	1
652	EDUARDO VILLANUEVA	1990	2022-12-07 13:43:56.619034+00	63	1
653	GREGORIO PITA	2675	2022-12-07 13:43:56.669413+00	63	1
654	ICHOCAN	2596	2022-12-07 13:43:56.707626+00	63	1
655	JOSE MANUEL QUIROZ	2750	2022-12-07 13:43:56.757898+00	63	1
656	JOSE SABOGAL	3075	2022-12-07 13:43:56.796058+00	63	1
657	PEDRO GALVEZ	2251	2022-12-07 13:43:56.845959+00	63	1
658	BOLIVAR	926	2022-12-07 13:43:56.89623+00	64	1
659	CALQUIS	2855	2022-12-07 13:43:56.934229+00	64	1
660	CATILLUC	2750	2022-12-07 13:43:56.974052+00	64	1
661	EL PRADO	2830	2022-12-07 13:43:57.155677+00	64	1
662	LA FLORIDA	1200	2022-12-07 13:43:57.205763+00	64	1
663	LLAPA	2928	2022-12-07 13:43:57.254995+00	64	1
664	NANCHOC	400	2022-12-07 13:43:57.305561+00	64	1
665	NIEPOS	2446	2022-12-07 13:43:57.364903+00	64	1
666	SAN GREGORIO	1854	2022-12-07 13:43:57.404204+00	64	1
667	SAN MIGUEL	2620	2022-12-07 13:43:57.453195+00	64	1
668	SAN SILVESTRE DE COCHAN	2900	2022-12-07 13:43:57.515072+00	64	1
669	TONGOD	2645	2022-12-07 13:43:57.564046+00	64	1
670	UNION AGUA BLANCA	2900	2022-12-07 13:43:57.624645+00	64	1
671	SAN BERNARDINO	1350	2022-12-07 13:43:57.674581+00	65	1
672	SAN LUIS	1760	2022-12-07 13:43:57.724603+00	65	1
673	SAN PABLO	2365	2022-12-07 13:43:57.773469+00	65	1
674	TUMBADEN	3075	2022-12-07 13:43:57.824037+00	65	1
675	ANDABAMBA	2540	2022-12-07 13:43:57.873394+00	66	1
676	CATACHE	1355	2022-12-07 13:43:57.912611+00	66	1
677	CHANCAYBAÑOS	1625	2022-12-07 13:43:57.993193+00	66	1
678	LA ESPERANZA	1700	2022-12-07 13:43:58.035699+00	66	1
679	NINABAMBA	2175	2022-12-07 13:43:58.129431+00	66	1
680	PULAN	2065	2022-12-07 13:43:58.178198+00	66	1
681	SANTA CRUZ	2035	2022-12-07 13:43:58.227479+00	66	1
682	SAUCEPAMPA	1875	2022-12-07 13:43:58.288772+00	66	1
683	SEXI	2495	2022-12-07 13:43:58.338076+00	66	1
684	UTICYACU	2312	2022-12-07 13:43:58.566153+00	66	1
685	YAUYUCAN	2400	2022-12-07 13:43:58.976973+00	66	1
686	ACOMAYO	3207	2022-12-07 13:43:59.206852+00	67	1
687	ACOPIA	3715	2022-12-07 13:43:59.246647+00	67	1
688	ACOS	3085	2022-12-07 13:43:59.307268+00	67	1
689	MOSOC LLACTA	3802	2022-12-07 13:43:59.661412+00	67	1
690	POMACANCHI	3679	2022-12-07 13:43:59.766041+00	67	1
691	RONDOCAN	3365	2022-12-07 13:43:59.832099+00	67	1
692	SANGARARA	3763	2022-12-07 13:43:59.870606+00	67	1
693	ANCAHUASI	3435	2022-12-07 13:43:59.909211+00	68	1
694	ANTA	3337	2022-12-07 13:43:59.947771+00	68	1
695	CACHIMAYO	3442	2022-12-07 13:44:00.009063+00	68	1
696	CHINCHAYPUJIO	3105	2022-12-07 13:44:00.141783+00	68	1
697	HUAROCONDO	3331	2022-12-07 13:44:00.17036+00	68	1
698	LIMATAMBO	2554	2022-12-07 13:44:00.252053+00	68	1
699	MOLLEPATA	2803	2022-12-07 13:44:00.334815+00	68	1
700	PUCYURA	3351	2022-12-07 13:44:00.395217+00	68	1
701	ZURITE	3391	2022-12-07 13:44:00.456049+00	68	1
702	CALCA	2928	2022-12-07 13:44:00.505463+00	69	1
703	COYA	2951	2022-12-07 13:44:00.555333+00	69	1
704	LAMAY	2941	2022-12-07 13:44:00.605169+00	69	1
705	LARES	2800	2022-12-07 13:44:00.656377+00	69	1
706	PISAC	2972	2022-12-07 13:44:00.705266+00	69	1
707	SAN SALVADOR	2995	2022-12-07 13:44:00.754838+00	69	1
708	TARAY	2968	2022-12-07 13:44:00.793047+00	69	1
709	YANATILE	1124	2022-12-07 13:44:00.844588+00	69	1
710	CHECCA	3810	2022-12-07 13:44:00.893453+00	70	1
711	KUNTURKANKI	3940	2022-12-07 13:44:00.931725+00	70	1
712	LANGUI	3969	2022-12-07 13:44:00.97005+00	70	1
713	LAYO	3978	2022-12-07 13:44:01.020776+00	70	1
714	PAMPAMARCA	3811	2022-12-07 13:44:01.059059+00	70	1
715	QUEHUE	3803	2022-12-07 13:44:01.130742+00	70	1
716	TUPAC AMARU	3791	2022-12-07 13:44:01.180922+00	70	1
717	YANAOCA	3913	2022-12-07 13:44:01.26868+00	70	1
718	CHECACUPE	3446	2022-12-07 13:44:01.318567+00	71	1
719	COMBAPATA	3475	2022-12-07 13:44:01.357152+00	71	1
720	MARANGANI	3709	2022-12-07 13:44:01.406847+00	71	1
721	PITUMARCA	3570	2022-12-07 13:44:01.445871+00	71	1
722	SAN PABLO	3488	2022-12-07 13:44:01.495436+00	71	1
723	SAN PEDRO	3486	2022-12-07 13:44:01.545539+00	71	1
724	SICUANI	3554	2022-12-07 13:44:01.594776+00	71	1
725	TINTA	3466	2022-12-07 13:44:01.645073+00	71	1
726	CAPACMARCA	3565	2022-12-07 13:44:01.682865+00	72	1
727	CHAMACA	3754	2022-12-07 13:44:01.733476+00	72	1
728	COLQUEMARCA	3575	2022-12-07 13:44:01.77141+00	72	1
729	LIVITACA	3741	2022-12-07 13:44:01.811261+00	72	1
730	LLUSCO	3525	2022-12-07 13:44:01.850099+00	72	1
731	QUIÑOTA	3590	2022-12-07 13:44:01.905831+00	72	1
732	SANTO TOMAS	3660	2022-12-07 13:44:01.95979+00	72	1
733	VELILLE	3730	2022-12-07 13:44:02.020827+00	72	1
734	CCORCA	3635	2022-12-07 13:44:02.109931+00	73	1
735	CUSCO	3399	2022-12-07 13:44:02.159092+00	73	1
736	POROY	3570	2022-12-07 13:44:02.197832+00	73	1
737	SAN JERONIMO	3244	2022-12-07 13:44:02.23615+00	73	1
738	SAN SEBASTIAN	3299	2022-12-07 13:44:02.275942+00	73	1
739	SANTIAGO	3400	2022-12-07 13:44:02.313468+00	73	1
740	SAYLLA	3138	2022-12-07 13:44:02.352984+00	73	1
741	WANCHAQ	3366	2022-12-07 13:44:02.391687+00	73	1
742	ALTO PICHIGUA	4000	2022-12-07 13:44:02.431365+00	74	1
743	CONDOROMA	4737	2022-12-07 13:44:02.501431+00	74	1
744	COPORAQUE	3942	2022-12-07 13:44:02.55768+00	74	1
745	ESPINAR	3915	2022-12-07 13:44:02.596596+00	74	1
746	OCORURO	4093	2022-12-07 13:44:02.648097+00	74	1
747	PALLPATA	3980	2022-12-07 13:44:02.684943+00	74	1
748	PICHIGUA	3870	2022-12-07 13:44:02.723912+00	74	1
749	SUYCKUTAMBO	4801	2022-12-07 13:44:02.762348+00	74	1
750	ECHARATE	667	2022-12-07 13:44:02.814526+00	75	1
751	HUAYOPATA	1660	2022-12-07 13:44:02.8733+00	75	1
752	INKAWASI	1839	2022-12-07 13:44:02.911491+00	75	1
753	KIMBIRI	95	2022-12-07 13:44:02.949588+00	75	1
754	MARANURA	1120	2022-12-07 13:44:02.991717+00	75	1
755	MEGANTONI	375	2022-12-07 13:44:03.026902+00	75	1
756	OCOBAMBA	1900	2022-12-07 13:44:03.065927+00	75	1
757	PICHARI	100	2022-12-07 13:44:03.104857+00	75	1
758	QUELLOUNO	650	2022-12-07 13:44:03.176698+00	75	1
759	SANTA ANA	1047	2022-12-07 13:44:03.225864+00	75	1
760	SANTA TERESA	1700	2022-12-07 13:44:03.276471+00	75	1
761	VILCABAMBA	3500	2022-12-07 13:44:03.326014+00	75	1
762	VILLA KINTIARINA	702	2022-12-07 13:44:03.40903+00	75	1
763	VILLA VIRGEN	729	2022-12-07 13:44:03.458626+00	75	1
764	ACCHA	3579	2022-12-07 13:44:03.508542+00	76	1
765	CCAPI	3185	2022-12-07 13:44:03.557519+00	76	1
766	COLCHA	2796	2022-12-07 13:44:03.625337+00	76	1
767	HUANOQUITE	3396	2022-12-07 13:44:03.662918+00	76	1
768	OMACHA	3874	2022-12-07 13:44:03.701768+00	76	1
769	PACCARITAMBO	3584	2022-12-07 13:44:03.740978+00	76	1
770	PARURO	3051	2022-12-07 13:44:03.79046+00	76	1
771	PILLPINTO	2853	2022-12-07 13:44:03.840363+00	76	1
772	YAURISQUE	3376	2022-12-07 13:44:03.890334+00	76	1
773	CAICAY	3110	2022-12-07 13:44:03.92939+00	77	1
774	CHALLABAMBA	2820	2022-12-07 13:44:03.978437+00	77	1
775	COLQUEPATA	3679	2022-12-07 13:44:04.028221+00	77	1
776	HUANCARANI	3850	2022-12-07 13:44:04.077894+00	77	1
777	KOSÑIPATA	900	2022-12-07 13:44:04.128013+00	77	1
778	PAUCARTAMBO	2906	2022-12-07 13:44:04.188234+00	77	1
779	ANDAHUAYLILLAS	3122	2022-12-07 13:44:04.238194+00	78	1
780	CAMANTI	643	2022-12-07 13:44:04.2986+00	78	1
781	CCARHUAYO	3442	2022-12-07 13:44:04.348781+00	78	1
782	CCATCA	3675	2022-12-07 13:44:04.398273+00	78	1
783	CUSIPATA	3310	2022-12-07 13:44:04.448312+00	78	1
784	HUARO	3157	2022-12-07 13:44:04.50895+00	78	1
785	LUCRE	3086	2022-12-07 13:44:04.558368+00	78	1
786	MARCAPATA	3150	2022-12-07 13:44:04.60808+00	78	1
787	OCONGATE	3533	2022-12-07 13:44:04.657498+00	78	1
788	OROPESA	3116	2022-12-07 13:44:04.70816+00	78	1
789	QUIQUIJANA	3210	2022-12-07 13:44:04.790664+00	78	1
790	URCOS	3150	2022-12-07 13:44:04.848366+00	78	1
791	CHINCHERO	3762	2022-12-07 13:44:04.901461+00	79	1
792	HUAYLLABAMBA	2866	2022-12-07 13:44:04.962568+00	79	1
793	MACHUPICCHU	2060	2022-12-07 13:44:05.010887+00	79	1
794	MARAS	3385	2022-12-07 13:44:05.084318+00	79	1
795	OLLANTAYTAMBO	2846	2022-12-07 13:44:05.132957+00	79	1
796	URUBAMBA	2871	2022-12-07 13:44:05.183846+00	79	1
797	YUCAY	2857	2022-12-07 13:44:05.23249+00	79	1
798	ACOBAMBA	3423	2022-12-07 13:44:05.271916+00	80	1
799	ANDABAMBA	3460	2022-12-07 13:44:05.353727+00	80	1
800	ANTA	3600	2022-12-07 13:44:05.60855+00	80	1
801	CAJA	3668	2022-12-07 13:44:05.673312+00	80	1
802	MARCAS	3394	2022-12-07 13:44:05.723379+00	80	1
803	PAUCARA	3806	2022-12-07 13:44:05.772396+00	80	1
804	POMACOCHA	3150	2022-12-07 13:44:05.889263+00	80	1
805	ROSARIO	3640	2022-12-07 13:44:05.926977+00	80	1
806	ANCHONGA	3298	2022-12-07 13:44:05.96778+00	81	1
807	CALLANMARCA	3526	2022-12-07 13:44:06.022063+00	81	1
808	CCOCHACCASA	4150	2022-12-07 13:44:06.059875+00	81	1
809	CHINCHO	3134	2022-12-07 13:44:06.110284+00	81	1
810	CONGALLA	3523	2022-12-07 13:44:06.159906+00	81	1
811	HUANCA - HUANCA	3567	2022-12-07 13:44:06.242558+00	81	1
812	HUAYLLAY GRANDE	3625	2022-12-07 13:44:06.296701+00	81	1
813	JULCAMARCA	3418	2022-12-07 13:44:06.344934+00	81	1
814	LIRCAY	3278	2022-12-07 13:44:06.409834+00	81	1
815	SAN ANTONIO DE ANTAPARCO	2771	2022-12-07 13:44:06.500537+00	81	1
816	SANTO TOMAS DE PATA	3156	2022-12-07 13:44:06.55845+00	81	1
817	SECCLLA	3327	2022-12-07 13:44:06.61436+00	81	1
818	ARMA	3105	2022-12-07 13:44:06.692021+00	82	1
819	AURAHUA	3470	2022-12-07 13:44:06.753038+00	82	1
820	CAPILLAS	3213	2022-12-07 13:44:06.791992+00	82	1
821	CASTROVIRREYNA	3956	2022-12-07 13:44:06.830644+00	82	1
822	CHUPAMARCA	3325	2022-12-07 13:44:06.879055+00	82	1
823	COCAS	3246	2022-12-07 13:44:06.936504+00	82	1
824	HUACHOS	2737	2022-12-07 13:44:06.986636+00	82	1
825	HUAMATAMBO	3056	2022-12-07 13:44:07.035558+00	82	1
826	MOLLEPAMPA	2465	2022-12-07 13:44:07.086253+00	82	1
827	SAN JUAN	2500	2022-12-07 13:44:07.147448+00	82	1
828	SANTA ANA	4473	2022-12-07 13:44:07.318991+00	82	1
829	TANTARA	2882	2022-12-07 13:44:07.446486+00	82	1
830	TICRAPO	2184	2022-12-07 13:44:07.524268+00	82	1
831	ANCO	2404	2022-12-07 13:44:07.630042+00	83	1
832	CHINCHIHUASI	2800	2022-12-07 13:44:07.702768+00	83	1
833	CHURCAMPA	3262	2022-12-07 13:44:07.803543+00	83	1
834	EL CARMEN	3114	2022-12-07 13:44:07.944127+00	83	1
835	LA MERCED	2632	2022-12-07 13:44:08.361041+00	83	1
836	LOCROJA	3379	2022-12-07 13:44:08.45601+00	83	1
837	PACHAMARCA	2730	2022-12-07 13:44:08.52837+00	83	1
838	PAUCARBAMBA	3370	2022-12-07 13:44:08.611758+00	83	1
839	SAN MIGUEL DE MAYOCC	2212	2022-12-07 13:44:08.69656+00	83	1
840	SAN PEDRO DE CORIS	3580	2022-12-07 13:44:08.739615+00	83	1
841	ACOBAMBILLA	3795	2022-12-07 13:44:08.789368+00	84	1
842	ACORIA	3167	2022-12-07 13:44:08.855795+00	84	1
843	ASCENCION	3650	2022-12-07 13:44:08.911646+00	84	1
844	CONAYCA	3682	2022-12-07 13:44:08.955884+00	84	1
845	CUENCA	3167	2022-12-07 13:44:09.017119+00	84	1
846	HUACHOCOLPA	3956	2022-12-07 13:44:09.084254+00	84	1
847	HUANCAVELICA	3660	2022-12-07 13:44:09.153206+00	84	1
848	HUANDO	3562	2022-12-07 13:44:09.228508+00	84	1
849	HUAYLLAHUARA	3896	2022-12-07 13:44:09.273252+00	84	1
850	IZCUCHACA	2939	2022-12-07 13:44:09.336551+00	84	1
851	LARIA	3861	2022-12-07 13:44:09.380728+00	84	1
852	MANTA	3727	2022-12-07 13:44:09.44772+00	84	1
853	MARISCAL CACERES	2847	2022-12-07 13:44:09.514562+00	84	1
854	MOYA	3162	2022-12-07 13:44:09.564265+00	84	1
855	NUEVO OCCORO	3825	2022-12-07 13:44:09.670193+00	84	1
856	PALCA	3650	2022-12-07 13:44:09.84551+00	84	1
857	PILCHACA	3584	2022-12-07 13:44:09.895913+00	84	1
858	VILCA	3275	2022-12-07 13:44:09.934674+00	84	1
859	YAULI	3391	2022-12-07 13:44:09.984429+00	84	1
860	AYAVI	3758	2022-12-07 13:44:10.023046+00	85	1
861	CORDOVA	3216	2022-12-07 13:44:10.094326+00	85	1
862	HUAYACUNDO ARMA	3150	2022-12-07 13:44:10.184488+00	85	1
863	HUAYTARA	2658	2022-12-07 13:44:10.262622+00	85	1
864	LARAMARCA	3325	2022-12-07 13:44:10.334759+00	85	1
865	OCOYO	1950	2022-12-07 13:44:10.37385+00	85	1
866	PILPICHACA	4092	2022-12-07 13:44:10.500801+00	85	1
867	QUERCO	2858	2022-12-07 13:44:10.606714+00	85	1
868	QUITO - ARMA	2956	2022-12-07 13:44:10.661094+00	85	1
869	SAN ANTONIO DE CUSICANCHA	3228	2022-12-07 13:44:10.743161+00	85	1
870	SAN FRANCISCO DE SANGAYAICO	3327	2022-12-07 13:44:10.810318+00	85	1
871	SAN ISIDRO	3617	2022-12-07 13:44:10.865578+00	85	1
872	SANTIAGO DE CHOCORVOS	2571	2022-12-07 13:44:11.08178+00	85	1
873	SANTIAGO DE QUIRAHUARA	2802	2022-12-07 13:44:11.154466+00	85	1
874	SANTO DOMINGO DE CAPILLAS	3367	2022-12-07 13:44:11.203538+00	85	1
875	TAMBO	3141	2022-12-07 13:44:11.419135+00	85	1
876	ACOSTAMBO	3600	2022-12-07 13:44:11.496236+00	86	1
877	ACRAQUIA	3287	2022-12-07 13:44:11.632772+00	86	1
878	AHUAYCHA	3280	2022-12-07 13:44:11.698201+00	86	1
879	COLCABAMBA	2979	2022-12-07 13:44:11.743135+00	86	1
880	DANIEL HERNANDEZ	3280	2022-12-07 13:44:11.930396+00	86	1
881	HUACHOCOLPA	2907	2022-12-07 13:44:12.032427+00	86	1
882	HUARIBAMBA	2996	2022-12-07 13:44:12.114807+00	86	1
883	ÑAHUIMPUQUIO	3630	2022-12-07 13:44:12.160741+00	86	1
884	PAMPAS	3276	2022-12-07 13:44:12.215713+00	86	1
885	PAZOS	3840	2022-12-07 13:44:12.285341+00	86	1
886	QUISHUAR	3130	2022-12-07 13:44:12.742026+00	86	1
887	SALCABAMBA	3037	2022-12-07 13:44:12.788268+00	86	1
888	SALCAHUASI	3150	2022-12-07 13:44:12.894727+00	86	1
889	SAN MARCOS DE ROCCHAC	3182	2022-12-07 13:44:12.987488+00	86	1
890	SURCUBAMBA	2585	2022-12-07 13:44:13.116592+00	86	1
891	TINTAY PUNCU	2350	2022-12-07 13:44:13.178038+00	86	1
892	AMBO	2064	2022-12-07 13:44:13.250133+00	87	1
893	CAYNA	3316	2022-12-07 13:44:13.330768+00	87	1
894	COLPAS	2700	2022-12-07 13:44:13.39342+00	87	1
895	CONCHAMARCA	2226	2022-12-07 13:44:13.587545+00	87	1
896	HUACAR	2114	2022-12-07 13:44:13.652155+00	87	1
897	SAN FRANCISCO	3500	2022-12-07 13:44:13.702264+00	87	1
898	SAN RAFAEL	2694	2022-12-07 13:44:13.775149+00	87	1
899	TOMAY KICHWA	2180	2022-12-07 13:44:13.835646+00	87	1
900	CHUQUIS	3355	2022-12-07 13:44:13.885947+00	88	1
901	LA UNION	3204	2022-12-07 13:44:13.93608+00	88	1
902	MARIAS	3484	2022-12-07 13:44:13.986315+00	88	1
903	PACHAS	3452	2022-12-07 13:44:14.054242+00	88	1
904	QUIVILLA	2938	2022-12-07 13:44:14.102227+00	88	1
905	RIPAN	3204	2022-12-07 13:44:14.164107+00	88	1
906	SHUNQUI	3545	2022-12-07 13:44:14.226375+00	88	1
907	SILLAPATA	3438	2022-12-07 13:44:14.29684+00	88	1
908	YANAS	3470	2022-12-07 13:44:14.346331+00	88	1
909	CANCHABAMBA	3200	2022-12-07 13:44:14.465713+00	89	1
910	COCHABAMBA	3275	2022-12-07 13:44:14.536944+00	89	1
911	HUACAYBAMBA	3168	2022-12-07 13:44:14.75205+00	89	1
912	PINRA	2550	2022-12-07 13:44:14.915329+00	89	1
913	ARANCAY	3050	2022-12-07 13:44:14.986458+00	90	1
914	CHAVIN DE PARIARCA	3362	2022-12-07 13:44:15.07033+00	90	1
915	JACAS GRANDE	3615	2022-12-07 13:44:15.12013+00	90	1
916	JIRCAN	3202	2022-12-07 13:44:15.15795+00	90	1
917	LLATA	3439	2022-12-07 13:44:15.208261+00	90	1
918	MIRAFLORES	3667	2022-12-07 13:44:15.269205+00	90	1
919	MONZON	1800	2022-12-07 13:44:15.424107+00	90	1
920	PUNCHAO	3534	2022-12-07 13:44:15.473793+00	90	1
921	PUÑOS	3739	2022-12-07 13:44:15.544326+00	90	1
922	SINGA	3615	2022-12-07 13:44:15.58818+00	90	1
923	TANTAMAYO	3495	2022-12-07 13:44:15.660313+00	90	1
924	AMARILIS	1910	2022-12-07 13:44:15.847488+00	91	1
925	CHINCHAO	2110	2022-12-07 13:44:15.897323+00	91	1
926	CHURUBAMBA	2000	2022-12-07 13:44:15.958143+00	91	1
927	HUANUCO	1894	2022-12-07 13:44:16.019511+00	91	1
928	MARGOS	3539	2022-12-07 13:44:16.125209+00	91	1
929	PILLCO MARCA	1930	2022-12-07 13:44:16.175123+00	91	1
930	QUISQUI	2500	2022-12-07 13:44:16.224866+00	91	1
931	SAN FRANCISCO DE CAYRAN	2219	2022-12-07 13:44:16.295846+00	91	1
932	SAN PABLO DE PILLAO	2917	2022-12-07 13:44:16.368429+00	91	1
933	SAN PEDRO DE CHAULAN	3552	2022-12-07 13:44:16.428755+00	91	1
934	SANTA MARIA DEL VALLE	1916	2022-12-07 13:44:16.490726+00	91	1
935	YACUS	3000	2022-12-07 13:44:16.583671+00	91	1
936	YARUMAYO	4100	2022-12-07 13:44:16.652973+00	91	1
937	BAÑOS	3409	2022-12-07 13:44:16.728171+00	92	1
938	JESUS	3486	2022-12-07 13:44:16.857172+00	92	1
939	JIVIA	3351	2022-12-07 13:44:16.917537+00	92	1
940	QUEROPALCA	3831	2022-12-07 13:44:17.08938+00	92	1
941	RONDOS	3566	2022-12-07 13:44:17.149485+00	92	1
942	SAN FRANCISCO DE ASIS	3437	2022-12-07 13:44:17.206946+00	92	1
943	SAN MIGUEL DE CAURI	3588	2022-12-07 13:44:17.260787+00	92	1
944	CASTILLO GRANDE	3000	2022-12-07 13:44:17.442445+00	93	1
945	DANIEL ALOMIA ROBLES	1000	2022-12-07 13:44:17.490934+00	93	1
946	HERMILIO VALDIZAN	1250	2022-12-07 13:44:17.676449+00	93	1
947	JOSE CRESPO Y CASTILLO	540	2022-12-07 13:44:17.758491+00	93	1
948	LUYANDO	700	2022-12-07 13:44:17.827955+00	93	1
949	MARIANO DAMAZO BERAUN	719	2022-12-07 13:44:17.8995+00	93	1
950	PUCAYACU	550	2022-12-07 13:44:17.98254+00	93	1
951	PUEBLO NUEVO	592	2022-12-07 13:44:18.042436+00	93	1
952	RUPA - RUPA	649	2022-12-07 13:44:18.397113+00	93	1
953	SANTO DOMINGO DE ANDA	606	2022-12-07 13:44:18.45729+00	93	1
954	CHOLON	2750	2022-12-07 13:44:18.639856+00	94	1
955	HUACRACHUCO	2920	2022-12-07 13:44:18.700867+00	94	1
956	LA MORADA	545	2022-12-07 13:44:18.761652+00	94	1
957	SAN BUENAVENTURA	3200	2022-12-07 13:44:18.895424+00	94	1
958	SANTA ROSA DE ALTO YANAJANCA	564	2022-12-07 13:44:18.944946+00	94	1
959	CHAGLLA	3100	2022-12-07 13:44:19.006121+00	95	1
960	MOLINO	3500	2022-12-07 13:44:19.088651+00	95	1
961	PANAO	1846	2022-12-07 13:44:19.536276+00	95	1
962	UMARI	1827	2022-12-07 13:44:20.044213+00	95	1
963	CODO DEL POZUZO	770	2022-12-07 13:44:20.558218+00	96	1
964	HONORIA	265	2022-12-07 13:44:20.625007+00	96	1
965	PUERTO INCA	330	2022-12-07 13:44:20.749625+00	96	1
966	TOURNAVISTA	192	2022-12-07 13:44:20.946814+00	96	1
967	YUYAPICHIS	208	2022-12-07 13:44:21.243942+00	96	1
968	APARICIO POMARES	3416	2022-12-07 13:44:21.518912+00	97	1
969	CAHUAC	3371	2022-12-07 13:44:21.701125+00	97	1
970	CHACABAMBA	3532	2022-12-07 13:44:21.789159+00	97	1
971	CHAVINILLO	3471	2022-12-07 13:44:21.849487+00	97	1
972	CHORAS	3532	2022-12-07 13:44:22.234415+00	97	1
973	JACAS CHICO	3795	2022-12-07 13:44:22.427222+00	97	1
974	OBAS	3526	2022-12-07 13:44:22.528424+00	97	1
975	PAMPAMARCA	3434	2022-12-07 13:44:22.653088+00	97	1
976	ALTO LARAN	137	2022-12-07 13:44:22.73721+00	98	1
977	CHAVIN	3187	2022-12-07 13:44:22.809129+00	98	1
978	CHINCHA ALTA	97	2022-12-07 13:44:22.8761+00	98	1
979	CHINCHA BAJA	41	2022-12-07 13:44:22.935849+00	98	1
980	EL CARMEN	155	2022-12-07 13:44:23.031445+00	98	1
981	GROCIO PRADO	90	2022-12-07 13:44:23.169682+00	98	1
982	PUEBLO NUEVO	149	2022-12-07 13:44:23.275426+00	98	1
983	SAN JUAN DE YANAC	2150	2022-12-07 13:44:23.43596+00	98	1
984	SAN PEDRO DE HUACARPANA	3796	2022-12-07 13:44:23.564522+00	98	1
985	SUNAMPE	76	2022-12-07 13:44:23.655481+00	98	1
986	TAMBO DE MORA	15	2022-12-07 13:44:23.706163+00	98	1
987	ICA	406	2022-12-07 13:44:23.766758+00	99	1
988	LA TINGUIÑA	432	2022-12-07 13:44:23.813941+00	99	1
989	LOS AQUIJES	475	2022-12-07 13:44:23.853649+00	99	1
990	OCUCAJE	325	2022-12-07 13:44:23.890819+00	99	1
991	PACHACUTEC	404	2022-12-07 13:44:23.929722+00	99	1
992	PARCONA	440	2022-12-07 13:44:23.968487+00	99	1
993	PUEBLO NUEVO	390	2022-12-07 13:44:24.016227+00	99	1
994	SALAS	425	2022-12-07 13:44:24.067223+00	99	1
995	SAN JOSE DE LOS MOLINOS	535	2022-12-07 13:44:24.094572+00	99	1
996	SAN JUAN BAUTISTA	416	2022-12-07 13:44:24.133962+00	99	1
997	SANTIAGO	374	2022-12-07 13:44:24.171868+00	99	1
998	SUBTANJALLA	429	2022-12-07 13:44:24.210751+00	99	1
999	TATE	392	2022-12-07 13:44:24.260284+00	99	1
1000	YAUCA DEL ROSARIO	2390	2022-12-07 13:44:24.310285+00	99	1
1001	CHANGUILLO	244	2022-12-07 13:44:24.349157+00	100	1
1002	EL INGENIO	445	2022-12-07 13:44:24.387397+00	100	1
1003	MARCONA	4	2022-12-07 13:44:24.436854+00	100	1
1004	NAZCA	601	2022-12-07 13:44:24.498757+00	100	1
1005	VISTA ALEGRE	590	2022-12-07 13:44:24.548541+00	100	1
1006	LLIPATA	303	2022-12-07 13:44:24.586346+00	101	1
1007	PALPA	347	2022-12-07 13:44:24.636145+00	101	1
1008	RIO GRANDE	354	2022-12-07 13:44:24.675619+00	101	1
1009	SANTA CRUZ	538	2022-12-07 13:44:24.714509+00	101	1
1010	TIBILLO	2167	2022-12-07 13:44:24.752574+00	101	1
1011	HUANCANO	1019	2022-12-07 13:44:24.801729+00	102	1
1012	HUMAY	430	2022-12-07 13:44:24.840813+00	102	1
1013	INDEPENDENCIA	203	2022-12-07 13:44:24.900979+00	102	1
1014	PARACAS	2	2022-12-07 13:44:24.92931+00	102	1
1015	PISCO	17	2022-12-07 13:44:24.990983+00	102	1
1016	SAN ANDRES	3	2022-12-07 13:44:25.029039+00	102	1
1017	SAN CLEMENTE	92	2022-12-07 13:44:25.078967+00	102	1
1018	TUPAC AMARU INCA	91	2022-12-07 13:44:25.117374+00	102	1
1019	CHANCHAMAYO	751	2022-12-07 13:44:25.167175+00	103	1
1020	PERENE	1000	2022-12-07 13:44:25.21693+00	103	1
1021	PICHANAQUI	525	2022-12-07 13:44:25.266284+00	103	1
1022	SAN LUIS DE SHUARO	721	2022-12-07 13:44:25.316504+00	103	1
1023	SAN RAMON	820	2022-12-07 13:44:25.365724+00	103	1
1024	VITOC	1850	2022-12-07 13:44:25.405507+00	103	1
1025	AHUAC	3315	2022-12-07 13:44:25.4436+00	104	1
1026	CHONGOS BAJO	3269	2022-12-07 13:44:25.482736+00	104	1
1027	CHUPACA	3263	2022-12-07 13:44:25.543344+00	104	1
1028	HUACHAC	3355	2022-12-07 13:44:25.670135+00	104	1
1029	HUAMANCACA CHICO	3186	2022-12-07 13:44:25.708712+00	104	1
1030	SAN JUAN DE ISCOS	3240	2022-12-07 13:44:25.746843+00	104	1
1031	SAN JUAN DE JARPA	3646	2022-12-07 13:44:25.797235+00	104	1
1032	TRES DE DICIEMBRE	3180	2022-12-07 13:44:25.857645+00	104	1
1033	YANACANCHA	3806	2022-12-07 13:44:25.896598+00	104	1
1034	ACO	3480	2022-12-07 13:44:25.93548+00	105	1
1035	ANDAMARCA	2560	2022-12-07 13:44:25.974619+00	105	1
1036	CHAMBARA	3593	2022-12-07 13:44:26.013148+00	105	1
1037	COCHAS	3200	2022-12-07 13:44:26.063063+00	105	1
1038	COMAS	3290	2022-12-07 13:44:26.112154+00	105	1
1039	CONCEPCION	3283	2022-12-07 13:44:26.396198+00	105	1
1040	HEROINAS TOLEDO	3830	2022-12-07 13:44:26.631515+00	105	1
1041	MANZANARES	3372	2022-12-07 13:44:27.230139+00	105	1
1042	MARISCAL CASTILLA	2550	2022-12-07 13:44:27.741992+00	105	1
1043	MATAHUASI	3262	2022-12-07 13:44:28.510335+00	105	1
1044	MITO	3286	2022-12-07 13:44:29.049447+00	105	1
1045	NUEVE DE JULIO	3326	2022-12-07 13:44:29.574445+00	105	1
1046	ORCOTUNA	3250	2022-12-07 13:44:30.06143+00	105	1
1047	SAN JOSE DE QUERO	3856	2022-12-07 13:44:30.570392+00	105	1
1048	SANTA ROSA DE OCOPA	3376	2022-12-07 13:44:30.818755+00	105	1
1049	CARHUACALLANGA	3770	2022-12-07 13:44:30.865541+00	106	1
1050	CHACAPAMPA	3420	2022-12-07 13:44:30.915663+00	106	1
1051	CHICCHE	3540	2022-12-07 13:44:30.96503+00	106	1
1052	CHILCA	3275	2022-12-07 13:44:31.015785+00	106	1
1053	CHONGOS ALTO	3544	2022-12-07 13:44:31.128996+00	106	1
1054	CHUPURO	3175	2022-12-07 13:44:31.181046+00	106	1
1055	COLCA	3516	2022-12-07 13:44:31.219433+00	106	1
1056	CULLHUAS	3663	2022-12-07 13:44:31.291767+00	106	1
1057	EL TAMBO	3260	2022-12-07 13:44:31.330425+00	106	1
1058	HUACRAPUQUIO	3247	2022-12-07 13:44:31.391931+00	106	1
1059	HUALHUAS	3280	2022-12-07 13:44:31.429478+00	106	1
1060	HUANCAN	3210	2022-12-07 13:44:31.500758+00	106	1
1061	HUANCAYO	3249	2022-12-07 13:44:31.539533+00	106	1
1062	HUASICANCHA	3716	2022-12-07 13:44:31.589614+00	106	1
1063	HUAYUCACHI	3201	2022-12-07 13:44:31.628544+00	106	1
1064	INGENIO	3460	2022-12-07 13:44:31.678228+00	106	1
1065	PARIAHUANCA	2070	2022-12-07 13:44:31.73855+00	106	1
1066	PILCOMAYO	3247	2022-12-07 13:44:31.788384+00	106	1
1067	PUCARA	3362	2022-12-07 13:44:31.827894+00	106	1
1068	QUICHUAY	3430	2022-12-07 13:44:31.888138+00	106	1
1069	QUILCAS	3330	2022-12-07 13:44:31.927079+00	106	1
1070	SAN AGUSTIN	3250	2022-12-07 13:44:31.965132+00	106	1
1071	SAN JERONIMO DE TUNAN	3274	2022-12-07 13:44:32.048871+00	106	1
1072	SANTO DOMINGO DE ACOBAMBA	2450	2022-12-07 13:44:32.139341+00	106	1
1073	SAÑO	3276	2022-12-07 13:44:32.210357+00	106	1
1074	SAPALLANGA	3305	2022-12-07 13:44:32.285561+00	106	1
1075	SICAYA	3282	2022-12-07 13:44:32.315092+00	106	1
1076	VIQUES	3195	2022-12-07 13:44:32.3989+00	106	1
1077	ACOLLA	3467	2022-12-07 13:44:32.471492+00	107	1
1078	APATA	3338	2022-12-07 13:44:32.525026+00	107	1
1079	ATAURA	3344	2022-12-07 13:44:32.612371+00	107	1
1080	CHANCAYLLO	3609	2022-12-07 13:44:32.706884+00	107	1
1081	CURICACA	3532	2022-12-07 13:44:32.744455+00	107	1
1082	EL MANTARO	3320	2022-12-07 13:44:32.787526+00	107	1
1083	HUAMALI	3339	2022-12-07 13:44:32.8367+00	107	1
1084	HUARIPAMPA	3354	2022-12-07 13:44:32.884923+00	107	1
1085	HUERTAS	3380	2022-12-07 13:44:32.941947+00	107	1
1086	JANJAILLO	3698	2022-12-07 13:44:33.015445+00	107	1
1087	JAUJA	3390	2022-12-07 13:44:33.131363+00	107	1
1088	JULCAN	3460	2022-12-07 13:44:33.194698+00	107	1
1089	LEONOR ORDOÑEZ	3325	2022-12-07 13:44:33.23872+00	107	1
1090	LLOCLLAPAMPA	3496	2022-12-07 13:44:33.280607+00	107	1
1091	MARCO	3467	2022-12-07 13:44:33.365023+00	107	1
1092	MASMA	3493	2022-12-07 13:44:33.447971+00	107	1
1093	MASMA CHICCHE	3650	2022-12-07 13:44:33.509984+00	107	1
1094	MOLINOS	3430	2022-12-07 13:44:33.572677+00	107	1
1095	MONOBAMBA	2000	2022-12-07 13:44:33.645489+00	107	1
1096	MUQUI	3322	2022-12-07 13:44:33.684049+00	107	1
1097	MUQUIYAUYO	3342	2022-12-07 13:44:33.789585+00	107	1
1098	PACA	3390	2022-12-07 13:44:33.845151+00	107	1
1099	PACCHA	3741	2022-12-07 13:44:33.894519+00	107	1
1100	PANCAN	3400	2022-12-07 13:44:33.922014+00	107	1
1101	PARCO	3435	2022-12-07 13:44:33.971719+00	107	1
1102	POMACANCHA	3806	2022-12-07 13:44:34.032767+00	107	1
1103	RICRAN	3675	2022-12-07 13:44:34.082772+00	107	1
1104	SAN LORENZO	3322	2022-12-07 13:44:34.121264+00	107	1
1105	SAN PEDRO DE CHUNAN	3390	2022-12-07 13:44:34.179939+00	107	1
1106	SAUSA	3380	2022-12-07 13:44:34.210014+00	107	1
1107	SINCOS	3300	2022-12-07 13:44:34.248284+00	107	1
1108	TUNAN MARCA	3470	2022-12-07 13:44:34.298785+00	107	1
1109	YAULI	3400	2022-12-07 13:44:34.336435+00	107	1
1110	YAUYOS	3410	2022-12-07 13:44:34.375841+00	107	1
1111	CARHUAMAYO	4146	2022-12-07 13:44:34.414455+00	108	1
1112	JUNIN	4107	2022-12-07 13:44:34.469637+00	108	1
1113	ONDORES	4100	2022-12-07 13:44:34.816816+00	108	1
1114	ULCUMAYO	3600	2022-12-07 13:44:34.862742+00	108	1
1115	COVIRIALI	780	2022-12-07 13:44:34.923915+00	109	1
1116	LLAYLLA	1100	2022-12-07 13:44:34.962686+00	109	1
1117	MAZAMARI	700	2022-12-07 13:44:35.001417+00	109	1
1118	PAMPA HERMOZA	1400	2022-12-07 13:44:35.039624+00	109	1
1119	PANGOA	500	2022-12-07 13:44:35.090339+00	109	1
1120	RIO NEGRO	800	2022-12-07 13:44:35.128595+00	109	1
1121	RIO TAMBO	400	2022-12-07 13:44:35.167436+00	109	1
1122	SATIPO	632	2022-12-07 13:44:35.216717+00	109	1
1123	ACOBAMBA	2940	2022-12-07 13:44:35.255768+00	110	1
1124	HUARICOLCA	3775	2022-12-07 13:44:35.305605+00	110	1
1125	HUASAHUASI	2751	2022-12-07 13:44:35.34472+00	110	1
1126	LA UNION	3520	2022-12-07 13:44:35.40765+00	110	1
1127	PALCA	2739	2022-12-07 13:44:35.455172+00	110	1
1128	PALCAMAYO	3339	2022-12-07 13:44:35.515596+00	110	1
1129	SAN PEDRO DE CAJAS	4014	2022-12-07 13:44:35.565866+00	110	1
1130	TAPO	3140	2022-12-07 13:44:35.615267+00	110	1
1131	TARMA	3053	2022-12-07 13:44:35.687105+00	110	1
1132	CHACAPALPA	3748	2022-12-07 13:44:35.748923+00	111	1
1133	HUAY - HUAY	3970	2022-12-07 13:44:35.808597+00	111	1
1134	LA OROYA	3745	2022-12-07 13:44:35.858692+00	111	1
1135	MARCAPOMACOCHA	4415	2022-12-07 13:44:35.920116+00	111	1
1136	MOROCOCHA	4550	2022-12-07 13:44:35.958699+00	111	1
1137	PACCHA	3742	2022-12-07 13:44:36.052907+00	111	1
1138	SANTA BARBARA DE CARHUACAYAN	4137	2022-12-07 13:44:36.139001+00	111	1
1139	SANTA ROSA DE SACCO	3845	2022-12-07 13:44:36.186018+00	111	1
1140	SUITUCANCHA	4255	2022-12-07 13:44:36.221814+00	111	1
1141	YAULI	4100	2022-12-07 13:44:36.271831+00	111	1
1142	ASCOPE	230	2022-12-07 13:44:36.355278+00	112	1
1143	CASA GRANDE	240	2022-12-07 13:44:36.416418+00	112	1
1144	CHICAMA	125	2022-12-07 13:44:36.493772+00	112	1
1145	CHOCOPE	104	2022-12-07 13:44:36.564902+00	112	1
1146	MAGDALENA DE CAO	28	2022-12-07 13:44:36.624714+00	112	1
1147	PAIJAN	80	2022-12-07 13:44:36.674697+00	112	1
1148	RAZURI	8	2022-12-07 13:44:36.724423+00	112	1
1149	SANTIAGO DE CAO	22	2022-12-07 13:44:36.763356+00	112	1
1150	BAMBAMARCA	3525	2022-12-07 13:44:36.812616+00	113	1
1151	BOLIVAR	3129	2022-12-07 13:44:36.852146+00	113	1
1152	CONDORMARCA	2939	2022-12-07 13:44:36.901722+00	113	1
1153	LONGOTEA	2650	2022-12-07 13:44:36.95128+00	113	1
1154	UCHUMARCA	3035	2022-12-07 13:44:37.00033+00	113	1
1155	UCUNCHA	2625	2022-12-07 13:44:37.076081+00	113	1
1156	CHEPEN	130	2022-12-07 13:44:37.144267+00	114	1
1157	PACANGA	82	2022-12-07 13:44:37.233072+00	114	1
1158	PUEBLO NUEVO	72	2022-12-07 13:44:37.294541+00	114	1
1159	CASCAS	1274	2022-12-07 13:44:37.332597+00	115	1
1160	LUCMA	2182	2022-12-07 13:44:37.416797+00	115	1
1161	MARMOT	1500	2022-12-07 13:44:37.465593+00	115	1
1162	SAYAPULLO	2357	2022-12-07 13:44:37.515898+00	115	1
1163	CALAMARCA	3150	2022-12-07 13:44:37.593365+00	116	1
1164	CARABAMBA	3325	2022-12-07 13:44:37.636942+00	116	1
1165	HUASO	3050	2022-12-07 13:44:37.696912+00	116	1
1166	JULCAN	3404	2022-12-07 13:44:37.74684+00	116	1
1167	AGALLPAMPA	3117	2022-12-07 13:44:37.796063+00	117	1
1168	CHARAT	2268	2022-12-07 13:44:37.835366+00	117	1
1169	HUARANCHAL	2180	2022-12-07 13:44:37.928791+00	117	1
1170	LA CUESTA	1874	2022-12-07 13:44:38.018739+00	117	1
1171	MACHE	3300	2022-12-07 13:44:38.057513+00	117	1
1172	OTUZCO	2641	2022-12-07 13:44:38.096094+00	117	1
1173	PARANDAY	3141	2022-12-07 13:44:38.135664+00	117	1
1174	SALPO	3439	2022-12-07 13:44:38.173971+00	117	1
1175	SINSICAP	2284	2022-12-07 13:44:38.21151+00	117	1
1176	USQUIL	3018	2022-12-07 13:44:38.261222+00	117	1
1177	GUADALUPE	92	2022-12-07 13:44:38.299411+00	118	1
1178	JEQUETEPEQUE	20	2022-12-07 13:44:38.349784+00	118	1
1179	PACASMAYO	8	2022-12-07 13:44:38.388135+00	118	1
1180	SAN JOSE	104	2022-12-07 13:44:38.437174+00	118	1
1181	SAN PEDRO DE LLOC	43	2022-12-07 13:44:38.486603+00	118	1
1182	BULDIBUYO	3162	2022-12-07 13:44:38.536824+00	119	1
1183	CHILLIA	3118	2022-12-07 13:44:38.701162+00	119	1
1184	HUANCASPATA	2900	2022-12-07 13:44:38.772624+00	119	1
1185	HUAYLILLAS	2500	2022-12-07 13:44:38.811809+00	119	1
1186	HUAYO	2200	2022-12-07 13:44:38.930064+00	119	1
1187	ONGON	780	2022-12-07 13:44:39.041108+00	119	1
1188	PARCOY	3126	2022-12-07 13:44:39.080453+00	119	1
1189	PATAZ	2780	2022-12-07 13:44:39.118385+00	119	1
1190	PIAS	2630	2022-12-07 13:44:39.175482+00	119	1
1191	SANTIAGO DE CHALLAS	3300	2022-12-07 13:44:39.241594+00	119	1
1192	TAURIJA	3111	2022-12-07 13:44:39.27817+00	119	1
1193	TAYABAMBA	3203	2022-12-07 13:44:39.327193+00	119	1
1194	URPAY	2688	2022-12-07 13:44:39.35533+00	119	1
1195	CHUGAY	3371	2022-12-07 13:44:39.394426+00	120	1
1196	COCHORCO	2604	2022-12-07 13:44:39.434247+00	120	1
1197	CURGOS	3225	2022-12-07 13:44:39.472475+00	120	1
1198	HUAMACHUCO	3169	2022-12-07 13:44:39.522648+00	120	1
1199	MARCABAL	2930	2022-12-07 13:44:39.561177+00	120	1
1200	SANAGORAN	2670	2022-12-07 13:44:39.627263+00	120	1
1201	SARIN	2792	2022-12-07 13:44:39.666489+00	120	1
1202	SARTIMBAMBA	2697	2022-12-07 13:44:39.716002+00	120	1
1203	ANGASMARCA	2900	2022-12-07 13:44:39.755311+00	121	1
1204	CACHICADAN	2884	2022-12-07 13:44:39.794128+00	121	1
1205	MOLLEBAMBA	3054	2022-12-07 13:44:39.832441+00	121	1
1206	MOLLEPATA	2680	2022-12-07 13:44:39.89268+00	121	1
1207	QUIRUVILCA	4008	2022-12-07 13:44:39.930667+00	121	1
1208	SANTA CRUZ DE CHUCA	2924	2022-12-07 13:44:39.980812+00	121	1
1209	SANTIAGO DE CHUCO	3099	2022-12-07 13:44:40.019459+00	121	1
1210	SITABAMBA	3063	2022-12-07 13:44:40.04681+00	121	1
1211	EL PORVENIR	90	2022-12-07 13:44:40.109556+00	122	1
1212	FLORENCIA DE MORA	85	2022-12-07 13:44:40.203692+00	122	1
1213	HUANCHACO	23	2022-12-07 13:44:40.280416+00	122	1
1214	LA ESPERANZA	77	2022-12-07 13:44:40.361793+00	122	1
1215	LAREDO	89	2022-12-07 13:44:40.429116+00	122	1
1216	MOCHE	4	2022-12-07 13:44:40.478868+00	122	1
1217	POROTO	627	2022-12-07 13:44:40.516773+00	122	1
1218	SALAVERRY	3	2022-12-07 13:44:40.556319+00	122	1
1219	SIMBAL	576	2022-12-07 13:44:40.605538+00	122	1
1220	TRUJILLO	34	2022-12-07 13:44:40.645216+00	122	1
1221	VICTOR LARCO HERRERA	3	2022-12-07 13:44:40.695281+00	122	1
1222	CHAO	130	2022-12-07 13:44:40.744732+00	123	1
1223	GUADALUPITO	40	2022-12-07 13:44:40.794226+00	123	1
1224	VIRU	68	2022-12-07 13:44:40.833017+00	123	1
1225	CAYALTI	76	2022-12-07 13:44:40.881847+00	124	1
1226	CHICLAYO	29	2022-12-07 13:44:40.921266+00	124	1
1227	CHONGOYAPE	209	2022-12-07 13:44:40.960102+00	124	1
1228	ETEN	7	2022-12-07 13:44:41.010539+00	124	1
1229	ETEN PUERTO	5	2022-12-07 13:44:41.05949+00	124	1
1230	JOSE LEONARDO ORTIZ	40	2022-12-07 13:44:41.109982+00	124	1
1231	LA VICTORIA	26	2022-12-07 13:44:41.163975+00	124	1
1232	LAGUNAS	5	2022-12-07 13:44:41.236687+00	124	1
1233	MONSEFU	11	2022-12-07 13:44:41.275876+00	124	1
1234	NUEVA ARICA	175	2022-12-07 13:44:41.335004+00	124	1
1235	OYOTUN	205	2022-12-07 13:44:41.375491+00	124	1
1236	PATAPO	118	2022-12-07 13:44:41.44513+00	124	1
1237	PICSI	40	2022-12-07 13:44:41.494994+00	124	1
1238	PIMENTEL	4	2022-12-07 13:44:41.575423+00	124	1
1239	POMALCA	88	2022-12-07 13:44:41.619431+00	124	1
1240	PUCALA	82	2022-12-07 13:44:41.655545+00	124	1
1241	REQUE	22	2022-12-07 13:44:41.704613+00	124	1
1242	SANTA ROSA	10	2022-12-07 13:44:41.743867+00	124	1
1243	SAÑA	46	2022-12-07 13:44:41.782543+00	124	1
1244	TUMAN	99	2022-12-07 13:44:41.834464+00	124	1
1245	CAÑARIS	2421	2022-12-07 13:44:41.884665+00	125	1
1246	FERREÑAFE	67	2022-12-07 13:44:41.934552+00	125	1
1247	INCAHUASI	3078	2022-12-07 13:44:41.995546+00	125	1
1248	MANUEL ANTONIO MESONES MURO	62	2022-12-07 13:44:42.031869+00	125	1
1249	PITIPO	80	2022-12-07 13:44:42.070324+00	125	1
1250	PUEBLO NUEVO	57	2022-12-07 13:44:42.1218+00	125	1
1251	CHOCHOPE	215	2022-12-07 13:44:42.171495+00	126	1
1252	ILLIMO	51	2022-12-07 13:44:42.210249+00	126	1
1253	JAYANCA	61	2022-12-07 13:44:42.24827+00	126	1
1254	LAMBAYEQUE	17	2022-12-07 13:44:42.28741+00	126	1
1255	MOCHUMI	36	2022-12-07 13:44:42.325117+00	126	1
1256	MORROPE	16	2022-12-07 13:44:42.364136+00	126	1
1257	MOTUPE	130	2022-12-07 13:44:42.402449+00	126	1
1258	OLMOS	175	2022-12-07 13:44:42.440937+00	126	1
1259	PACORA	53	2022-12-07 13:44:42.479366+00	126	1
1260	SALAS	190	2022-12-07 13:44:42.51853+00	126	1
1261	SAN JOSE	8	2022-12-07 13:44:42.557124+00	126	1
1262	TUCUME	43	2022-12-07 13:44:42.595993+00	126	1
1263	BARRANCA	49	2022-12-07 13:44:42.652832+00	127	1
1264	PARAMONGA	13	2022-12-07 13:44:42.691325+00	127	1
1265	PATIVILCA	81	2022-12-07 13:44:42.741133+00	127	1
1266	SUPE	45	2022-12-07 13:44:42.78029+00	127	1
1267	SUPE PUERTO	6	2022-12-07 13:44:42.928609+00	127	1
1268	CAJATAMBO	3376	2022-12-07 13:44:43.088298+00	128	1
1269	COPA	3410	2022-12-07 13:44:43.215143+00	128	1
1270	GORGOR	3074	2022-12-07 13:44:43.340271+00	128	1
1271	HUANCAPON	3145	2022-12-07 13:44:43.408475+00	128	1
1272	MANAS	2175	2022-12-07 13:44:43.473132+00	128	1
1273	BELLAVISTA	46	2022-12-07 13:44:43.51149+00	129	1
1274	CALLAO	32	2022-12-07 13:44:43.561851+00	129	1
1275	CARMEN DE LA LEGUA REYNOSO	65	2022-12-07 13:44:43.600705+00	129	1
1276	LA PERLA	30	2022-12-07 13:44:43.639606+00	129	1
1277	LA PUNTA	6	2022-12-07 13:44:43.677817+00	129	1
1278	MI PERU	135	2022-12-07 13:44:43.717319+00	129	1
1279	VENTANILLA	31	2022-12-07 13:44:43.755645+00	129	1
1280	ARAHUAY	2505	2022-12-07 13:44:43.79461+00	130	1
1281	CANTA	2819	2022-12-07 13:44:43.861807+00	130	1
1282	HUAMANTANGA	3392	2022-12-07 13:44:43.909821+00	130	1
1283	HUAROS	3583	2022-12-07 13:44:43.949214+00	130	1
1284	LACHAQUI	3668	2022-12-07 13:44:44.026031+00	130	1
1285	SAN BUENAVENTURA	2702	2022-12-07 13:44:44.158166+00	130	1
1286	SANTA ROSA DE QUIVES	940	2022-12-07 13:44:44.274292+00	130	1
1287	ASIA	46	2022-12-07 13:44:44.340984+00	131	1
1288	CALANGO	305	2022-12-07 13:44:44.390541+00	131	1
1289	CERRO AZUL	23	2022-12-07 13:44:44.462428+00	131	1
1290	CHILCA	15	2022-12-07 13:44:44.545136+00	131	1
1291	COAYLLO	225	2022-12-07 13:44:44.594942+00	131	1
1292	IMPERIAL	85	2022-12-07 13:44:44.655512+00	131	1
1293	LUNAHUANA	479	2022-12-07 13:44:44.715761+00	131	1
1294	MALA	30	2022-12-07 13:44:44.76618+00	131	1
1295	NUEVO IMPERIAL	132	2022-12-07 13:44:44.837399+00	131	1
1296	PACARAN	700	2022-12-07 13:44:44.898799+00	131	1
1297	QUILMANA	151	2022-12-07 13:44:44.948038+00	131	1
1298	SAN ANTONIO	36	2022-12-07 13:44:45.296539+00	131	1
1299	SAN LUIS	26	2022-12-07 13:44:45.340468+00	131	1
1300	SAN VICENTE DE CAÑETE	38	2022-12-07 13:44:45.379701+00	131	1
1301	SANTA CRUZ DE FLORES	85	2022-12-07 13:44:45.440278+00	131	1
1302	ZUÑIGA	802	2022-12-07 13:44:45.49565+00	131	1
1303	ATAVILLOS ALTO	3255	2022-12-07 13:44:45.534695+00	132	1
1304	ATAVILLOS BAJO	1878	2022-12-07 13:44:45.584605+00	132	1
1305	AUCALLAMA	145	2022-12-07 13:44:45.623685+00	132	1
1306	CHANCAY	43	2022-12-07 13:44:45.661544+00	132	1
1307	HUARAL	188	2022-12-07 13:44:45.701059+00	132	1
1308	IHUARI	2822	2022-12-07 13:44:45.750639+00	132	1
1309	LAMPIAM	2450	2022-12-07 13:44:45.811607+00	132	1
1310	PACARAOS	3331	2022-12-07 13:44:45.861383+00	132	1
1311	SAN MIGUEL DE ACOS	1576	2022-12-07 13:44:45.911104+00	132	1
1312	SANTA CRUZ DE ANDAMARCA	3522	2022-12-07 13:44:45.971674+00	132	1
1313	SUMBILCA	3325	2022-12-07 13:44:46.011396+00	132	1
1314	VEINTISIETE DE NOVIEMBRE	2611	2022-12-07 13:44:46.048925+00	132	1
1315	ANTIOQUIA	1550	2022-12-07 13:44:46.110015+00	133	1
1316	CALLAHUANCA	1761	2022-12-07 13:44:46.159639+00	133	1
1317	CARAMPOMA	3408	2022-12-07 13:44:46.198847+00	133	1
1318	CHICLA	3793	2022-12-07 13:44:46.259128+00	133	1
1319	CUENCA	2780	2022-12-07 13:44:46.298191+00	133	1
1320	HUACHUPAMPA	2920	2022-12-07 13:44:46.336657+00	133	1
1321	HUANZA	3408	2022-12-07 13:44:46.375492+00	133	1
1322	HuarochirI	3146	2022-12-07 13:44:46.414324+00	133	1
1323	LAHUAYTAMBO	3338	2022-12-07 13:44:46.454274+00	133	1
1324	LANGA	2856	2022-12-07 13:44:46.492508+00	133	1
1325	LARAOS	3660	2022-12-07 13:44:46.542715+00	133	1
1326	MARIATANA	3534	2022-12-07 13:44:46.581453+00	133	1
1327	MATUCANA	2378	2022-12-07 13:44:46.631248+00	133	1
1328	RICARDO PALMA	966	2022-12-07 13:44:46.669802+00	133	1
1329	SAN ANDRES DE TUPICOCHA	3606	2022-12-07 13:44:46.719801+00	133	1
1330	SAN ANTONIO	3438	2022-12-07 13:44:46.769211+00	133	1
1331	SAN BARTOLOME	1600	2022-12-07 13:44:46.818571+00	133	1
1332	SAN DAMIAN	3235	2022-12-07 13:44:46.857251+00	133	1
1333	SAN JUAN DE IRIS	3400	2022-12-07 13:44:46.907354+00	133	1
1334	SAN JUAN DE TANTARANCHE	3436	2022-12-07 13:44:46.98727+00	133	1
1335	SAN LORENZO DE QUINTI	2680	2022-12-07 13:44:47.023709+00	133	1
1336	SAN MATEO	3149	2022-12-07 13:44:47.062527+00	133	1
1337	SAN MATEO DE OTAO	2000	2022-12-07 13:44:47.111638+00	133	1
1338	SAN PEDRO DE CASTA	3180	2022-12-07 13:44:47.150302+00	133	1
1339	SAN PEDRO DE HUANCAYRE	3135	2022-12-07 13:44:47.189769+00	133	1
1340	SANGALLAYA	2738	2022-12-07 13:44:47.227733+00	133	1
1341	SANTA CRUZ DE COCACHACRA	1426	2022-12-07 13:44:47.266823+00	133	1
1342	SANTA EULALIA	1036	2022-12-07 13:44:47.30581+00	133	1
1343	SANTIAGO DE ANCHUCAYA	3384	2022-12-07 13:44:47.355597+00	133	1
1344	SANTIAGO DE TUNA	2902	2022-12-07 13:44:47.404983+00	133	1
1345	SANTO DOMINGO DE LOS OLLEROS	2830	2022-12-07 13:44:47.454575+00	133	1
1346	SURCO	2018	2022-12-07 13:44:47.504416+00	133	1
1347	AMBAR	2082	2022-12-07 13:44:47.565041+00	134	1
1348	CALETA DE CARQUIN	14	2022-12-07 13:44:47.625435+00	134	1
1349	CHECRAS	3743	2022-12-07 13:44:47.676539+00	134	1
1350	HUACHO	30	2022-12-07 13:44:47.743279+00	134	1
1351	HUALMAY	22	2022-12-07 13:44:47.813636+00	134	1
1352	HUAURA	67	2022-12-07 13:44:47.863296+00	134	1
1353	LEONCIO PRADO	3278	2022-12-07 13:44:47.902126+00	134	1
1354	PACCHO	3240	2022-12-07 13:44:47.966367+00	134	1
1355	SANTA LEONOR	3580	2022-12-07 13:44:48.013983+00	134	1
1356	SANTA MARIA	75	2022-12-07 13:44:48.063629+00	134	1
1357	SAYAN	685	2022-12-07 13:44:48.12428+00	134	1
1358	VEGUETA	12	2022-12-07 13:44:48.183559+00	134	1
1359	ANCON	3	2022-12-07 13:44:48.221889+00	135	1
1360	ATE	355	2022-12-07 13:44:48.272224+00	135	1
1361	BARRANCO	58	2022-12-07 13:44:48.360473+00	135	1
1362	BREÑA	102	2022-12-07 13:44:48.410352+00	135	1
1363	CARABAYLLO	238	2022-12-07 13:44:48.459828+00	135	1
1364	CHACLACAYO	647	2022-12-07 13:44:48.499702+00	135	1
1365	CHORRILLOS	37	2022-12-07 13:44:48.559223+00	135	1
1366	CIENEGUILLA	300	2022-12-07 13:44:48.60958+00	135	1
1367	COMAS	140	2022-12-07 13:44:48.671317+00	135	1
1368	EL AGUSTINO	197	2022-12-07 13:44:48.720983+00	135	1
1369	INDEPENDENCIA	130	2022-12-07 13:44:48.778059+00	135	1
1370	JESUS MARIA	103	2022-12-07 13:44:48.820464+00	135	1
1371	LA MOLINA	241	2022-12-07 13:44:48.870012+00	135	1
1372	LA VICTORIA	133	2022-12-07 13:44:48.931225+00	135	1
1373	LIMA	154	2022-12-07 13:44:48.981178+00	135	1
1374	LINCE	117	2022-12-07 13:44:49.031393+00	135	1
1375	LOS OLIVOS	75	2022-12-07 13:44:49.086128+00	135	1
1376	LURIGANCHO	861	2022-12-07 13:44:49.141829+00	135	1
1377	LURIN	9	2022-12-07 13:44:49.191063+00	135	1
1378	MAGDALENA DEL MAR	58	2022-12-07 13:44:49.231051+00	135	1
1379	MIRAFLORES	94	2022-12-07 13:44:49.28024+00	135	1
1380	PACHACAMAC	96	2022-12-07 13:44:49.330379+00	135	1
1381	PUCUSANA	15	2022-12-07 13:44:49.37954+00	135	1
1382	PUEBLO LIBRE	90	2022-12-07 13:44:49.416839+00	135	1
1383	PUENTE PIEDRA	184	2022-12-07 13:44:49.566707+00	135	1
1384	PUNTA HERMOSA	102	2022-12-07 13:44:49.621322+00	135	1
1385	PUNTA NEGRA	15	2022-12-07 13:44:49.810325+00	135	1
1386	RIMAC	161	2022-12-07 13:44:49.846718+00	135	1
1387	SAN BARTOLO	30	2022-12-07 13:44:49.941338+00	135	1
1388	SAN BORJA	170	2022-12-07 13:44:50.04687+00	135	1
1389	SAN ISIDRO	109	2022-12-07 13:44:50.084948+00	135	1
1390	SAN JUAN DE LURIGANCHO	220	2022-12-07 13:44:50.145907+00	135	1
1391	SAN JUAN DE MIRAFLORES	141	2022-12-07 13:44:50.206437+00	135	1
1392	SAN LUIS	175	2022-12-07 13:44:50.256841+00	135	1
1393	SAN MARTIN DE PORRES	123	2022-12-07 13:44:50.328432+00	135	1
1394	SAN MIGUEL	50	2022-12-07 13:44:50.366561+00	135	1
1395	SANTA ANITA	195	2022-12-07 13:44:50.405481+00	135	1
1396	SANTA MARIA DEL MAR	26	2022-12-07 13:44:50.465116+00	135	1
1397	SANTA ROSA	79	2022-12-07 13:44:50.504249+00	135	1
1398	SANTIAGO DE SURCO	68	2022-12-07 13:44:50.553843+00	135	1
1399	SURQUILLO	105	2022-12-07 13:44:50.593026+00	135	1
1400	VILLA EL SALVADOR	175	2022-12-07 13:44:50.642511+00	135	1
1401	VILLA MARIA DEL TRIUNFO	158	2022-12-07 13:44:50.681451+00	135	1
1402	ANDAJES	3487	2022-12-07 13:44:50.719345+00	136	1
1403	CAUJAL	3175	2022-12-07 13:44:50.780975+00	136	1
1404	COCHAMARCA	2950	2022-12-07 13:44:50.830327+00	136	1
1405	NAVAN	3100	2022-12-07 13:44:50.964515+00	136	1
1406	OYON	3620	2022-12-07 13:44:51.013915+00	136	1
1407	PACHANGARA	2265	2022-12-07 13:44:51.112109+00	136	1
1408	ALIS	3233	2022-12-07 13:44:51.163739+00	137	1
1409	AYAUCA	3125	2022-12-07 13:44:51.21317+00	137	1
1410	AYAVIRI	3235	2022-12-07 13:44:51.2918+00	137	1
1411	AZANGARO	3465	2022-12-07 13:44:51.349064+00	137	1
1412	CACRA	2790	2022-12-07 13:44:51.401419+00	137	1
1413	CARANIA	3827	2022-12-07 13:44:51.447908+00	137	1
1414	CATAHUASI	1179	2022-12-07 13:44:51.488751+00	137	1
1415	CHOCOS	2749	2022-12-07 13:44:51.526454+00	137	1
1416	COCHAS	2831	2022-12-07 13:44:51.567163+00	137	1
1417	COLONIA	3388	2022-12-07 13:44:51.616449+00	137	1
1418	HONGOS	3205	2022-12-07 13:44:51.65623+00	137	1
1419	HUAMPARA	2478	2022-12-07 13:44:51.722882+00	137	1
1420	HUANCAYA	3554	2022-12-07 13:44:51.76629+00	137	1
1421	HUANGASCAR	2537	2022-12-07 13:44:51.804986+00	137	1
1422	HUANTAN	3290	2022-12-07 13:44:51.842859+00	137	1
1423	HUAÑEC	3202	2022-12-07 13:44:51.882739+00	137	1
1424	LARAOS	3563	2022-12-07 13:44:51.948627+00	137	1
1425	LINCHA	3458	2022-12-07 13:44:52.053147+00	137	1
1426	MADEAN	3100	2022-12-07 13:44:52.09267+00	137	1
1427	MIRAFLORES	3660	2022-12-07 13:44:52.141179+00	137	1
1428	OMAS	1539	2022-12-07 13:44:52.19191+00	137	1
1429	PUTINZA	1977	2022-12-07 13:44:52.239694+00	137	1
1430	QUINCHES	2962	2022-12-07 13:44:52.289689+00	137	1
1431	QUINOCAY	2652	2022-12-07 13:44:52.339312+00	137	1
1432	SAN JOAQUIN	2947	2022-12-07 13:44:52.390169+00	137	1
1433	SAN PEDRO DE PILAS	2656	2022-12-07 13:44:52.438894+00	137	1
1434	TANTA	4278	2022-12-07 13:44:52.477573+00	137	1
1435	TAURIPAMPA	3519	2022-12-07 13:44:52.515647+00	137	1
1436	TOMAS	3540	2022-12-07 13:44:52.555364+00	137	1
1437	TUPE	2836	2022-12-07 13:44:52.593985+00	137	1
1438	VIÑAC	3315	2022-12-07 13:44:52.666136+00	137	1
1439	VITIS	3616	2022-12-07 13:44:52.725166+00	137	1
1440	YAUYOS	2874	2022-12-07 13:44:52.77688+00	137	1
1441	BALSAPUERTO	220	2022-12-07 13:44:52.815238+00	138	1
1442	JEBEROS	165	2022-12-07 13:44:52.886546+00	138	1
1443	LAGUNAS	132	2022-12-07 13:44:52.925389+00	138	1
1444	SANTA CRUZ	126	2022-12-07 13:44:52.964777+00	138	1
1445	TENIENTE CESAR LOPEZ ROJAS	120	2022-12-07 13:44:53.013441+00	138	1
1446	YURIMAGUAS	182	2022-12-07 13:44:53.063952+00	138	1
1447	ANDOAS	210	2022-12-07 13:44:53.113188+00	139	1
1448	BARRANCA	128	2022-12-07 13:44:53.152379+00	139	1
1449	CAHUAPANAS	168	2022-12-07 13:44:53.190887+00	139	1
1450	MANSERICHE	120	2022-12-07 13:44:53.219425+00	139	1
1451	MORONA	130	2022-12-07 13:44:53.268567+00	139	1
1452	PASTAZA	120	2022-12-07 13:44:53.320752+00	139	1
1453	NAUTA	113	2022-12-07 13:44:53.356312+00	140	1
1454	PARINARI	106	2022-12-07 13:44:53.384876+00	140	1
1455	TIGRE	193	2022-12-07 13:44:53.423163+00	140	1
1456	TROMPETEROS	123	2022-12-07 13:44:53.451366+00	140	1
1457	URARINAS	112	2022-12-07 13:44:53.511354+00	140	1
1458	PEBAS	101	2022-12-07 13:44:53.583759+00	141	1
1459	RAMON CASTILLA	84	2022-12-07 13:44:53.634097+00	141	1
1460	SAN PABLO	95	2022-12-07 13:44:53.683295+00	141	1
1461	YAVARI	70	2022-12-07 13:44:53.770984+00	141	1
1462	ALTO NANAY	128	2022-12-07 13:44:53.820679+00	142	1
1463	BELEN	83	2022-12-07 13:44:53.870351+00	142	1
1464	FERNANDO LORES	108	2022-12-07 13:44:53.921746+00	142	1
1465	INDIANA	93	2022-12-07 13:44:53.972887+00	142	1
1466	IQUITOS	91	2022-12-07 13:44:54.023643+00	142	1
1467	LAS AMAZONAS	103	2022-12-07 13:44:54.072769+00	142	1
1468	MAZAN	108	2022-12-07 13:44:54.137385+00	142	1
1469	NAPO	100	2022-12-07 13:44:54.203295+00	142	1
1470	PUNCHANA	105	2022-12-07 13:44:54.285922+00	142	1
1471	SAN JUAN BAUTISTA	138	2022-12-07 13:44:54.336948+00	142	1
1472	TORRES CAUSANA	188	2022-12-07 13:44:54.383581+00	142	1
1473	PUTUMAYO	110	2022-12-07 13:44:54.418959+00	143	1
1474	ROSA PANDURO	34	2022-12-07 13:44:54.468938+00	143	1
1475	TENIENTE MANUEL CLAVERO	180	2022-12-07 13:44:54.518772+00	143	1
1476	YAGUAS	107	2022-12-07 13:44:54.567925+00	143	1
1477	ALTO TAPICHE	121	2022-12-07 13:44:54.60639+00	144	1
1478	CAPELO	118	2022-12-07 13:44:54.655831+00	144	1
1479	EMILIO SAN MARTIN	120	2022-12-07 13:44:54.698222+00	144	1
1480	JENARO HERRERA	110	2022-12-07 13:44:54.755973+00	144	1
1481	MAQUIA	122	2022-12-07 13:44:54.810922+00	144	1
1482	PUINAHUA	118	2022-12-07 13:44:54.861106+00	144	1
1483	REQUENA	114	2022-12-07 13:44:55.216051+00	144	1
1484	SAQUENA	112	2022-12-07 13:44:55.265874+00	144	1
1485	SOPLIN	123	2022-12-07 13:44:55.322634+00	144	1
1486	TAPICHE	119	2022-12-07 13:44:55.394734+00	144	1
1487	YAQUERANA	130	2022-12-07 13:44:55.44521+00	144	1
1488	CONTAMANA	134	2022-12-07 13:44:55.491446+00	145	1
1489	INAHUAYA	131	2022-12-07 13:44:55.530148+00	145	1
1490	PADRE MARQUEZ	164	2022-12-07 13:44:55.590337+00	145	1
1491	PAMPA HERMOSA	132	2022-12-07 13:44:55.629506+00	145	1
1492	SARAYACU	125	2022-12-07 13:44:55.680452+00	145	1
1493	VARGAS GUERRA	130	2022-12-07 13:44:55.730295+00	145	1
1494	FITZCARRALD	330	2022-12-07 13:44:55.77936+00	146	1
1495	HUEPETUHE	400	2022-12-07 13:44:55.818974+00	146	1
1496	MADRE DE DIOS	330	2022-12-07 13:44:55.87925+00	146	1
1497	MANU	365	2022-12-07 13:44:55.92851+00	146	1
1498	IBERIA	348	2022-12-07 13:44:55.97829+00	147	1
1499	IÑAPARI	365	2022-12-07 13:44:56.01686+00	147	1
1500	TAHUAMANU	320	2022-12-07 13:44:56.055952+00	147	1
1501	INAMBARI	305	2022-12-07 13:44:56.106237+00	148	1
1502	LABERINTO	200	2022-12-07 13:44:56.155971+00	148	1
1503	LAS PIEDRAS	260	2022-12-07 13:44:56.2063+00	148	1
1504	TAMBOPATA	186	2022-12-07 13:44:56.254828+00	148	1
1505	CHOJATA	3625	2022-12-07 13:44:56.294229+00	149	1
1506	COALAQUE	2283	2022-12-07 13:44:56.343092+00	149	1
1507	ICHUÑA	3756	2022-12-07 13:44:56.4229+00	149	1
1508	LA CAPILLA	1800	2022-12-07 13:44:56.482644+00	149	1
1509	LLOQUE	3256	2022-12-07 13:44:56.520411+00	149	1
1510	MATALAQUE	2538	2022-12-07 13:44:56.570262+00	149	1
1511	OMATE	2166	2022-12-07 13:44:56.619865+00	149	1
1512	PUQUINA	3084	2022-12-07 13:44:56.657992+00	149	1
1513	QUINISTAQUILLAS	1800	2022-12-07 13:44:56.708684+00	149	1
1514	UBINAS	3376	2022-12-07 13:44:56.759685+00	149	1
1515	YUNGA	3267	2022-12-07 13:44:56.797539+00	149	1
1516	EL ALGARROBAL	480	2022-12-07 13:44:56.835999+00	150	1
1517	ILO	15	2022-12-07 13:44:56.902943+00	150	1
1518	PACOCHA	5	2022-12-07 13:44:56.959876+00	150	1
1519	CARUMAS	2985	2022-12-07 13:44:57.007196+00	151	1
1520	CUCHUMBAYA	3120	2022-12-07 13:44:57.046196+00	151	1
1521	MOQUEGUA	1410	2022-12-07 13:44:57.107379+00	151	1
1522	SAMEGUA	1570	2022-12-07 13:44:57.143691+00	151	1
1523	SAN CRISTOBAL	3400	2022-12-07 13:44:57.194643+00	151	1
1524	TORATA	2207	2022-12-07 13:44:57.234068+00	151	1
1525	CHACAYAN	3357	2022-12-07 13:44:57.29049+00	152	1
1526	GOYLLARISQUIZGA	4170	2022-12-07 13:44:57.338998+00	152	1
1527	PAUCAR	3245	2022-12-07 13:44:57.398575+00	152	1
1528	SAN PEDRO DE PILLAO	3629	2022-12-07 13:44:57.448864+00	152	1
1529	SANTA ANA DE TUSI	3760	2022-12-07 13:44:57.502588+00	152	1
1530	TAPUC	3675	2022-12-07 13:44:57.548743+00	152	1
1531	VILCABAMBA	3445	2022-12-07 13:44:57.58605+00	152	1
1532	YANAHUANCA	3184	2022-12-07 13:44:57.626437+00	152	1
1533	CHONTABAMBA	2000	2022-12-07 13:44:57.685921+00	153	1
1534	HUANCABAMBA	1666	2022-12-07 13:44:57.761114+00	153	1
1535	OXAPAMPA	1814	2022-12-07 13:44:57.811009+00	153	1
1536	PALCAZU	460	2022-12-07 13:44:57.860726+00	153	1
1537	POZUZO	1000	2022-12-07 13:44:57.907933+00	153	1
1538	PUERTO BERMUDEZ	450	2022-12-07 13:44:57.958513+00	153	1
1539	VILLA RICA	2068	2022-12-07 13:44:57.99599+00	153	1
1540	CHAUPIMARCA	4338	2022-12-07 13:44:58.046139+00	154	1
1541	HUACHON	3400	2022-12-07 13:44:58.084775+00	154	1
1542	HUARIACA	2941	2022-12-07 13:44:58.123618+00	154	1
1543	HUAYLLAY	4310	2022-12-07 13:44:58.172823+00	154	1
1544	NINACACA	4140	2022-12-07 13:44:58.212158+00	154	1
1545	PALLANCHACRA	3115	2022-12-07 13:44:58.361566+00	154	1
1546	PAUCARTAMBO	4200	2022-12-07 13:44:58.401801+00	154	1
1547	SAN FCO. DE ASIS DE YARUSYACAN	3770	2022-12-07 13:44:58.466631+00	154	1
1548	SIMON BOLIVAR	4200	2022-12-07 13:44:58.516572+00	154	1
1549	TICLACAYAN	3500	2022-12-07 13:44:58.553023+00	154	1
1550	TINYAHUARCO	4275	2022-12-07 13:44:58.603421+00	154	1
1551	VICCO	4114	2022-12-07 13:44:58.652916+00	154	1
1552	YANACANCHA	4297	2022-12-07 13:44:58.765397+00	154	1
1553	AYABACA	2709	2022-12-07 13:44:58.842429+00	155	1
1554	FRIAS	1673	2022-12-07 13:44:58.979351+00	155	1
1555	JILILI	1319	2022-12-07 13:44:59.039134+00	155	1
1556	LAGUNAS	2216	2022-12-07 13:44:59.090459+00	155	1
1557	MONTERO	1062	2022-12-07 13:44:59.140296+00	155	1
1558	PACAIPAMPA	1967	2022-12-07 13:44:59.212619+00	155	1
1559	PAIMAS	550	2022-12-07 13:44:59.267805+00	155	1
1560	SAPILLICA	1466	2022-12-07 13:44:59.323979+00	155	1
1561	SICCHEZ	1413	2022-12-07 13:44:59.395695+00	155	1
1562	SUYO	399	2022-12-07 13:44:59.477122+00	155	1
1563	CANCHAQUE	1198	2022-12-07 13:44:59.538378+00	156	1
1564	EL CARMEN DE LA FRONTERA	2450	2022-12-07 13:44:59.587118+00	156	1
1565	HUANCABAMBA	1929	2022-12-07 13:44:59.691826+00	156	1
1566	HUARMACA	2194	2022-12-07 13:44:59.742356+00	156	1
1567	LALAQUIZ	1000	2022-12-07 13:45:00.110277+00	156	1
1568	SAN MIGUEL DE EL FAIQUE	1050	2022-12-07 13:45:00.185624+00	156	1
1569	SONDOR	2050	2022-12-07 13:45:00.245188+00	156	1
1570	SONDORILLO	1888	2022-12-07 13:45:00.284438+00	156	1
1571	BUENOS AIRES	135	2022-12-07 13:45:00.332697+00	157	1
1572	CHALACO	2200	2022-12-07 13:45:00.382957+00	157	1
1573	CHULUCANAS	92	2022-12-07 13:45:00.475133+00	157	1
1574	LA MATANZA	116	2022-12-07 13:45:00.568664+00	157	1
1575	MORROPON	131	2022-12-07 13:45:00.710441+00	157	1
1576	SALITRAL	162	2022-12-07 13:45:00.756936+00	157	1
1577	SAN JUAN DE BIGOTE	174	2022-12-07 13:45:00.817676+00	157	1
1578	SANTA CATALINA DE MOSSA	850	2022-12-07 13:45:00.866951+00	157	1
1579	SANTO DOMINGO	1475	2022-12-07 13:45:00.911968+00	157	1
1580	YAMANGO	1175	2022-12-07 13:45:00.951437+00	157	1
1581	AMOTAPE	12	2022-12-07 13:45:00.999944+00	158	1
1582	ARENAL	50	2022-12-07 13:45:01.039582+00	158	1
1583	COLAN	45	2022-12-07 13:45:01.07727+00	158	1
1584	LA HUACA	22	2022-12-07 13:45:01.126515+00	158	1
1585	PAITA	3	2022-12-07 13:45:01.175726+00	158	1
1586	TAMARINDO	17	2022-12-07 13:45:01.215785+00	158	1
1587	VICHAYAL	40	2022-12-07 13:45:01.267089+00	158	1
1588	CASTILLA	30	2022-12-07 13:45:01.317201+00	159	1
1589	CATACAOS	23	2022-12-07 13:45:01.376691+00	159	1
1590	CURA MORI	27	2022-12-07 13:45:01.437402+00	159	1
1591	EL TALLAN	23	2022-12-07 13:45:01.487105+00	159	1
1592	LA ARENA	29	2022-12-07 13:45:01.536985+00	159	1
1593	LA UNION	17	2022-12-07 13:45:01.597634+00	159	1
1594	LAS LOMAS	236	2022-12-07 13:45:01.652446+00	159	1
1595	PIURA	29	2022-12-07 13:45:01.703056+00	159	1
1596	TAMBO GRANDE	68	2022-12-07 13:45:01.754062+00	159	1
1597	VEINTISEIS DE OCTUBRE	40	2022-12-07 13:45:01.86923+00	159	1
1598	BELLAVISTA DE LA UNION	13	2022-12-07 13:45:01.918167+00	160	1
1599	BERNAL	16	2022-12-07 13:45:01.979222+00	160	1
1600	CRISTO NOS VALGA	9	2022-12-07 13:45:02.028651+00	160	1
1601	RINCONADA LLICUAR	10	2022-12-07 13:45:02.078599+00	160	1
1602	SECHURA	11	2022-12-07 13:45:02.116863+00	160	1
1603	VICE	15	2022-12-07 13:45:02.16714+00	160	1
1604	BELLAVISTA	40	2022-12-07 13:45:02.216704+00	161	1
1605	IGNACIO ESCUDERO	35	2022-12-07 13:45:02.266913+00	161	1
1606	LANCONES	120	2022-12-07 13:45:02.304703+00	161	1
1607	MARCAVELICA	48	2022-12-07 13:45:02.343657+00	161	1
1608	MIGUEL CHECA	70	2022-12-07 13:45:02.38209+00	161	1
1609	QUEROCOTILLO	65	2022-12-07 13:45:02.431823+00	161	1
1610	SALITRAL	52	2022-12-07 13:45:02.470792+00	161	1
1611	SULLANA	65	2022-12-07 13:45:02.520851+00	161	1
1612	EL ALTO	275	2022-12-07 13:45:02.569572+00	162	1
1613	LA BREA	4	2022-12-07 13:45:02.618977+00	162	1
1614	LOBITOS	28	2022-12-07 13:45:02.702288+00	162	1
1615	LOS ORGANOS	7	2022-12-07 13:45:02.751618+00	162	1
1616	MANCORA	4	2022-12-07 13:45:02.801015+00	162	1
1617	PARIÑAS	15	2022-12-07 13:45:02.839555+00	162	1
1618	ACHAYA	3846	2022-12-07 13:45:02.879005+00	163	1
1619	ARAPA	3838	2022-12-07 13:45:02.917656+00	163	1
1620	ASILLO	3909	2022-12-07 13:45:02.957877+00	163	1
1621	AZANGARO	3589	2022-12-07 13:45:03.007264+00	163	1
1622	CAMINACA	3804	2022-12-07 13:45:03.057013+00	163	1
1623	CHUPA	3840	2022-12-07 13:45:03.095694+00	163	1
1624	JOSE DOMINGO CHOQUEHUANCA	3870	2022-12-07 13:45:03.135131+00	163	1
1625	MUÑANI	3919	2022-12-07 13:45:03.184838+00	163	1
1626	POTONI	4148	2022-12-07 13:45:03.234741+00	163	1
1627	SAMAN	3830	2022-12-07 13:45:03.283694+00	163	1
1628	SAN ANTON	3960	2022-12-07 13:45:03.334662+00	163	1
1629	SAN JOSE	4082	2022-12-07 13:45:03.38326+00	163	1
1630	SAN JUAN DE SALINAS	3840	2022-12-07 13:45:03.433658+00	163	1
1631	SANTIAGO DE PUPUJA	3860	2022-12-07 13:45:03.487058+00	163	1
1632	TIRAPATA	3880	2022-12-07 13:45:03.536245+00	163	1
1633	AJOYANI	4250	2022-12-07 13:45:03.587461+00	164	1
1634	AYAPATA	3605	2022-12-07 13:45:03.636641+00	164	1
1635	COASA	3783	2022-12-07 13:45:03.68673+00	164	1
1636	CORANI	3986	2022-12-07 13:45:03.735868+00	164	1
1637	CRUCERO	4124	2022-12-07 13:45:03.785546+00	164	1
1638	ITUATA	3693	2022-12-07 13:45:03.824067+00	164	1
1639	MACUSANI	4315	2022-12-07 13:45:03.862761+00	164	1
1640	OLLACHEA	2785	2022-12-07 13:45:03.913302+00	164	1
1641	SAN GABAN	820	2022-12-07 13:45:03.951993+00	164	1
1642	USICAYOS	3875	2022-12-07 13:45:04.002302+00	164	1
1643	DESAGUADERO	3809	2022-12-07 13:45:04.062512+00	165	1
1644	HUACULLANI	3910	2022-12-07 13:45:04.124156+00	165	1
1645	JULI	3869	2022-12-07 13:45:04.162396+00	165	1
1646	KELLUYO	3830	2022-12-07 13:45:04.212626+00	165	1
1647	PISACOMA	3915	2022-12-07 13:45:04.251131+00	165	1
1648	POMATA	3863	2022-12-07 13:45:04.301335+00	165	1
1649	ZEPITA	3814	2022-12-07 13:45:04.396636+00	165	1
1650	CAPAZO	4400	2022-12-07 13:45:04.445846+00	166	1
1651	CONDURIRI	3950	2022-12-07 13:45:04.481664+00	166	1
1652	ILAVE	3847	2022-12-07 13:45:04.532308+00	166	1
1653	PILCUYO	3836	2022-12-07 13:45:04.570453+00	166	1
1654	SANTA ROSA	4026	2022-12-07 13:45:04.620316+00	166	1
1655	COJATA	4355	2022-12-07 13:45:04.65977+00	167	1
1656	HUANCANE	3841	2022-12-07 13:45:04.698392+00	167	1
1657	HUATASANI	3830	2022-12-07 13:45:04.758572+00	167	1
1658	INCHUPALLA	3932	2022-12-07 13:45:04.808679+00	167	1
1659	PUSI	3835	2022-12-07 13:45:04.858164+00	167	1
1660	ROSASPATA	3872	2022-12-07 13:45:04.909678+00	167	1
1661	TARACO	3819	2022-12-07 13:45:04.957548+00	167	1
1662	VILQUE CHICO	3825	2022-12-07 13:45:04.997077+00	167	1
1663	CABANILLA	3876	2022-12-07 13:45:05.057346+00	168	1
1664	CALAPUJA	3843	2022-12-07 13:45:05.10726+00	168	1
1665	LAMPA	3892	2022-12-07 13:45:05.20761+00	168	1
1666	NICASIO	3850	2022-12-07 13:45:05.354904+00	168	1
1667	OCUVIRI	4230	2022-12-07 13:45:05.857866+00	168	1
1668	PALCA	4020	2022-12-07 13:45:06.024076+00	168	1
1669	PARATIA	4390	2022-12-07 13:45:06.130198+00	168	1
1670	PUCARA	3860	2022-12-07 13:45:06.18591+00	168	1
1671	SANTA LUCIA	4025	2022-12-07 13:45:06.359602+00	168	1
1672	VILAVILA	4300	2022-12-07 13:45:06.475086+00	168	1
1673	ANTAUTA	4400	2022-12-07 13:45:06.541809+00	169	1
1674	AYAVIRI	3907	2022-12-07 13:45:06.614531+00	169	1
1675	CUPI	3953	2022-12-07 13:45:06.718714+00	169	1
1676	LLALLI	3980	2022-12-07 13:45:06.78663+00	169	1
1677	MACARI	3970	2022-12-07 13:45:06.836628+00	169	1
1678	MUÑOA	4016	2022-12-07 13:45:06.897051+00	169	1
1679	ORURILLO	3890	2022-12-07 13:45:06.957989+00	169	1
1680	SANTA ROSA	3993	2022-12-07 13:45:07.051969+00	169	1
1681	UMACHIRI	3904	2022-12-07 13:45:07.102279+00	169	1
1682	CONIMA	3860	2022-12-07 13:45:07.146258+00	170	1
1683	HUAYRAPATA	3870	2022-12-07 13:45:07.184892+00	170	1
1684	MOHO	3906	2022-12-07 13:45:07.224131+00	170	1
1685	TILALII	3835	2022-12-07 13:45:07.25146+00	170	1
1686	ACORA	3867	2022-12-07 13:45:07.301758+00	171	1
1687	AMANTANI	3817	2022-12-07 13:45:07.35107+00	171	1
1688	ATUNCOLLA	3822	2022-12-07 13:45:07.401475+00	171	1
1689	CAPACHICA	3860	2022-12-07 13:45:07.460967+00	171	1
1690	CHUCUITO	3871	2022-12-07 13:45:07.510823+00	171	1
1691	COATA	3814	2022-12-07 13:45:07.548626+00	171	1
1692	HUATA	3848	2022-12-07 13:45:07.609797+00	171	1
1693	MAÑAZO	3926	2022-12-07 13:45:07.648328+00	171	1
1694	PAUCARCOLLA	3847	2022-12-07 13:45:07.698298+00	171	1
1695	PICHACANI	3975	2022-12-07 13:45:07.758542+00	171	1
1696	PLATERIA	3835	2022-12-07 13:45:07.796873+00	171	1
1697	PUNO	3827	2022-12-07 13:45:07.858143+00	171	1
1698	SAN ANTONIO	4725	2022-12-07 13:45:07.907324+00	171	1
1699	TIQUILLACA	3885	2022-12-07 13:45:07.957647+00	171	1
1700	VILQUE	3860	2022-12-07 13:45:08.029328+00	171	1
1701	ANANEA	4660	2022-12-07 13:45:08.090664+00	172	1
1702	PEDRO VILCA APAZA	3852	2022-12-07 13:45:08.128755+00	172	1
1703	PUTINA	3878	2022-12-07 13:45:08.184291+00	172	1
1704	QUILCA PUNCO	3910	2022-12-07 13:45:08.223485+00	172	1
1705	SINA	2931	2022-12-07 13:45:08.261783+00	172	1
1706	CABANA	3901	2022-12-07 13:45:08.31191+00	173	1
1707	CABANILLAS	3885	2022-12-07 13:45:08.361152+00	173	1
1708	CARACOTO	3831	2022-12-07 13:45:08.433708+00	173	1
1709	JULIACA	3833	2022-12-07 13:45:08.504873+00	173	1
1710	ALTO INAMBARI	1600	2022-12-07 13:45:08.560044+00	174	1
1711	CUYOCUYO	3401	2022-12-07 13:45:08.637874+00	174	1
1712	LIMBANI	3350	2022-12-07 13:45:08.687486+00	174	1
1713	PATAMBUCO	3400	2022-12-07 13:45:08.725671+00	174	1
1714	PHARA	3450	2022-12-07 13:45:08.776085+00	174	1
1715	QUIACA	2950	2022-12-07 13:45:08.825229+00	174	1
1716	SAN JUAN DEL ORO	1320	2022-12-07 13:45:08.887002+00	174	1
1717	SAN PEDRO DE PUTINA PUNCO	950	2022-12-07 13:45:08.936562+00	174	1
1718	SANDIA	2178	2022-12-07 13:45:08.997561+00	174	1
1719	YANAHUAYA	1420	2022-12-07 13:45:09.058137+00	174	1
1720	ANAPIA	3850	2022-12-07 13:45:09.097117+00	175	1
1721	COPANI	3830	2022-12-07 13:45:09.147171+00	175	1
1722	CUTURAPI	3855	2022-12-07 13:45:09.191459+00	175	1
1723	OLLARAYA	3846	2022-12-07 13:45:09.260103+00	175	1
1724	TINICACHI	3825	2022-12-07 13:45:09.300825+00	175	1
1725	UNICACHI	3820	2022-12-07 13:45:09.392384+00	175	1
1726	YUNGUYO	3826	2022-12-07 13:45:09.489867+00	175	1
1727	ALTO BIAVO	480	2022-12-07 13:45:09.557479+00	176	1
1728	BAJO BIAVO	350	2022-12-07 13:45:09.611553+00	176	1
1729	BELLAVISTA	249	2022-12-07 13:45:09.649236+00	176	1
1730	HUALLAGA	310	2022-12-07 13:45:09.699498+00	176	1
1731	SAN PABLO	400	2022-12-07 13:45:09.748781+00	176	1
1732	SAN RAFAEL	311	2022-12-07 13:45:09.809752+00	176	1
1733	AGUA BLANCA	750	2022-12-07 13:45:09.859489+00	177	1
1734	SAN JOSE DE SISA	600	2022-12-07 13:45:09.920545+00	177	1
1735	SAN MARTIN	750	2022-12-07 13:45:09.96969+00	177	1
1736	SANTA ROSA	550	2022-12-07 13:45:10.030878+00	177	1
1737	SHATOJA	700	2022-12-07 13:45:10.168388+00	177	1
1738	ALTO SAPOSOA	820	2022-12-07 13:45:10.335077+00	178	1
1739	EL ESLABON	286	2022-12-07 13:45:10.400326+00	178	1
1740	PISCOYACU	301	2022-12-07 13:45:10.439201+00	178	1
1741	SACANCHE	272	2022-12-07 13:45:10.487701+00	178	1
1742	SAPOSOA	307	2022-12-07 13:45:10.538028+00	178	1
1743	TINGO DE SAPOSOA	313	2022-12-07 13:45:10.58722+00	178	1
1744	ALONSO DE ALVARADO	1100	2022-12-07 13:45:10.626063+00	179	1
1745	BARRANQUITA	200	2022-12-07 13:45:10.665213+00	179	1
1746	CAYNARACHI	210	2022-12-07 13:45:10.704235+00	179	1
1747	CUÑUMBUQUI	830	2022-12-07 13:45:10.764649+00	179	1
1748	LAMAS	809	2022-12-07 13:45:10.814566+00	179	1
1749	PINTO RECODO	1060	2022-12-07 13:45:10.875289+00	179	1
1750	RUMISAPA	840	2022-12-07 13:45:10.928036+00	179	1
1751	SAN ROQUE DE CUMBAZA	600	2022-12-07 13:45:10.985222+00	179	1
1752	SHANAO	1250	2022-12-07 13:45:11.024584+00	179	1
1753	TABALOSOS	1050	2022-12-07 13:45:11.070533+00	179	1
1754	ZAPATERO	800	2022-12-07 13:45:11.184348+00	179	1
1755	CAMPANILLA	400	2022-12-07 13:45:11.227896+00	180	1
1756	HIUCUNGO	335	2022-12-07 13:45:11.349791+00	180	1
1757	JUANJUI	283	2022-12-07 13:45:11.393029+00	180	1
1758	PACHIZA	328	2022-12-07 13:45:11.44244+00	180	1
1759	PAJARILLO	310	2022-12-07 13:45:11.491794+00	180	1
1760	CALZADA	786	2022-12-07 13:45:11.530879+00	181	1
1761	HABANA	600	2022-12-07 13:45:11.570501+00	181	1
1762	JEPELACIO	1113	2022-12-07 13:45:11.610408+00	181	1
1763	MOYOBAMBA	860	2022-12-07 13:45:11.921305+00	181	1
1764	SORITOR	635	2022-12-07 13:45:11.95274+00	181	1
1765	YANTALO	960	2022-12-07 13:45:12.004201+00	181	1
1766	BUENOS AIRES	215	2022-12-07 13:45:12.042017+00	182	1
1767	CASPISAPA	310	2022-12-07 13:45:12.090129+00	182	1
1768	PICOTA	223	2022-12-07 13:45:12.15046+00	182	1
1769	PILLUANA	302	2022-12-07 13:45:12.18878+00	182	1
1770	PUCACACA	217	2022-12-07 13:45:12.227873+00	182	1
1771	SAN CRISTOBAL	230	2022-12-07 13:45:12.267333+00	182	1
1772	SAN HILARION	231	2022-12-07 13:45:12.305116+00	182	1
1773	SHAMBOYACU	600	2022-12-07 13:45:12.355983+00	182	1
1774	TINGO DE PONASA	400	2022-12-07 13:45:12.416369+00	182	1
1775	TRES UNIDOS	500	2022-12-07 13:45:12.465762+00	182	1
1776	AWAJUN	1700	2022-12-07 13:45:12.504416+00	183	1
1777	ELIAS SOPLIN VARGAS	975	2022-12-07 13:45:12.567688+00	183	1
1778	NUEVA CAJAMARCA	1500	2022-12-07 13:45:12.647638+00	183	1
1779	PARDO MIGUEL	1450	2022-12-07 13:45:12.698627+00	183	1
1780	POSIC	820	2022-12-07 13:45:12.748937+00	183	1
1781	RIOJA	842	2022-12-07 13:45:12.825465+00	183	1
1782	SAN FERNANDO	1150	2022-12-07 13:45:12.874925+00	183	1
1783	YORONGOS	860	2022-12-07 13:45:12.913095+00	183	1
1784	YURACYACU	1300	2022-12-07 13:45:12.952815+00	183	1
1785	ALBERTO LEVEAU	300	2022-12-07 13:45:12.990823+00	184	1
1786	CACATACHI	295	2022-12-07 13:45:13.042236+00	184	1
1787	CHAZUTA	260	2022-12-07 13:45:13.091692+00	184	1
1788	CHIPURANA	195	2022-12-07 13:45:13.130151+00	184	1
1789	EL PORVENIR	190	2022-12-07 13:45:13.169346+00	184	1
1790	HUIMBAYOC	198	2022-12-07 13:45:13.218056+00	184	1
1791	JUAN GUERRA	330	2022-12-07 13:45:13.257304+00	184	1
1792	LA BANDA DE SHILCAYO	350	2022-12-07 13:45:13.318122+00	184	1
1793	MORALES	283	2022-12-07 13:45:13.37997+00	184	1
1794	PAPAPLAYA	192	2022-12-07 13:45:13.41735+00	184	1
1795	SAN ANTONIO	510	2022-12-07 13:45:13.534454+00	184	1
1796	SAUCE	890	2022-12-07 13:45:13.61519+00	184	1
1797	SHAPAJA	207	2022-12-07 13:45:13.688253+00	184	1
1798	TARAPOTO	333	2022-12-07 13:45:13.732599+00	184	1
1799	NUEVO PROGRESO	490	2022-12-07 13:45:13.815275+00	185	1
1800	POLVORA	450	2022-12-07 13:45:13.875508+00	185	1
1801	SHUNTE	1500	2022-12-07 13:45:13.913385+00	185	1
1802	TOCACHE	497	2022-12-07 13:45:13.963797+00	185	1
1803	UCHIZA	544	2022-12-07 13:45:14.004529+00	185	1
1804	CAIRANI	2600	2022-12-07 13:45:14.054671+00	186	1
1805	CAMILACA	3350	2022-12-07 13:45:14.093274+00	186	1
1806	CANDARAVE	3415	2022-12-07 13:45:14.143814+00	186	1
1807	CURIBAYA	2400	2022-12-07 13:45:14.192846+00	186	1
1808	HUANUARA	3150	2022-12-07 13:45:14.2527+00	186	1
1809	QUILAHUANI	3176	2022-12-07 13:45:14.291003+00	186	1
1810	ILABAYA	1425	2022-12-07 13:45:14.341568+00	187	1
1811	ITE	175	2022-12-07 13:45:14.447447+00	187	1
1812	LOCUMBA	559	2022-12-07 13:45:14.529515+00	187	1
1813	ALTO DE LA ALIANZA	575	2022-12-07 13:45:14.567183+00	188	1
1814	CALANA	875	2022-12-07 13:45:14.605982+00	188	1
1815	CIUDAD NUEVA	650	2022-12-07 13:45:14.6553+00	188	1
1816	CORONEL GREGORIO ALBARRACIN LANCHIPA	560	2022-12-07 13:45:14.716007+00	188	1
1817	INCLAN	550	2022-12-07 13:45:14.765255+00	188	1
1818	PACHIA	1090	2022-12-07 13:45:14.82039+00	188	1
1819	PALCA	2935	2022-12-07 13:45:14.870133+00	188	1
1820	POCOLLAY	670	2022-12-07 13:45:14.931181+00	188	1
1821	SAMA	374	2022-12-07 13:45:14.974503+00	188	1
1822	TACNA	562	2022-12-07 13:45:15.021238+00	188	1
1823	CHUCATAMANI	2325	2022-12-07 13:45:15.059275+00	189	1
1824	ESTIQUE	3148	2022-12-07 13:45:15.109159+00	189	1
1825	ESTIQUE - PAMPA	2850	2022-12-07 13:45:15.147248+00	189	1
1826	SITAJARA	3150	2022-12-07 13:45:15.197297+00	189	1
1827	SUSAPAYA	3390	2022-12-07 13:45:15.296421+00	189	1
1828	TARATA	3068	2022-12-07 13:45:15.345706+00	189	1
1829	TARUCACHI	3050	2022-12-07 13:45:15.395879+00	189	1
1830	TICACO	3277	2022-12-07 13:45:15.445678+00	189	1
1831	CANOAS DEL PUNTA SAL	30	2022-12-07 13:45:15.496238+00	190	1
1832	CASITAS	134	2022-12-07 13:45:15.54505+00	190	1
1833	ZORRITOS	6	2022-12-07 13:45:15.584638+00	190	1
1834	CORRALES	12	2022-12-07 13:45:15.632657+00	191	1
1835	LA CRUZ	5	2022-12-07 13:45:15.683291+00	191	1
1836	PAMPAS DE HOSPITAL	31	2022-12-07 13:45:15.743429+00	191	1
1837	SAN JACINTO	11	2022-12-07 13:45:15.80526+00	191	1
1838	SAN JUAN DE LA VIRGEN	40	2022-12-07 13:45:15.865711+00	191	1
1839	TUMBES	25	2022-12-07 13:45:15.920247+00	191	1
1840	AGUAS VERDES	8	2022-12-07 13:45:15.970887+00	192	1
1841	MATAPALO	54	2022-12-07 13:45:16.020594+00	192	1
1842	PAPAYAL	60	2022-12-07 13:45:16.060391+00	192	1
1843	ZARUMILLA	11	2022-12-07 13:45:16.108862+00	192	1
1844	RAYMONDI	450	2022-12-07 13:45:16.169901+00	193	1
1845	SEPAHUA	276	2022-12-07 13:45:16.230447+00	193	1
1846	TAHUANIA	340	2022-12-07 13:45:16.575133+00	193	1
1847	YURUA	320	2022-12-07 13:45:16.624419+00	193	1
1848	CALLERIA	154	2022-12-07 13:45:16.663575+00	194	1
1849	CAMPOVERDE	200	2022-12-07 13:45:16.724423+00	194	1
1850	IPARIA	270	2022-12-07 13:45:16.774368+00	194	1
1851	MANATAY	120	2022-12-07 13:45:16.823579+00	194	1
1852	MASISEA	225	2022-12-07 13:45:16.885701+00	194	1
1853	NUEVA REQUENA	138	2022-12-07 13:45:16.921185+00	194	1
1854	YARINACOCHA	195	2022-12-07 13:45:16.971725+00	194	1
1855	CURIMANA	150	2022-12-07 13:45:17.032689+00	195	1
1856	IRAZOLA	212	2022-12-07 13:45:17.08253+00	195	1
1857	PADRE ABAD	287	2022-12-07 13:45:17.121233+00	195	1
1858	PURUS	350	2022-12-07 13:45:17.170982+00	196	1
\.


--
-- Data for Name: Element; Type: TABLE DATA; Schema: public; Owner: dbadmin
--

COPY public."Element" (id, title_es, title_en, show_title, display_order, modified, "elementType_id", section_id, user_id) FROM stdin;
1	Slider de Presentación	Presentation Slider	f	1	2022-12-07 13:47:46.163214+00	3	1	1
2	Somos una asociación civil sin fines de lucro	Somos una asociación civil sin fines de lucro	f	1	2022-12-12 14:24:38.54293+00	1	2	1
3	Facilitar procesos de desarrollo de capacidades	Facilitar procesos de desarrollo de capacidades	f	1	2022-12-12 14:29:56.161795+00	1	3	1
4	Familias campesinas, pobladores rurales y sus líderes	Familias campesinas, pobladores rurales y sus líderes	f	1	2022-12-12 14:30:56.831133+00	1	4	1
5	Slider de estrategia de intervención	Slider de estrategia de intervención	f	1	2022-12-12 14:31:28.29101+00	3	5	1
6	Slider de actores	Slider de actores	f	1	2022-12-12 14:39:25.991705+00	3	6	1
7	Slider de Sierra Productiva	Slider de Sierra Productiva	f	1	2022-12-12 14:49:33.594285+00	3	7	1
8	Gestión integral de microcuencas	Gestión integral de microcuencas	f	1	2022-12-12 14:58:40.632392+00	1	8	1
9	Microcuenca Jabonmayo	Microcuenca Jabonmayo	f	2	2022-12-12 14:59:53.509147+00	5	8	1
10	Slider de impactos	Slider de impactos	f	1	2022-12-12 15:00:33.645726+00	3	9	1
11	Experiencias piloto de Sierra Productiva	Pilot experiences of Sierra Productiva	t	1	2022-12-12 15:27:12.84909+00	1	10	1
12	Mapa de ámbito	Mapa de ámbito	f	2	2022-12-12 15:28:01.199028+00	5	10	1
13	Slider de avances logrados	Slider de avances logrados	f	1	2022-12-12 15:28:46.645723+00	3	12	1
14	Slider de reconocimientos	Slider de reconocimientos	f	1	2022-12-12 15:31:05.959909+00	3	11	1
15	La implementación de tecnologías es uno de los pilares de nuestra propuesta	La implementación de tecnologías es uno de los pilares de nuestra propuesta	f	1	2022-12-12 15:43:13.575135+00	1	13	1
17	Escalera del progreso	Escalera del progreso	f	2	2022-12-12 16:01:52.19707+00	2	14	1
19	En Sierra Productiva, los conocimientos innovadores	En Sierra Productiva, los conocimientos innovadores	f	1	2022-12-12 17:07:14.851136+00	1	16	1
20	Si un campesino como yo lo hace, yo también puedo	If a farmer like me can do it, I can too	t	1	2022-12-12 17:08:21.628182+00	1	17	1
22	Slider destacados	Slider destacados	f	1	2022-12-12 17:12:17.946224+00	4	19	1
18	Slider de tecnologías	Slider de tecnologías	f	1	2022-12-12 17:41:03.11435+00	3	15	1
16	Nuestras tecnologías son implementadas considerando un orden de priorización	Our technologies are implemented considering an order of prioritization	f	1	2022-12-12 17:55:53.970148+00	1	14	1
23	Información de contacto	Contact Information	f	1	2022-12-12 18:24:25.945098+00	1	20	1
24	Formulario de Contacto	Formulario de Contacto	f	2	2022-12-12 18:24:36.133994+00	5	20	1
\.


--
-- Data for Name: ElementType; Type: TABLE DATA; Schema: public; Owner: dbadmin
--

COPY public."ElementType" (id, name, "htmlName", modified, user_id) FROM stdin;
1	Descriptive Article	descriptiveArticle	2022-12-07 13:38:54.183852+00	1
2	Graphic Article	graphicArticle	2022-12-07 13:39:11.231452+00	1
3	Slider	slider	2022-12-07 13:39:19.98212+00	1
4	Outstanding	outstanding	2022-12-07 13:39:29.914682+00	1
5	Html Article	htmlArticle	2022-12-07 13:39:42.25329+00	1
\.


--
-- Data for Name: GraphicArticle; Type: TABLE DATA; Schema: public; Owner: dbadmin
--

COPY public."GraphicArticle" (element_ptr_id, media_id) FROM stdin;
17	28
\.


--
-- Data for Name: HtmlDesign; Type: TABLE DATA; Schema: public; Owner: dbadmin
--

COPY public."HtmlDesign" (id, file_html, modified, user_id) FROM stdin;
1	html/microbasinMap.html	2022-12-12 14:59:31.734842+00	1
2	html/scopeMap.html	2022-12-12 15:27:58.408257+00	1
3	html/contactForm.html	2022-12-12 17:40:31.314361+00	1
\.


--
-- Data for Name: Imagen; Type: TABLE DATA; Schema: public; Owner: dbadmin
--

COPY public."Imagen" (mediaresource_ptr_id, file_image) FROM stdin;
149	images/website-image-oficial.png
4	images/img_pag_inicio_sec_mainslider_01.jpg
5	images/img_pag_inicio_sec_mainslider_02.jpg
6	images/img_pag_inicio_sec_mainslider_03.jpg
7	images/img_pag_inicio_sec_mainslider_04.jpg
8	images/favicon.ico
9	images/logo_sp_oficial.png
10	images/logo_sp_oficial_azul.png
11	images/united-kingdom.png
12	images/spain.png
13	images/rotate-icon.png
14	images/img_pag_nosotros_sec_iaa.jpg
15	images/img_pag_nosotros_sec_mision.png
16	images/img_pag_nosotros_sec_vision.jpg
17	images/img_pag_nosotros_sec_estrategia_01.png
18	images/img_pag_nosotros_sec_estrategia_02.png
19	images/img_pag_nosotros_sec_actores_01.jpg
20	images/img_pag_nosotros_sec_actores_02.jpg
21	images/img_pag_nuestrapropuesta_sec_avances.png
22	images/img_pag_nuestrapropuesta_sec_reconocimientos.png
23	images/img_pag_nuestrapropuesta_sec_sierra_01.jpg
24	images/img_pag_nuestrapropuesta_sec_sierra_02.jpg
25	images/img_pag_nuestrapropuesta_sec_impactos_econ.png
26	images/img_pag_nuestrapropuesta_sec_impactos_soci.png
27	images/img_pag_tecnologias_sec_tecnologiassp.jpg
28	images/img_pag_tecnologias_sec_escaleraprogreso.png
29	images/img_foto_tec_agroforesteria_01.png
30	images/img_foto_tec_agroforesteria_02.jpg
31	images/img_foto_tec_agroforesteria_03.jpg
32	images/img_foto_tec_agua_segura_nanofiltro_01.png
33	images/img_foto_tec_agua_segura_nanofiltro_02.png
34	images/img_foto_tec_agua_segura_nanofiltro_03.png
35	images/img_foto_tec_agua_segura_sodis_01.png
36	images/img_foto_tec_agua_segura_sodis_02.jpg
37	images/img_foto_tec_agua_segura_sodis_03.jpg
38	images/img_foto_tec_banio_seco_01.png
39	images/img_foto_tec_banio_seco_02.jpg
40	images/img_foto_tec_banio_seco_03.jpg
41	images/img_foto_tec_biodigestor_biogas_01.png
42	images/img_foto_tec_biodigestor_biogas_02.JPG
43	images/img_foto_tec_biodigestor_biogas_03.jpg
44	images/img_foto_tec_bomba_de_ariete_01.png
45	images/img_foto_tec_bomba_de_ariete_02.jpg
46	images/img_foto_tec_bomba_de_ariete_03.jpg
47	images/img_foto_tec_cocina_mejorada_01.png
48	images/img_foto_tec_cocina_mejorada_02.jpg
49	images/img_foto_tec_cocina_mejorada_03.jpg
50	images/img_foto_tec_cocina_solar_01.png
51	images/img_foto_tec_cocina_solar_02.JPG
52	images/img_foto_tec_cocina_solar_03.jpg
53	images/img_foto_tec_crianza_cuyes_01.png
54	images/img_foto_tec_crianza_cuyes_02.jpg
55	images/img_foto_tec_crianza_cuyes_03.JPG
56	images/img_foto_tec_crianza_gallinas_ponedoras_01.png
57	images/img_foto_tec_crianza_gallinas_ponedoras_02.jpg
58	images/img_foto_tec_crianza_gallinas_ponedoras_03.jpg
59	images/img_foto_tec_crianza_peces_carpa_01.png
60	images/img_foto_tec_crianza_peces_carpa_02.jpg
61	images/img_foto_tec_crianza_peces_carpa_03.jpg
62	images/img_foto_tec_ecobanio_01.png
63	images/img_foto_tec_ecobanio_02.jpg
64	images/img_foto_tec_ecobanio_03.jpg
65	images/img_foto_tec_elab_abonos_organicos_01.png
66	images/img_foto_tec_elab_abonos_organicos_02.jpg
67	images/img_foto_tec_elab_abonos_organicos_03.jpg
68	images/img_foto_tec_establo_mejorado_01.png
69	images/img_foto_tec_establo_mejorado_02.jpg
70	images/img_foto_tec_establo_mejorado_03.jpg
71	images/img_foto_tec_forraje_verde_hidroponico_01.png
72	images/img_foto_tec_forraje_verde_hidroponico_02.jpg
73	images/img_foto_tec_forraje_verde_hidroponico_03.jpg
74	images/img_foto_tec_huerto_campo_abierto_01.png
75	images/img_foto_tec_huerto_campo_abierto_02.jpg
76	images/img_foto_tec_huerto_campo_abierto_03.jpg
77	images/img_foto_tec_huerto_fitotoldo_01.png
78	images/img_foto_tec_huerto_fitotoldo_02.jpg
79	images/img_foto_tec_huerto_fitotoldo_03.jpg
80	images/img_foto_tec_luz_energia_solar_01.png
81	images/img_foto_tec_luz_energia_solar_02.jpg
82	images/img_foto_tec_luz_energia_solar_03.jpg
83	images/img_foto_tec_ocho_miniparcelas_01.png
84	images/img_foto_tec_ocho_miniparcelas_02.JPG
85	images/img_foto_tec_ocho_miniparcelas_03.jpg
86	images/img_foto_tec_pastos_asociados_01.png
87	images/img_foto_tec_pastos_asociados_02.jpg
88	images/img_foto_tec_pastos_asociados_03.jpg
89	images/img_foto_tec_refrigeradora_ecologica_01.png
90	images/img_foto_tec_refrigeradora_ecologica_02.jpg
91	images/img_foto_tec_refrigeradora_ecologica_03.jpg
92	images/img_foto_tec_riego_por_aspersion_01.png
93	images/img_foto_tec_riego_por_aspersion_02.jpg
94	images/img_foto_tec_riego_por_aspersion_03.jpg
95	images/img_foto_tec_riego_por_goteo_01.png
96	images/img_foto_tec_riego_por_goteo_02.jpg
97	images/img_foto_tec_riego_por_goteo_03.jpg
98	images/img_foto_tec_sutrane_01.png
99	images/img_foto_tec_sutrane_02.jpg
100	images/img_foto_tec_sutrane_03.jpg
101	images/img_foto_tec_terma_solar_01.png
102	images/img_foto_tec_terma_solar_02.jpg
103	images/img_foto_tec_terma_solar_03.jpg
104	images/img_foto_tec_transformacion_productos_01.png
105	images/img_foto_tec_transformacion_productos_02.JPG
106	images/img_foto_tec_transformacion_productos_03.jpg
107	images/img_foto_tec_vivienda_campesina_01.png
108	images/img_foto_tec_vivienda_campesina_02.jpg
109	images/img_foto_tec_vivienda_campesina_03.jpg
110	images/img_pag_yachachiq_sec_yachachiq.jpg
111	images/img_pag_yachachiq_sec_retoemulador.png
113	images/jaime-de-althaus.jpg
114	images/img_pag_pub_un_juntos_productivo.jpg
115	images/img_pag_pub_salto_tecnologico_para_dejar.jpg
116	images/el-comercio.jpg
117	images/gestion.jpg
118	images/img_pag_pub_sierra_productiva_ceplan.jpg
119	images/andina.jpg
120	images/img_pag_pub_lucha_contra_desnutricion.jpg
121	images/img_pag_pub_world_challenge_2010.jpg
122	images/icono_agroforestería.png
123	images/icono_agua_segura_nanofiltro.png
124	images/icono_agua_segura_sodis.png
125	images/icono_baño_seco.png
126	images/icono_biodigestor.png
127	images/icono_bomba_de_ariete.png
128	images/icono_cocina_mejorada.png
129	images/icono_cocina_solar.png
130	images/icono_crianza_de_cuyes.png
131	images/icono_crianza_de_gallinas.png
132	images/icono_pez_carpa.png
133	images/icono_ecobaño.png
134	images/icono_abonos_orgánicos.png
135	images/icono_establo_mejorado.png
136	images/icono_forraje_verde_hidropónico.png
137	images/icono_huerto_a_campo_abierto.png
138	images/icono_huerto_en_fitotoldo.png
139	images/icono_luz_con_energía_solar.png
140	images/icono_ocho_miniparcelas.png
141	images/icono_pastos_asociados.png
142	images/icono_refrigeradora_ecológica.png
143	images/icono_riego_por_aspersión.png
144	images/icono_riego_por_goteo.png
145	images/icono_sutrane.png
146	images/icono_terma_solar.png
147	images/icono_transformación_de_productos.png
148	images/icono_vivienda_campesina.png
\.


--
-- Data for Name: MediaResource; Type: TABLE DATA; Schema: public; Owner: dbadmin
--

COPY public."MediaResource" (id, "mediaType", modified, user_id) FROM stdin;
4	images	2022-12-07 13:49:40.658699+00	1
5	images	2022-12-07 14:15:34.138189+00	1
6	images	2022-12-07 14:16:53.35057+00	1
7	images	2022-12-07 14:18:11.755984+00	1
8	images	2022-12-07 14:38:02.381235+00	1
9	images	2022-12-07 14:39:14.683905+00	1
10	images	2022-12-07 14:39:24.379368+00	1
11	images	2022-12-07 14:39:35.817287+00	1
12	images	2022-12-07 14:39:49.613454+00	1
13	images	2022-12-07 14:40:09.300845+00	1
14	images	2022-12-12 14:23:09.786546+00	1
15	images	2022-12-12 14:26:05.440402+00	1
16	images	2022-12-12 14:26:33.314115+00	1
17	images	2022-12-12 14:37:19.590517+00	1
18	images	2022-12-12 14:38:23.012937+00	1
19	images	2022-12-12 14:40:12.975415+00	1
20	images	2022-12-12 14:41:05.476332+00	1
21	images	2022-12-12 14:45:49.138972+00	1
22	images	2022-12-12 14:47:17.480605+00	1
23	images	2022-12-12 14:51:00.170255+00	1
24	images	2022-12-12 14:51:54.415642+00	1
25	images	2022-12-12 15:17:46.519252+00	1
26	images	2022-12-12 15:22:46.15323+00	1
27	images	2022-12-12 15:34:36.558251+00	1
28	images	2022-12-12 16:01:49.946108+00	1
29	images	2022-12-12 16:10:21.803837+00	1
30	images	2022-12-12 16:11:10.840555+00	1
31	images	2022-12-12 16:11:19.636559+00	1
32	images	2022-12-12 16:12:18.288713+00	1
33	images	2022-12-12 16:12:26.108515+00	1
34	images	2022-12-12 16:12:34.560337+00	1
35	images	2022-12-12 16:13:56.576249+00	1
36	images	2022-12-12 16:14:04.276324+00	1
37	images	2022-12-12 16:14:10.808313+00	1
38	images	2022-12-12 16:14:54.43245+00	1
39	images	2022-12-12 16:15:03.569192+00	1
40	images	2022-12-12 16:15:09.782053+00	1
41	images	2022-12-12 16:15:56.944013+00	1
42	images	2022-12-12 16:16:04.207156+00	1
43	images	2022-12-12 16:16:14.05658+00	1
44	images	2022-12-12 16:18:54.973786+00	1
45	images	2022-12-12 16:19:01.994365+00	1
46	images	2022-12-12 16:19:08.457142+00	1
47	images	2022-12-12 16:19:58.539422+00	1
48	images	2022-12-12 16:20:07.891962+00	1
49	images	2022-12-12 16:20:15.216743+00	1
50	images	2022-12-12 16:21:11.253441+00	1
51	images	2022-12-12 16:21:18.234086+00	1
52	images	2022-12-12 16:21:28.249354+00	1
53	images	2022-12-12 16:22:32.827065+00	1
54	images	2022-12-12 16:22:39.765198+00	1
55	images	2022-12-12 16:22:46.662124+00	1
56	images	2022-12-12 16:23:29.469462+00	1
57	images	2022-12-12 16:23:35.862922+00	1
58	images	2022-12-12 16:23:45.051649+00	1
59	images	2022-12-12 16:24:44.21917+00	1
60	images	2022-12-12 16:24:53.619329+00	1
61	images	2022-12-12 16:25:29.193633+00	1
62	images	2022-12-12 16:26:39.859401+00	1
63	images	2022-12-12 16:29:01.305942+00	1
64	images	2022-12-12 16:29:10.136132+00	1
65	images	2022-12-12 16:30:54.037614+00	1
66	images	2022-12-12 16:31:01.744635+00	1
67	images	2022-12-12 16:31:10.375668+00	1
68	images	2022-12-12 16:32:01.482622+00	1
69	images	2022-12-12 16:32:08.795771+00	1
70	images	2022-12-12 16:32:16.017118+00	1
71	images	2022-12-12 16:33:09.469582+00	1
72	images	2022-12-12 16:33:16.54257+00	1
73	images	2022-12-12 16:33:24.495155+00	1
74	images	2022-12-12 16:35:33.187261+00	1
75	images	2022-12-12 16:35:41.33127+00	1
76	images	2022-12-12 16:35:51.834496+00	1
77	images	2022-12-12 16:36:47.491135+00	1
78	images	2022-12-12 16:36:56.449969+00	1
79	images	2022-12-12 16:37:10.265883+00	1
80	images	2022-12-12 16:38:18.330911+00	1
81	images	2022-12-12 16:38:31.340286+00	1
82	images	2022-12-12 16:38:40.787499+00	1
83	images	2022-12-12 16:43:32.411181+00	1
84	images	2022-12-12 16:43:39.487198+00	1
85	images	2022-12-12 16:43:48.799713+00	1
86	images	2022-12-12 16:53:07.023663+00	1
87	images	2022-12-12 16:53:16.247569+00	1
88	images	2022-12-12 16:53:26.749032+00	1
89	images	2022-12-12 16:54:20.873485+00	1
90	images	2022-12-12 16:54:31.097998+00	1
91	images	2022-12-12 16:55:06.186821+00	1
92	images	2022-12-12 16:55:58.421908+00	1
93	images	2022-12-12 16:57:16.347865+00	1
94	images	2022-12-12 16:57:26.002257+00	1
95	images	2022-12-12 16:58:47.224967+00	1
96	images	2022-12-12 16:58:55.400083+00	1
97	images	2022-12-12 16:59:03.97054+00	1
98	images	2022-12-12 16:59:57.480556+00	1
99	images	2022-12-12 17:00:13.242289+00	1
100	images	2022-12-12 17:00:24.643794+00	1
101	images	2022-12-12 17:01:11.178385+00	1
102	images	2022-12-12 17:01:20.481244+00	1
103	images	2022-12-12 17:01:29.696566+00	1
104	images	2022-12-12 17:02:17.332819+00	1
105	images	2022-12-12 17:02:28.348002+00	1
106	images	2022-12-12 17:02:40.756605+00	1
107	images	2022-12-12 17:03:26.172658+00	1
108	images	2022-12-12 17:03:37.092712+00	1
109	images	2022-12-12 17:03:48.145098+00	1
110	images	2022-12-12 17:04:52.003761+00	1
111	images	2022-12-12 17:05:21.937583+00	1
112	videos	2022-12-12 17:06:20.712063+00	1
113	images	2022-12-12 17:13:30.787796+00	1
114	images	2022-12-12 17:13:50.058874+00	1
115	images	2022-12-12 17:18:44.838379+00	1
116	images	2022-12-12 17:19:50.667424+00	1
117	images	2022-12-12 17:21:46.570269+00	1
118	images	2022-12-12 17:22:08.91076+00	1
119	images	2022-12-12 17:23:55.279432+00	1
120	images	2022-12-12 17:24:14.867897+00	1
121	images	2022-12-12 17:25:26.549935+00	1
122	images	2022-12-12 17:41:26.966184+00	1
123	images	2022-12-12 17:41:43.347935+00	1
124	images	2022-12-12 17:42:02.960765+00	1
125	images	2022-12-12 17:42:19.413545+00	1
126	images	2022-12-12 17:42:36.614212+00	1
127	images	2022-12-12 17:42:53.932572+00	1
128	images	2022-12-12 17:43:10.38143+00	1
129	images	2022-12-12 17:43:26.750128+00	1
130	images	2022-12-12 17:43:42.301217+00	1
131	images	2022-12-12 17:43:58.002813+00	1
132	images	2022-12-12 17:44:41.378527+00	1
133	images	2022-12-12 17:45:12.691916+00	1
134	images	2022-12-12 17:45:30.421254+00	1
135	images	2022-12-12 17:45:53.192788+00	1
136	images	2022-12-12 17:46:22.462385+00	1
137	images	2022-12-12 17:46:44.136208+00	1
138	images	2022-12-12 17:47:08.343368+00	1
139	images	2022-12-12 17:47:35.457629+00	1
140	images	2022-12-12 17:48:00.036029+00	1
141	images	2022-12-12 17:48:54.617762+00	1
142	images	2022-12-12 17:49:18.096592+00	1
143	images	2022-12-12 17:49:56.627781+00	1
144	images	2022-12-12 17:50:25.407278+00	1
145	images	2022-12-12 17:51:31.721768+00	1
146	images	2022-12-12 17:51:55.14415+00	1
147	images	2022-12-12 17:52:20.099282+00	1
148	images	2022-12-12 17:52:44.555818+00	1
149	images	2023-08-26 22:14:25.30012+00	1
\.


--
-- Data for Name: Outstanding; Type: TABLE DATA; Schema: public; Owner: dbadmin
--

COPY public."Outstanding" (element_ptr_id) FROM stdin;
22
\.


--
-- Data for Name: OutstandingArticle; Type: TABLE DATA; Schema: public; Owner: dbadmin
--

COPY public."OutstandingArticle" (id, title_es, title_en, article_origin, source_web, description_es, description_en, created, modified, author_id, media_id, user_id, outstanding_id) FROM stdin;
1	Un JUNTOS productivo	A Productive JUNTOS	web	http://www.lampadia.com/opiniones/jaime-de-althaus/un-juntos-productivo/	<p>El presidente Ollanta Humala pone cada vez m&aacute;s &eacute;nfasis en que hay que crecer para incluir. Pero, por alguna extra&ntilde;a raz&oacute;n, hay una conspiraci&oacute;n t&aacute;cita contra un programa que le permitir&iacute;a no solo incluir, sino incluir creciendo, un programa de inclusi&oacute;n productiva que podr&iacute;a ser el instrumento m&aacute;s potente imaginable para producir la revoluci&oacute;n redistributiva que &eacute;l quisiera. Me refiero a Sierra Productiva, que instala reservorios familiares, riego por aspersi&oacute;n y otras tecnolog&iacute;as en las chacras de los m&aacute;s pobres, que salen as&iacute; de la pobreza en menos de un a&ntilde;o.</p>	<p>President Ollanta Humala puts more and more emphasis on the need to grow to include. But, for some strange reason, there is a tacit conspiracy against a program that would allow him not only to include, but to include growing, a program of productive inclusion that could be the most powerful instrument imaginable to produce the redistributive revolution that he wanted. I am referring to Sierra Productiva, which installs family reservoirs, sprinkler irrigation and other technologies in the farms of the poorest, who thus escape poverty in less than a year.</p>	2022-12-12 17:14:12.205335+00	2022-12-12 17:14:12.205352+00	1	114	1	22
2	Salto tecnológico para dejar atrás el hambre en el campo	Technological leap to leave hunger behind in the countryside	web	http://archivo.elcomercio.pe/economia/negocios/salto-tecnologico-dejar-atras-hambre-campo_1-noticia-296462	<p>A trav&eacute;s del proyecto Mi Chacra Productiva, los campesinos m&aacute;s pobres de Huancavelica recibir&aacute;n un apoyo del Estado para, de una vez, lograr mantenerse por s&iacute; solos.</p>	<p>Through the Mi Chacra Productiva project, the poorest peasants of Huancavelica will receive support from the State so that, once and for all, they will be able to support themselves.</p>	2022-12-12 17:20:57.764981+00	2022-12-12 17:20:57.764998+00	2	115	1	22
3	Sierra Productiva será programa estratégico del Ceplan	Sierra Productiva will be Ceplan&#39;s strategic program	web	https://archivo.gestion.pe/noticia/365684/sierra-productiva-programa-estrategico-ceplan	<p>Afirm&oacute; el presidente del Centro Nacional de Planeamiento Estrat&eacute;gico, Agust&iacute;n Haya de la Torre.</p>	<p>Affirmed the president of the National Center for Strategic Planning, Agust&iacute;n Haya de la Torre.</p>	2022-12-12 17:22:29.116031+00	2022-12-12 17:22:29.116047+00	3	118	1	22
4	Profundizarán lucha contra desnutrición e impulsarán programa Sierra Productiva	The government will deepen the fight against malnutrition and boost the Sierra Productiva program	web	https://andina.pe/agencia/noticia.aspx?id=214448	<p>El Ministerio de la Mujer y Desarrollo Social (Mimdes) viene dise&ntilde;ando una propuesta en el marco del Plan Anticrisis, que comprende dos temas: por un lado, profundizar la lucha contra la desnutrici&oacute;n, y por otro lado, impulsar el programa denominado Sierra Productiva, que tiene un conjunto de tecnolog&iacute;as para campesinos.</p>	<p>The Ministry of Women and Social Development (Mimdes) has been designing a proposal within the framework of the Anti-Crisis Plan, which includes two themes: on the one hand, deepening the fight against malnutrition, and on the other hand, promoting the program called Sierra Productiva, which has a set of technologies for farmers.</p>	2022-12-12 17:24:36.778202+00	2022-12-12 17:24:36.778217+00	4	120	1	22
5	Programa peruano Sierra Productiva obtuvo segundo lugar de World Challenge 2010	Peruvian Sierra Productiva program won second place in World Challenge 2010	web	https://andina.pe/agencia/noticia.aspx?id=333552	<p>El programa peruano Sierra Productiva obtuvo el segundo lugar en la sexta edici&oacute;n del World Challenge (Desaf&iacute;o Mundial), organizado por la cadena informativa BBC de Londres y la revista Newsweek, que esta vez recibi&oacute; 800 candidaturas de m&aacute;s de 70 pa&iacute;ses.</p>	<p>The Peruvian program Sierra Productiva won second place in the sixth edition of the World Challenge, organized by the BBC in London and Newsweek magazine, which this time received 800 nominations from more than 70 countries.</p>	2022-12-12 17:25:44.246116+00	2022-12-12 17:25:44.246133+00	4	121	1	22
\.


--
-- Data for Name: Page; Type: TABLE DATA; Schema: public; Owner: dbadmin
--

COPY public."Page" (id, title_es, title_en, "styleSheetName", url_title_es, url_title_en, display_order, modified, user_id) FROM stdin;
4	INICIO	HOME	inicio	inicio	home	1	2022-12-07 01:03:36.281666+00	1
5	NOSOTROS	ABOUT US	nosotros	nosotros	about-us	2	2022-12-07 01:24:42.131167+00	1
6	NUESTRA PROPUESTA	OUR PROPOSAL	nuestrapropuesta	nuestra-propuesta	our-proposal	3	2022-12-07 01:25:04.586192+00	1
7	TECNOLOGIAS	TECHNOLOGIES	tecnologias	tecnologias	technologies	4	2022-12-07 01:25:32.719775+00	1
8	YACHACHIQS	YACHACHIQS	yachachiqs	yachachiqs	yachachiqs	5	2022-12-07 01:25:48.807722+00	1
9	DESTACADOS	OUTSTANDINGS	destacados	destacados	outstandings	6	2022-12-07 01:26:33.66958+00	1
10	CONTACTO	CONTACT	contacto	contacto	contact	7	2022-12-07 01:27:04.731416+00	1
\.


--
-- Data for Name: Province; Type: TABLE DATA; Schema: public; Owner: dbadmin
--

COPY public."Province" (id, name, modified, region_id, user_id) FROM stdin;
1	BAGUA	2022-12-07 13:42:50.501901+00	1	1
2	BONGARA	2022-12-07 13:42:52.302171+00	1	1
3	CHACHAPOYAS	2022-12-07 13:42:52.436992+00	1	1
4	CONDORCANQUI	2022-12-07 13:42:52.486931+00	1	1
5	LUYA	2022-12-07 13:42:52.536232+00	1	1
6	RODRIGUEZ DE MENDOZA	2022-12-07 13:42:52.575748+00	1	1
7	UTCUBAMBA	2022-12-07 13:42:52.636447+00	1	1
8	AIJA	2022-12-07 13:42:52.74093+00	2	1
9	ANTONIO RAYMONDI	2022-12-07 13:42:52.853259+00	2	1
10	ASUNCION	2022-12-07 13:42:52.950591+00	2	1
11	BOLOGNESI	2022-12-07 13:42:53.016251+00	2	1
12	CARHUAZ	2022-12-07 13:42:53.115276+00	2	1
13	CARLOS FERMIN FITZCARRALD	2022-12-07 13:42:53.150367+00	2	1
14	CASMA	2022-12-07 13:42:53.188+00	2	1
15	CORONGO	2022-12-07 13:42:53.216804+00	2	1
16	HUARAZ	2022-12-07 13:42:53.254814+00	2	1
17	HUARI	2022-12-07 13:42:53.293392+00	2	1
18	HUARMEY	2022-12-07 13:42:53.332252+00	2	1
19	HUAYLAS	2022-12-07 13:42:53.370002+00	2	1
20	MARISCAL LUZURIAGA	2022-12-07 13:42:53.409224+00	2	1
21	OCROS	2022-12-07 13:42:53.448244+00	2	1
22	PALLASCA	2022-12-07 13:42:53.487101+00	2	1
23	POMABAMBA	2022-12-07 13:42:53.525342+00	2	1
24	RECUAY	2022-12-07 13:42:53.564778+00	2	1
25	SANTA	2022-12-07 13:42:53.602653+00	2	1
26	SIHUAS	2022-12-07 13:42:53.641894+00	2	1
27	YUNGAY	2022-12-07 13:42:53.681601+00	2	1
28	ABANCAY	2022-12-07 13:42:53.720093+00	3	1
29	ANDAHUAYLAS	2022-12-07 13:42:53.76935+00	3	1
30	ANTABAMBA	2022-12-07 13:42:53.808287+00	3	1
31	AYMARAES	2022-12-07 13:42:53.848006+00	3	1
32	CHINCHEROS	2022-12-07 13:42:53.885801+00	3	1
33	COTABAMBAS	2022-12-07 13:42:53.924531+00	3	1
34	GRAU	2022-12-07 13:42:53.964244+00	3	1
35	AREQUIPA	2022-12-07 13:42:54.00186+00	4	1
36	CAMANA	2022-12-07 13:42:54.04077+00	4	1
37	CARAVELI	2022-12-07 13:42:54.080514+00	4	1
38	CASTILLA	2022-12-07 13:42:54.118298+00	4	1
39	CAYLLOMA	2022-12-07 13:42:54.156449+00	4	1
40	CONDESUYOS	2022-12-07 13:42:54.185033+00	4	1
41	ISLAY	2022-12-07 13:42:54.223162+00	4	1
42	LA UNION	2022-12-07 13:42:54.290018+00	4	1
43	CANGALLO	2022-12-07 13:42:54.329247+00	5	1
44	HUAMANGA	2022-12-07 13:42:54.367202+00	5	1
45	HUANCA SANCOS	2022-12-07 13:42:54.406312+00	5	1
46	HUANTA	2022-12-07 13:42:54.445455+00	5	1
47	LA MAR	2022-12-07 13:42:54.484174+00	5	1
48	LUCANAS	2022-12-07 13:42:54.523965+00	5	1
49	PARINACOCHAS	2022-12-07 13:42:54.560956+00	5	1
50	PAUCAR DEL SARA SARA	2022-12-07 13:42:54.599089+00	5	1
51	SUCRE	2022-12-07 13:42:54.638291+00	5	1
52	VICTOR FAJARDO	2022-12-07 13:42:54.678+00	5	1
53	VILCAS HUAMAN	2022-12-07 13:42:54.715336+00	5	1
54	CAJABAMBA	2022-12-07 13:42:54.754363+00	6	1
55	CAJAMARCA	2022-12-07 13:42:54.793771+00	6	1
56	CELENDIN	2022-12-07 13:42:54.832239+00	6	1
57	CHOTA	2022-12-07 13:42:54.881326+00	6	1
58	CONTUMAZA	2022-12-07 13:42:54.910829+00	6	1
59	CUTERVO	2022-12-07 13:42:54.948136+00	6	1
60	HUALGAYOC	2022-12-07 13:42:54.987308+00	6	1
61	JAEN	2022-12-07 13:42:55.026754+00	6	1
62	SAN IGNACIO	2022-12-07 13:42:55.076706+00	6	1
63	SAN MARCOS	2022-12-07 13:42:55.12553+00	6	1
64	SAN MIGUEL	2022-12-07 13:42:55.175787+00	6	1
65	SAN PABLO	2022-12-07 13:42:55.213734+00	6	1
66	SANTA CRUZ	2022-12-07 13:42:55.252857+00	6	1
67	ACOMAYO	2022-12-07 13:42:55.291885+00	7	1
68	ANTA	2022-12-07 13:42:55.330603+00	7	1
69	CALCA	2022-12-07 13:42:55.368719+00	7	1
70	CANAS	2022-12-07 13:42:55.408296+00	7	1
71	CANCHIS	2022-12-07 13:42:55.446022+00	7	1
72	CHUMBIVILCAS	2022-12-07 13:42:55.484946+00	7	1
73	CUSCO	2022-12-07 13:42:55.512064+00	7	1
74	ESPINAR	2022-12-07 13:42:55.551296+00	7	1
75	LA CONVENCION	2022-12-07 13:42:55.578946+00	7	1
76	PARURO	2022-12-07 13:42:55.617853+00	7	1
77	PAUCARTAMBO	2022-12-07 13:42:55.6452+00	7	1
78	QUISPICANCHI	2022-12-07 13:42:55.684504+00	7	1
79	URUBAMBA	2022-12-07 13:42:55.711654+00	7	1
80	ACOBAMBA	2022-12-07 13:42:55.750908+00	8	1
81	ANGARAES	2022-12-07 13:42:55.789699+00	8	1
82	CASTROVIRREYNA	2022-12-07 13:42:55.828408+00	8	1
83	CHURCAMPA	2022-12-07 13:42:55.868084+00	8	1
84	HUANCAVELICA	2022-12-07 13:42:55.960775+00	8	1
85	HUAYTARA	2022-12-07 13:42:55.999376+00	8	1
86	TAYACAJA	2022-12-07 13:42:56.038164+00	8	1
87	AMBO	2022-12-07 13:42:56.081662+00	9	1
88	DOS DE MAYO	2022-12-07 13:42:56.130518+00	9	1
89	HUACAYBAMBA	2022-12-07 13:42:56.167605+00	9	1
90	HUAMALIES	2022-12-07 13:42:56.217238+00	9	1
91	HUANUCO	2022-12-07 13:42:56.256985+00	9	1
92	LAURICOCHA	2022-12-07 13:42:56.306235+00	9	1
93	LEONCIO PRADO	2022-12-07 13:42:56.344799+00	9	1
94	MARAÑON	2022-12-07 13:42:56.383459+00	9	1
95	PACHITEA	2022-12-07 13:42:56.423795+00	9	1
96	PUERTO INCA	2022-12-07 13:42:56.460507+00	9	1
97	YAROWILCA	2022-12-07 13:42:56.511234+00	9	1
98	CHINCHA	2022-12-07 13:42:56.548837+00	10	1
99	ICA	2022-12-07 13:42:56.586114+00	10	1
100	NAZCA	2022-12-07 13:42:56.624142+00	10	1
101	PALPA	2022-12-07 13:42:56.663571+00	10	1
102	PISCO	2022-12-07 13:42:56.702094+00	10	1
103	CHANCHAMAYO	2022-12-07 13:42:56.74108+00	11	1
104	CHUPACA	2022-12-07 13:42:56.779816+00	11	1
105	CONCEPCION	2022-12-07 13:42:56.819317+00	11	1
106	HUANCAYO	2022-12-07 13:42:56.85744+00	11	1
107	JAUJA	2022-12-07 13:42:56.896258+00	11	1
108	JUNIN	2022-12-07 13:42:56.935424+00	11	1
109	SATIPO	2022-12-07 13:42:56.974512+00	11	1
110	TARMA	2022-12-07 13:42:57.012609+00	11	1
111	YAULI	2022-12-07 13:42:57.051529+00	11	1
112	ASCOPE	2022-12-07 13:42:57.089398+00	12	1
113	BOLIVAR	2022-12-07 13:42:57.128506+00	12	1
114	CHEPEN	2022-12-07 13:42:57.167438+00	12	1
115	GRAN CHIMU	2022-12-07 13:42:57.206422+00	12	1
116	JULCAN	2022-12-07 13:42:57.284627+00	12	1
117	OTUZCO	2022-12-07 13:42:57.333511+00	12	1
118	PACASMAYO	2022-12-07 13:42:57.360646+00	12	1
119	PATAZ	2022-12-07 13:42:57.400468+00	12	1
120	SANCHEZ CARRION	2022-12-07 13:42:57.438103+00	12	1
121	SANTIAGO DE CHUCO	2022-12-07 13:42:57.477117+00	12	1
122	TRUJILLO	2022-12-07 13:42:57.515904+00	12	1
123	VIRU	2022-12-07 13:42:57.555194+00	12	1
124	CHICLAYO	2022-12-07 13:42:57.59282+00	13	1
125	FERREÑAFE	2022-12-07 13:42:57.632675+00	13	1
126	LAMBAYEQUE	2022-12-07 13:42:57.670174+00	13	1
127	BARRANCA	2022-12-07 13:42:57.709589+00	14	1
128	CAJATAMBO	2022-12-07 13:42:57.7488+00	14	1
129	CALLAO	2022-12-07 13:42:57.787351+00	14	1
130	CANTA	2022-12-07 13:42:57.825455+00	14	1
131	CAÑETE	2022-12-07 13:42:57.86479+00	14	1
132	HUARAL	2022-12-07 13:42:57.903186+00	14	1
133	HUAROCHIRI	2022-12-07 13:42:57.942268+00	14	1
134	HUAURA	2022-12-07 13:42:57.991613+00	14	1
135	LIMA	2022-12-07 13:42:58.03116+00	14	1
136	OYON	2022-12-07 13:42:58.069472+00	14	1
137	YAUYOS	2022-12-07 13:42:58.098538+00	14	1
138	ALTO AMAZONAS	2022-12-07 13:42:58.136119+00	15	1
139	DATEM DEL MARAÑON	2022-12-07 13:42:58.181599+00	15	1
140	LORETO	2022-12-07 13:42:58.219778+00	15	1
141	MARISCAL RAMON CASTILLA	2022-12-07 13:42:58.258197+00	15	1
142	MAYNAS	2022-12-07 13:42:58.297382+00	15	1
143	PUTUMAYO	2022-12-07 13:42:58.335076+00	15	1
144	REQUENA	2022-12-07 13:42:58.37457+00	15	1
145	UCAYALI	2022-12-07 13:42:58.413832+00	15	1
146	MANU	2022-12-07 13:42:58.452172+00	16	1
147	TAHUAMANU	2022-12-07 13:42:58.490492+00	16	1
148	TAMBOPATA	2022-12-07 13:42:58.53005+00	16	1
149	GENERAL SANCHEZ CERRO	2022-12-07 13:42:58.567835+00	17	1
150	ILO	2022-12-07 13:42:58.923255+00	17	1
151	MARISCAL NIETO	2022-12-07 13:42:58.961745+00	17	1
152	DANIEL ALCIDES CARRION	2022-12-07 13:42:59.000723+00	18	1
153	OXAPAMPA	2022-12-07 13:42:59.038988+00	18	1
154	PASCO	2022-12-07 13:42:59.078495+00	18	1
155	AYABACA	2022-12-07 13:42:59.116791+00	19	1
156	HUANCABAMBA	2022-12-07 13:42:59.172102+00	19	1
157	MORROPON	2022-12-07 13:42:59.211981+00	19	1
158	PAITA	2022-12-07 13:42:59.277883+00	19	1
159	PIURA	2022-12-07 13:42:59.337877+00	19	1
160	SECHURA	2022-12-07 13:42:59.37787+00	19	1
161	SULLANA	2022-12-07 13:42:59.416908+00	19	1
162	TALARA	2022-12-07 13:42:59.455296+00	19	1
163	AZANGARO	2022-12-07 13:42:59.49361+00	20	1
164	CARABAYA	2022-12-07 13:42:59.532196+00	20	1
165	CHUCUITO	2022-12-07 13:42:59.570806+00	20	1
166	EL COLLAO	2022-12-07 13:42:59.612228+00	20	1
167	HUANCANE	2022-12-07 13:42:59.646919+00	20	1
168	LAMPA	2022-12-07 13:42:59.685898+00	20	1
169	MELGAR	2022-12-07 13:42:59.713411+00	20	1
170	MOHO	2022-12-07 13:42:59.753168+00	20	1
171	PUNO	2022-12-07 13:42:59.791323+00	20	1
172	SAN ANTONIO DE PUTINA	2022-12-07 13:42:59.830471+00	20	1
173	SAN ROMAN	2022-12-07 13:42:59.868657+00	20	1
174	SANDIA	2022-12-07 13:42:59.908122+00	20	1
175	YUNGUYO	2022-12-07 13:42:59.946212+00	20	1
176	BELLAVISTA	2022-12-07 13:42:59.985402+00	21	1
177	EL DORADO	2022-12-07 13:43:00.023171+00	21	1
178	HUALLAGA	2022-12-07 13:43:00.118174+00	21	1
179	LAMAS	2022-12-07 13:43:00.172447+00	21	1
180	MARISCAL CACERES	2022-12-07 13:43:00.206386+00	21	1
181	MOYOBAMBA	2022-12-07 13:43:00.244727+00	21	1
182	PICOTA	2022-12-07 13:43:00.305673+00	21	1
183	RIOJA	2022-12-07 13:43:00.378176+00	21	1
184	SAN MARTIN	2022-12-07 13:43:00.438917+00	21	1
185	TOCACHE	2022-12-07 13:43:00.500311+00	21	1
186	CANDARAVE	2022-12-07 13:43:00.571049+00	22	1
187	JORGE BASADRE	2022-12-07 13:43:00.621192+00	22	1
188	TACNA	2022-12-07 13:43:00.680617+00	22	1
189	TARATA	2022-12-07 13:43:00.731001+00	22	1
190	CONTRALMIRANTE VILLAR	2022-12-07 13:43:00.769127+00	23	1
191	TUMBES	2022-12-07 13:43:00.819021+00	23	1
192	ZARUMILLA	2022-12-07 13:43:00.857535+00	23	1
193	ATALAYA	2022-12-07 13:43:00.90741+00	24	1
194	CORONEL PORTILLO	2022-12-07 13:43:00.956625+00	24	1
195	PADRE ABAD	2022-12-07 13:43:01.029972+00	24	1
196	PURUS	2022-12-07 13:43:01.079459+00	24	1
\.


--
-- Data for Name: Region; Type: TABLE DATA; Schema: public; Owner: dbadmin
--

COPY public."Region" (id, name, scope, modified, country_id, user_id) FROM stdin;
1	AMAZONAS	5000	2022-12-07 13:42:40.074519+00	1	1
2	ANCASH	6000	2022-12-07 13:42:41.672638+00	1	1
3	APURIMAC	7000	2022-12-07 13:42:41.765822+00	1	1
4	AREQUIPA	8000	2022-12-07 13:42:41.865754+00	1	1
5	AYACUCHO	5000	2022-12-07 13:42:41.931431+00	1	1
6	CAJAMARCA	6000	2022-12-07 13:42:42.032069+00	1	1
7	CUSCO	7000	2022-12-07 13:42:42.086049+00	1	1
8	HUANCAVELICA	8000	2022-12-07 13:42:42.12463+00	1	1
9	HUANUCO	0	2022-12-07 13:42:42.224376+00	1	1
10	ICA	9000	2022-12-07 13:42:42.284444+00	1	1
11	JUNIN	1000	2022-12-07 13:42:42.323865+00	1	1
12	LA LIBERTAD	2000	2022-12-07 13:42:42.361944+00	1	1
13	LAMBAYEQUE	0	2022-12-07 13:42:42.439396+00	1	1
14	LIMA	3000	2022-12-07 13:42:42.478655+00	1	1
15	LORETO	0	2022-12-07 13:42:42.534469+00	1	1
16	MADRE DE DIOS	0	2022-12-07 13:42:42.572582+00	1	1
17	MOQUEGUA	4000	2022-12-07 13:42:42.611616+00	1	1
18	PASCO	5000	2022-12-07 13:42:42.650211+00	1	1
19	PIURA	0	2022-12-07 13:42:42.689232+00	1	1
20	PUNO	6000	2022-12-07 13:42:42.727526+00	1	1
21	SAN MARTIN	7000	2022-12-07 13:42:42.765945+00	1	1
22	TACNA	0	2022-12-07 13:42:42.805144+00	1	1
23	TUMBES	0	2022-12-07 13:42:42.84333+00	1	1
24	UCAYALI	0	2022-12-07 13:42:42.882738+00	1	1
\.


--
-- Data for Name: Section; Type: TABLE DATA; Schema: public; Owner: dbadmin
--

COPY public."Section" (id, title_es, title_en, show_title, display_order, modified, media_id, page_id, user_id) FROM stdin;
1	Presentación	Presentation	f	1	2022-12-07 14:18:43.536726+00	\N	4	1
2	Instituto para Una Alternativa Agraria - I.A.A.	Instituto para Una Alternativa Agraria - I.A.A.	t	1	2022-12-12 14:23:12.290574+00	14	5	1
3	Nuestra Misión	Our Mission	t	2	2022-12-12 14:26:07.544333+00	15	5	1
4	Nuestra Visión	Our Vision	t	3	2022-12-12 14:26:34.610632+00	16	5	1
5	Estrategia de Intervención	Intervention Strategy	t	4	2022-12-12 14:27:51.076134+00	\N	5	1
6	Actores con los que trabajamos	Actors with whom we Work	t	5	2022-12-12 14:28:11.091327+00	\N	5	1
7	Sierra Productiva	Sierra Productiva	t	1	2022-12-12 14:42:46.067077+00	\N	6	1
8	Enfoque de la propuesta	Proposal Approaches	t	2	2022-12-12 14:43:02.478734+00	\N	6	1
9	Impáctos de la Propuesta	Proposal Impacts	t	3	2022-12-12 14:43:22.640618+00	\N	6	1
10	Alcance Territorial	Territorial Scope	t	4	2022-12-12 14:43:36.773218+00	\N	6	1
11	Reconocimientos Obtenidos	Acknowledgments Achieved	t	6	2022-12-12 14:47:33.654545+00	22	6	1
12	Avances Logrados en Normatividad	Advances Achieved in Regulations	t	5	2022-12-12 14:47:51.524818+00	21	6	1
13	Tecnologías de Sierra Productiva	Technologies of Sierra Productiva	t	1	2022-12-12 15:34:38.950836+00	27	7	1
14	Escalera del Progreso	Ladder of Progress	t	2	2022-12-12 15:34:55.499351+00	\N	7	1
15	Conociendo Nuestras Tecnologías	Knowing Our Technologies	t	3	2022-12-12 15:35:14.093893+00	\N	7	1
16	Yachachiq de Sierra Productiva	Yachachiq of Sierra Productiva	t	1	2022-12-12 17:04:53.649234+00	110	8	1
17	Reto Emulador	Emulator Challenge	t	2	2022-12-12 17:05:23.779648+00	111	8	1
18	Yachachiq Reporteros	Yachachiq Reporters	t	3	2022-12-12 17:06:24.698468+00	112	8	1
20	Contáctanos	Contact Us	t	1	2022-12-12 17:26:49.054197+00	\N	10	1
19	Otros hablan de nosotros	Other talk about us	f	1	2022-12-12 18:27:07.39961+00	\N	9	1
\.


--
-- Data for Name: Slider; Type: TABLE DATA; Schema: public; Owner: dbadmin
--

COPY public."Slider" (element_ptr_id, size, "transitionType", "display_sliderList") FROM stdin;
1	fullscreen	automatic	f
5	fullscreen	interactive	f
6	fullscreen	interactive	f
7	fullscreen	interactive	f
10	fullscreen	interactive	f
13	fullscreen	interactive	f
14	fullscreen	interactive	f
18	fullscreen	interactive	t
\.


--
-- Data for Name: SliderElement; Type: TABLE DATA; Schema: public; Owner: dbadmin
--

COPY public."SliderElement" (id, title_es, title_en, show_title, description_es, description_en, media_display_type, display_order, modified, list_icon_id, user_id, slider_id) FROM stdin;
7	Actores Principales	Main Actors	t	<p>La alianza estrat&eacute;gica FDCC - IAA continuar&aacute; trabajando con familias campesinas comuneras y sus organizaciones (federaciones campesinas y organizaciones de productores), yachachiq, j&oacute;venes de zonas rurales, l&iacute;deres rurales, estudiantes y maestros rurales. Se est&aacute; iniciando un proceso para incorporar a familias de zonas urbano marginales y sus organizaciones, en especial a las asociaciones de residentes.</p>	<p>The strategic alliance FDCC - IAA will continue working with peasant community families and their organizations (peasant federations and producer organizations), yachachiq, rural youth, rural leaders, students and rural teachers. A process is being initiated to incorporate families from marginal urban areas and their organizations, especially resident associations.</p>	simple	1	2022-12-12 14:40:15.011656+00	\N	1	6
43	Terma solar	Solar thermal	t	<p>El objetivo principal es mejorar la calidad de vida de las familias a trav&eacute;s de la higiene personal y de la vivienda.</p>\r\n\r\n<p>Tenemos agua caliente las 24 horas del d&iacute;a para lavarnos y ba&ntilde;arnos. As&iacute; mismo, el agua caliente permite a las familias campesinas realizar la adecuada limpieza de sus viviendas y dem&aacute;s actividades, especialmente para las familias que viven en zonas andinas muy fr&iacute;as.</p>\r\n\r\n<p>Las familias campesinas ya no est&aacute;n propensas a adquirir enfermedades respiratorias agudas por el continuo contacto con el agua fr&iacute;a.</p>	<p>The main objective is to improve the quality of life of families through personal hygiene and housing.</p>\r\n\r\n<p>We have hot water 24 hours a day to wash and bathe. Likewise, hot water allows peasant families to properly clean their homes and other activities, especially for families living in very cold Andean areas.</p>\r\n\r\n<p>Peasant families are no longer prone to acquiring acute respiratory diseases from continuous contact with cold water.</p>	multiple	25	2022-12-12 17:51:56.69313+00	146	1	18
1	Formamos personas, transformamos vidas	We train people, we transform lives	t	<p>Mejora del capital humano mediante acceso a conocimientos innovadores en ciencia y tecnolog&iacute;a.</p>	<p>Improvement of human capital through access to innovative knowledge in science and technology.</p>	simple	1	2022-12-07 13:49:43.204155+00	\N	1	1
2	Autogestión	Self-management	t	<p>Sierra Productiva se crea porque busca que las familias campesinas en zonas rurales, tengan una producci&oacute;n viable, rentable, emprendedora y sobre todo auto-sostenible.</p>	<p>Sierra Productiva is created because it seeks that rural families in rural areas have a viable, profitable, entrepreneurial and, above all, self-sustainable production.</p>	simple	2	2022-12-07 14:15:36.589281+00	\N	1	1
3	Emprendimiento	Entrepreneurship	t	<p>Gracias a la producci&oacute;n de alimentos org&aacute;nicos y por su valor nutricional, se pueden comercializar productos cumpliendo estrictos est&aacute;ndares de calidad.</p>	<p>Thanks to the production of organic food and its nutritional value, products that meet strict quality standards can be marketed.</p>	simple	3	2022-12-07 14:17:01.654283+00	\N	1	1
4	Educación productiva	Productive education	t	<p>A trav&eacute;s de nuestra filosof&iacute;a de transmisi&oacute;n de conocimientos, formamos y capacitamos con el objetivo de mejorar la calidad de vida de las familias.</p>	<p>Through our philosophy of knowledge transmission, we train with the objective of improving the quality of life of families.</p>	simple	4	2022-12-07 14:18:13.499643+00	\N	1	1
5	Facilitación de Procesos Sociales de Cambio	Facilitation of Social Change Processes	t	<p>Capacitar a familias campesinas, pobladores rurales y sus l&iacute;deres, y facilitar procesos de incidencia hacia autoridades y funcionarios de gobiernos y del Estado, a directivos y funcionarios de las empresas y de la cooperaci&oacute;n, para que se facilite un cambio en el patr&oacute;n de inversi&oacute;n hacia el desarrollo de capacidades e implementaci&oacute;n de tecnolog&iacute;as que promuevan el acceso al mercado de millones de familias de peque&ntilde;a producci&oacute;n campesina.</p>	<p>Train peasant families, rural people and their leaders, and facilitate advocacy processes towards government and state officials and officials, managers and business and cooperation officials, so that a change in the investment pattern towards the development of capacities and implementation of technologies that promote the access to the market of millions of families of small peasant production.</p>	simple	1	2022-12-12 14:37:21.327509+00	\N	1	5
6	Através de:	Through:	t	<ul>\r\n\t<li><span>Diagnóstico participativo.</span></li>\r\n\t<li><span>Elaboración conjunta de la propuesta.</span></li>\r\n\t<li><span>Experiencias demostrativas para la validación de componentes complementarios a la propuesta.</span></li>\r\n\t<li><span>Continuar con la re-aplicación de la propuesta para su validación en el ámbito nacional (sierra, costa y selva).</span></li>\r\n\t<li><span>Generalización de la propuesta a través de procesos de incidencia en políticas de gobierno, en políticas de responsabilidad social de las empresas y políticas de cooperación.\r\n\t</span></li>\r\n</ul>	<ul>\r\n\t<li><span>Participatory diagnosis.</span></li>\r\n\t<li><span>Joint elaboration of the proposal.</span></li>\r\n\t<li><span>Demonstrative experiences for the validation of complementary components to the proposal.</span></li>\r\n\t<li><span>Continue with the re-application of the proposal for validation at the national level (andean, coast and jungle regions).</span></li>\r\n\t<li><span>Generalization of the proposal through processes of impact on government policies, on corporate social responsibility policies and cooperation policies.\r\n\t</span></li>\r\n</ul>	simple	2	2022-12-12 14:38:25.829635+00	\N	1	5
8	Otros Actores	Other Actors	t	<ul>\r\n\t<li><span>Universidades nacionales y extranjeras (catedr&aacute;ticos y estudiantes).</span></li>\r\n\t<li><span>Instituciones educativas de niveles inicial, primaria, secundaria y superior no universitario.</span></li>\r\n\t<li><span>ONGs que trabajan en desarrollo rural y sus sedes (locales, regionales, nacionales e internacional).</span></li>\r\n\t<li><span>Gobiernos locales y regionales, gobierno nacional.</span></li>\r\n\t<li><span>Defensor&iacute;a del pueblo.</span></li>\r\n\t<li><span>Patronatos.</span></li>\r\n\t<li><span>Empresas privadas, asociaciones de empresarios y grupos econ&oacute;micos.</span></li>\r\n\t<li><span>Personas y organizaciones filantr&oacute;picas.</span></li>\r\n\t<li><span>Entidades bancarias.</span></li>\r\n\t<li><span>UNICEF.</span></li>\r\n\t<li><span>FAO.</span></li>\r\n</ul>	<ul>\r\n\t<li><span>National and foreign universities (professors and students).</span></li>\r\n\t<li><span>Educational institutions of initial, primary school, high school and higher levels not university.</span></li>\r\n\t<li><span>NGOs that work in rural development and their headquarters (local, regional, national and international).</span></li>\r\n\t<li><span>Local and regional governments, national government.</span></li>\r\n\t<li><span>Ombudsman.</span></li>\r\n\t<li><span>Patronage.</span></li>\r\n\t<li><span>Private companies, business associations and economic groups.</span></li>\r\n\t<li><span>Philanthropic people and organizations.</span></li>\r\n\t<li><span>Bank entities.</span></li>\r\n\t<li><span>UNICEF.</span></li>\r\n\t<li><span>FAO.</span></li>\r\n</ul>	simple	2	2022-12-12 14:41:07.954004+00	\N	1	6
9	Formamos personas, transformamos Vidas	Formamos personas, transformamos Vidas	f	<p>Es una propuesta de desarrollo para la peque&ntilde;a producci&oacute;n campesina, protagonizada por organizaciones campesinas de base, federaciones y asociaciones, con la labor de facilitaci&oacute;n del Instituto para una Alternativa Agraria &ndash; I.A.A.</p>\r\n\r\n<p>Surgi&oacute; en Cusco, en la micro cuenca Jabon Mayo, provincia de Canas a 4000 m.s.n.m en el a&ntilde;o 1994 con una experimentaci&oacute;n orientada a demostrar que la peque&ntilde;a unidad productiva familiar campesina es viable y rentable.</p>	<p>It is a development proposal for small peasant production, starring peasant organizations, federations and associations, with the facilitation work of the Institute for an Agrarian Alternative - I.A.A.</p>\r\n\r\n<p>It emerged in Cusco, in the Jabon Mayo microbasin, province of Canas at 4000 m.a.s.l. in 1994 with an experiment aimed at demonstrating that the small peasant family productive unit is viable and profitable.</p>	simple	1	2022-12-12 14:51:02.23025+00	\N	1	7
10	Se produce una combinación sinérgica	Se produce una combinación sinérgica	f	<p>Se produce una combinaci&oacute;n sin&eacute;rgica entre conocimientos innovadores con implementaci&oacute;n de tecnolog&iacute;as que conducen a un aprovechamiento &oacute;ptimo de las potencialidades que posee la econom&iacute;a familiar campesina; sus recursos naturales (agua, tierra, cobertura vegetal), recursos productivos (semillas, cultivos, crianzas menores y mayores, y herramientas) y recursos culturales con profundas ra&iacute;ces de saberes ancestrales; dejan de ser econom&iacute;as de sobrevivencia y pasan a convertirse en econom&iacute;as emprendedoras.</p>	<p>There is a synergistic combination of innovative knowledge with the implementation of technologies that lead to an optimal use of the potential of the peasant family economy; its natural resources (water, land, vegetation cover), productive resources (seeds, crops, minor and major aging, and tools) and cultural resources with deep roots of ancestral knowledge; They cease to be surviving economies and become entrepreneurial economies.</p>	simple	2	2022-12-12 14:51:57.932958+00	\N	1	7
23	Biodigestor para producir biogas	Biodigester to produce biogas	t	<p>Est&aacute; compuesto por el biodigestor, que es una manga de geomembrana donde se almacena esti&eacute;rcol diluido. Se cubre con un invernadero para incrementar la temperatura. El esti&eacute;rcol se fermenta y produce biog&aacute;s que se capta en el gas&oacute;metro que es un tanque parecido al bal&oacute;n de gas.</p>\r\n\r\n<p>Podemos cocinar con gas sin necesidad de comprarlo de la tienda. Adem&aacute;s del gas, obtenemos bi&oacute;l, utilizado como biocida para combatir los bichos y plagas que atacan a los cultivos. As&iacute; mismo, podemos utilizarlo como abono org&aacute;nico para mejorar la nutrici&oacute;n de las plantas y as&iacute; incrementar la producci&oacute;n de los cultivos.</p>	<p>It is composed of the biodigester, which is a geomembrane sleeve where diluted manure is stored. It is covered with a greenhouse to increase the temperature. The manure is fermented and produces biogas that is captured in the gasometer, which is a tank similar to a gas cylinder.</p>\r\n\r\n<p>We can cook with gas without having to buy it from the store. In addition to gas, we obtain biol, used as a biocide to combat vermin and pests that attack crops. Likewise, we can use it as organic fertilizer to improve plant nutrition and thus increase crop production.</p>	multiple	5	2022-12-12 17:42:38.800028+00	126	1	18
24	Bomba de Ariete	Rum Pump	t	<p>Reemplaza a la bomba de agua el&eacute;ctrica. Podemos bombear agua desde una zona baja hacia reservorios ubicados en zonas altas, con el objetivo de almacenar agua y realizar el riego tecnificado posteriormente.</p>\r\n\r\n<p>Los Yachachiq construyen manualmente la bomba, y en un proceso de adaptaci&oacute;n crearon diferentes modelos, unos m&aacute;s eficientes que otros. Pero en general ayuda al desarrollo de la creatividad de los campesinos.</p>\r\n\r\n<p>Usar una bomba de ariete no requiere energ&iacute;a el&eacute;ctrica. Podemos acceder a este servicio en cualquier lugar incluso donde no haya servicio de energ&iacute;a el&eacute;ctrica. As&iacute; mismo, permite el ahorro econ&oacute;mico.</p>	<p>Replaces the electric water pump. We can pump water from a low area to reservoirs located in high areas, in order to store water and carry out modernized irrigation later.</p>\r\n\r\n<p>The Yachachiq build the pump manually, and in a process of adaptation they created different models, some more efficient than others. But in general it helps the development of the creativity of the peasants.</p>\r\n\r\n<p>Using a ram pump does not require electrical power. We can access this service anywhere even where there is no electricity service. Likewise, it allows economic savings.</p>	multiple	6	2022-12-12 17:42:55.129899+00	127	1	18
19	Agroforestería	Agroforestry	t	<p>Para tener arbustos en los linderos de nuestras parcelas de cultivo (huertos, 8 mini parcelas y pastos), para que sean cortinas rompe vientos, para que protejan a los cultivos de las heladas y crear micro climas para una mejor producci&oacute;n.</p>\r\n\r\n<p>As&iacute; mismo, agroforester&iacute;a para proteger manantes, con especies nativas que ayuden a captar agua hacia el subsuelo, para que los manantes tengan mayor producci&oacute;n de agua.</p>\r\n\r\n<p>Finalmente, agroforester&iacute;a y forestaci&oacute;n para proteger laderas y mejorar la calidad del suelo y cosechar agua de lluvias.</p>	<p>To have shrubs on the borders of our cultivation plots (orchards, 8 mini plots and pastures), to be windbreaks, to protect crops from frost and create micro climates for better production.</p>\r\n\r\n<p>Likewise, agroforestry to protect springs with native species that help capture water to the subsoil, so that springs have greater water production.</p>\r\n\r\n<p>Finally, agroforestry and afforestation to protect slopes and improve soil quality and harvest rainwater.</p>	multiple	1	2022-12-12 17:41:29.243677+00	122	1	18
11	Productivos	Productives	t	<div class="div_tabla">\r\n<div class="div_tabla_fila">\r\n<div class="div_tabla_columna">\r\n<div class="div_tabla_imagen"><img alt="" src="/static/media/ckeditor-images/2022/12/12/img_pag_nuestrapropuesta_sec_impactoproductivo_01.png" style="height:50px; width:50px" /></div>\r\n\r\n<div class="div_tabla_texto">\r\n<div class="div_texto_sinsp">\r\n<p>Antes:<br />\r\nLluvia natural de<br />\r\n<strong>2 a 3 MESES/A&Ntilde;O</strong></p>\r\n</div>\r\n\r\n<div class="div_texto_consp">\r\n<p>Ahora:<br />\r\nLluvia artificial con<br />\r\nRiego tecnificado los<br />\r\n<strong>12 MESES/A&Ntilde;O</strong></p>\r\n</div>\r\n</div>\r\n</div>\r\n\r\n<div class="div_tabla_columna">\r\n<div class="div_tabla_imagen"><img alt="" src="/static/media/ckeditor-images/2022/12/12/img_pag_nuestrapropuesta_sec_impactoproductivo_02.png" style="height:50px; width:50px" /></div>\r\n\r\n<div class="div_tabla_texto">\r\n<div class="div_texto_sinsp">\r\n<p>Antes:<br />\r\nPastos naturales por<br />\r\n<strong>3 MESES/A&Ntilde;O</strong></p>\r\n</div>\r\n\r\n<div class="div_texto_consp">\r\n<p>Ahora:<br />\r\nPastos cultivados con<br />\r\nRiego tecnificado los<br />\r\n<strong>12 MESES/A&Ntilde;O</strong></p>\r\n</div>\r\n</div>\r\n</div>\r\n\r\n<div class="div_tabla_columna">\r\n<div class="div_tabla_imagen"><img alt="" src="/static/media/ckeditor-images/2022/12/12/img_pag_nuestrapropuesta_sec_impactoproductivo_03.png" style="height:50px; width:50px" /></div>\r\n\r\n<div class="div_tabla_texto">\r\n<div class="div_texto_sinsp">\r\n<p>Antes:<br />\r\nPastos naturales crecen<br />\r\n<strong>5 CM (1 CORTE/A&Ntilde;O)</strong></p>\r\n</div>\r\n\r\n<div class="div_texto_consp">\r\n<p>Ahora:<br />\r\nPastos cultivados con<br />\r\nRiego tecnificado crecen<br />\r\n<strong>100 CM (5 CORTES/A&Ntilde;O)</strong></p>\r\n</div>\r\n</div>\r\n</div>\r\n</div>\r\n\r\n<div class="div_tabla_fila">\r\n<div class="div_tabla_columna">\r\n<div class="div_tabla_imagen"><img alt="" src="/static/media/ckeditor-images/2022/12/12/img_pag_nuestrapropuesta_sec_impactoproductivo_04.png" style="height:50px; width:50px" /></div>\r\n\r\n<div class="div_tabla_texto">\r\n<div class="div_texto_sinsp">\r\n<p>Antes:<br />\r\nHortalizas m&aacute;ximo<br />\r\n<strong>3 VARIEDADES</strong></p>\r\n</div>\r\n\r\n<div class="div_texto_consp">\r\n<p>Ahora:<br />\r\nHuerto a campo abierto<br />\r\nHuerto en fitotoldo<br />\r\n<strong>20 VARIEDADES</strong></p>\r\n</div>\r\n</div>\r\n</div>\r\n\r\n<div class="div_tabla_columna">\r\n<div class="div_tabla_imagen"><img alt="" src="/static/media/ckeditor-images/2022/12/12/img_pag_nuestrapropuesta_sec_impactoproductivo_05.png" style="height:50px; width:50px" /></div>\r\n\r\n<div class="div_tabla_texto">\r\n<div class="div_texto_sinsp">\r\n<p>Antes:<br />\r\nCrianza artesanal<br />\r\nS&oacute;lo para consumo familiar<br />\r\n<strong>10 a 15 CUYES</strong></p>\r\n</div>\r\n\r\n<div class="div_texto_consp">\r\n<p>Ahora:<br />\r\nCrianza tecnificada<br />\r\ncon pastos asociados cultivados<br />\r\nPara consumo familiar y venta<br />\r\n<strong>M&Aacute;S DE 100 CUYES</strong></p>\r\n</div>\r\n</div>\r\n</div>\r\n\r\n<div class="div_tabla_columna">\r\n<div class="div_tabla_imagen"><img alt="" src="/static/media/ckeditor-images/2022/12/12/img_pag_nuestrapropuesta_sec_impactoproductivo_06.png" style="height:50px; width:50px" /></div>\r\n\r\n<div class="div_tabla_texto">\r\n<ul>\r\n\t<li>Transformaci&oacute;n artesanal y semi-industrial de productos.</li>\r\n\t<li>Generaci&oacute;n de ingresos monetarios y no monetarios.</li>\r\n\t<li>Redistribuci&oacute;n de la riqueza con equidad.</li>\r\n</ul>\r\n</div>\r\n</div>\r\n</div>\r\n</div>	<div class="div_tabla">\r\n<div class="div_tabla_fila">\r\n<div class="div_tabla_columna">\r\n<div class="div_tabla_imagen"><img alt="" src="/static/media/ckeditor-images/2022/12/12/img_pag_nuestrapropuesta_sec_impactoproductivo_01.png" style="height:50px; width:50px" /></div>\r\n\r\n<div class="div_tabla_texto">\r\n<div class="div_texto_sinsp">\r\n<p>Before:<br />\r\nNatural rain<br />\r\n<strong>2 to 3 MONTHS/YEAR</strong></p>\r\n</div>\r\n\r\n<div class="div_texto_consp">\r\n<p>Now:<br />\r\nArtificial rain with<br />\r\nTechnified irrigation<br />\r\n<strong>12 MONTHS/YEAR</strong></p>\r\n</div>\r\n</div>\r\n</div>\r\n\r\n<div class="div_tabla_columna">\r\n<div class="div_tabla_imagen"><img alt="" src="/static/media/ckeditor-images/2022/12/12/img_pag_nuestrapropuesta_sec_impactoproductivo_02.png" style="height:50px; width:50px" /></div>\r\n\r\n<div class="div_tabla_texto">\r\n<div class="div_texto_sinsp">\r\n<p>Before:<br />\r\nNatural grasses<br />\r\n<strong>3 MONTHS/YEAR</strong></p>\r\n</div>\r\n\r\n<div class="div_texto_consp">\r\n<p>Now:<br />\r\nCultivated grasses with<br />\r\nTechnified irrigation<br />\r\n<strong>12 MONTHS/YEAR</strong></p>\r\n</div>\r\n</div>\r\n</div>\r\n\r\n<div class="div_tabla_columna">\r\n<div class="div_tabla_imagen"><img alt="" src="/static/media/ckeditor-images/2022/12/12/img_pag_nuestrapropuesta_sec_impactoproductivo_03.png" style="height:50px; width:50px" /></div>\r\n\r\n<div class="div_tabla_texto">\r\n<div class="div_texto_sinsp">\r\n<p>Before:<br />\r\nNatural grasses grow<br />\r\n<strong>5 CM (1 CUT/YEAR)</strong></p>\r\n</div>\r\n\r\n<div class="div_texto_consp">\r\n<p>Now:<br />\r\nCultivated grasses with<br />\r\nTechnified irrigation grow<br />\r\n<strong>100 CM (5 CUTS/YEAR)</strong></p>\r\n</div>\r\n</div>\r\n</div>\r\n</div>\r\n\r\n<div class="div_tabla_fila">\r\n<div class="div_tabla_columna">\r\n<div class="div_tabla_imagen"><img alt="" src="/static/media/ckeditor-images/2022/12/12/img_pag_nuestrapropuesta_sec_impactoproductivo_04.png" style="height:50px; width:50px" /></div>\r\n\r\n<div class="div_tabla_texto">\r\n<div class="div_texto_sinsp">\r\n<p>Before:<br />\r\nVegetables<br />\r\n<strong>3 VARIETIES</strong></p>\r\n</div>\r\n\r\n<div class="div_texto_consp">\r\n<p>Now:<br />\r\nOpen field orchard<br />\r\nGreenhouse orchard<br />\r\n<strong>20 VARIETIES</strong></p>\r\n</div>\r\n</div>\r\n</div>\r\n\r\n<div class="div_tabla_columna">\r\n<div class="div_tabla_imagen"><img alt="" src="/static/media/ckeditor-images/2022/12/12/img_pag_nuestrapropuesta_sec_impactoproductivo_05.png" style="height:50px; width:50px" /></div>\r\n\r\n<div class="div_tabla_texto">\r\n<div class="div_texto_sinsp">\r\n<p>Before:<br />\r\nHandcrafted Aging<br />\r\nFor family consumption only<br />\r\n<strong>10 to 15 GUINEA PIGS</strong></p>\r\n</div>\r\n\r\n<div class="div_texto_consp">\r\n<p>Now:<br />\r\nTechnified Aging<br />\r\nwidth Cultivated grasses<br />\r\nFor sale and family consumption<br />\r\n<strong>MORE THAN 100 GUINEA PIGS</strong></p>\r\n</div>\r\n</div>\r\n</div>\r\n\r\n<div class="div_tabla_columna">\r\n<div class="div_tabla_imagen"><img alt="" src="/static/media/ckeditor-images/2022/12/12/img_pag_nuestrapropuesta_sec_impactoproductivo_06.png" style="height:50px; width:50px" /></div>\r\n\r\n<div class="div_tabla_texto">\r\n<ul>\r\n\t<li>Handmade and semi-industrial product transformation.</li>\r\n\t<li>Generation of monetary and non-monetary income.</li>\r\n\t<li>Redistribution of wealth with equity.</li>\r\n</ul>\r\n</div>\r\n</div>\r\n</div>\r\n</div>	simple	1	2022-12-12 15:13:25.061278+00	\N	1	10
12	Económicos	Economic	t	<table border="1" cellpadding="1" cellspacing="1" style="width:500px">\r\n\t<tbody>\r\n\t\t<tr>\r\n\t\t\t<th scope="row"><img alt="" src="/static/media/ckeditor-images/2022/12/12/img_pag_nuestrapropuesta_sec_impactoeconomico_01.png" style="height:100px; width:100px" /></th>\r\n\t\t\t<td>La inclusi&oacute;n que se genera es econ&oacute;mica. Se democratiza la econom&iacute;a.</td>\r\n\t\t</tr>\r\n\t\t<tr>\r\n\t\t\t<th scope="row"><img alt="" src="/static/media/ckeditor-images/2022/12/12/img_pag_nuestrapropuesta_sec_impactoeconomico_02.png" style="height:100px; width:100px" /></th>\r\n\t\t\t<td>Seguridad y soberan&iacute;a alimentaria familiar con productos proporcionados por su chacra (ingresos NO monerarios).</td>\r\n\t\t</tr>\r\n\t\t<tr>\r\n\t\t\t<th scope="row"><img alt="" src="/static/media/ckeditor-images/2022/12/12/img_pag_nuestrapropuesta_sec_impactoeconomico_03.png" style="height:100px; width:100px" /></th>\r\n\t\t\t<td>Generaci&oacute;n de ingresos econ&oacute;micos monetarios.</td>\r\n\t\t</tr>\r\n\t\t<tr>\r\n\t\t\t<th scope="row"><img alt="" src="/static/media/ckeditor-images/2022/12/12/img_pag_nuestrapropuesta_sec_impactoeconomico_04.png" style="height:100px; width:100px" /></th>\r\n\t\t\t<td>Freno a la migraci&oacute;n temporal.</td>\r\n\t\t</tr>\r\n\t\t<tr>\r\n\t\t\t<th scope="row"><img alt="" src="/static/media/ckeditor-images/2022/12/12/img_pag_nuestrapropuesta_sec_impactoeconomico_05.png" style="height:100px; width:100px" /></th>\r\n\t\t\t<td>Dinamizaci&oacute;n de las econom&iacute;as locales y regionales.</td>\r\n\t\t</tr>\r\n\t\t<tr>\r\n\t\t\t<th scope="row"><img alt="" src="/static/media/ckeditor-images/2022/12/12/img_pag_nuestrapropuesta_sec_impactoeconomico_04.png" style="height:100px; width:100px" /></th>\r\n\t\t\t<td>Regreci&oacute;n de la migraci&oacute;n estructural.</td>\r\n\t\t</tr>\r\n\t\t<tr>\r\n\t\t\t<th scope="row"><img alt="" src="/static/media/ckeditor-images/2022/12/12/img_pag_nuestrapropuesta_sec_impactoeconomico_07.png" style="height:100px; width:100px" /></th>\r\n\t\t\t<td>Salto de econom&iacute;as de subsistencia a econom&iacute;as emprendedoras.</td>\r\n\t\t</tr>\r\n\t\t<tr>\r\n\t\t\t<th scope="row"><img alt="" src="/static/media/ckeditor-images/2022/12/12/img_pag_nuestrapropuesta_sec_impactoeconomico_08.png" style="height:100px; width:100px" /></th>\r\n\t\t\t<td>Acceso masivo al mercado.</td>\r\n\t\t</tr>\r\n\t\t<tr>\r\n\t\t\t<th scope="row"><img alt="" src="/static/media/ckeditor-images/2022/12/12/img_pag_nuestrapropuesta_sec_impactoeconomico_09.png" style="height:100px; width:100px" /></th>\r\n\t\t\t<td>Mejora de capacidades humanas. Las personas descubren sus potencialidades que estaban dormidas y pasan a valerse por s&iacute; mismas.</td>\r\n\t\t</tr>\r\n\t\t<tr>\r\n\t\t\t<th scope="row"><img alt="" src="/static/media/ckeditor-images/2022/12/12/img_pag_nuestrapropuesta_sec_impactoeconomico_10.png" style="height:100px; width:100px" /></th>\r\n\t\t\t<td>Autoempleo de mejor calidad.</td>\r\n\t\t</tr>\r\n\t</tbody>\r\n</table>	<table border="1" cellpadding="1" cellspacing="1" style="width:500px">\r\n\t<tbody>\r\n\t\t<tr>\r\n\t\t\t<th scope="row"><img alt="" src="/static/media/ckeditor-images/2022/12/12/img_pag_nuestrapropuesta_sec_impactoeconomico_01.png" style="height:100px; width:100px" /></th>\r\n\t\t\t<td>The inclusion that is generated is economic. The economy is democratized.</td>\r\n\t\t</tr>\r\n\t\t<tr>\r\n\t\t\t<th scope="row"><img alt="" src="/static/media/ckeditor-images/2022/12/12/img_pag_nuestrapropuesta_sec_impactoeconomico_02.png" style="height:100px; width:100px" /></th>\r\n\t\t\t<td>Family food security and sovereignty with products provided by your farm (NOT monetary income).</td>\r\n\t\t</tr>\r\n\t\t<tr>\r\n\t\t\t<th scope="row"><img alt="" src="/static/media/ckeditor-images/2022/12/12/img_pag_nuestrapropuesta_sec_impactoeconomico_03.png" style="height:100px; width:100px" /></th>\r\n\t\t\t<td>Generation of monetary income.</td>\r\n\t\t</tr>\r\n\t\t<tr>\r\n\t\t\t<th scope="row"><img alt="" src="/static/media/ckeditor-images/2022/12/12/img_pag_nuestrapropuesta_sec_impactoeconomico_04.png" style="height:100px; width:100px" /></th>\r\n\t\t\t<td>Temporary migration stops.</td>\r\n\t\t</tr>\r\n\t\t<tr>\r\n\t\t\t<th scope="row"><img alt="" src="/static/media/ckeditor-images/2022/12/12/img_pag_nuestrapropuesta_sec_impactoeconomico_05.png" style="height:100px; width:100px" /></th>\r\n\t\t\t<td>Dynamization of local and regional economies.</td>\r\n\t\t</tr>\r\n\t\t<tr>\r\n\t\t\t<th scope="row"><img alt="" src="/static/media/ckeditor-images/2022/12/12/img_pag_nuestrapropuesta_sec_impactoeconomico_04.png" style="height:100px; width:100px" /></th>\r\n\t\t\t<td>Regression of structural migration.</td>\r\n\t\t</tr>\r\n\t\t<tr>\r\n\t\t\t<th scope="row"><img alt="" src="/static/media/ckeditor-images/2022/12/12/img_pag_nuestrapropuesta_sec_impactoeconomico_07.png" style="height:100px; width:100px" /></th>\r\n\t\t\t<td>Leap from subsistence economies to entrepreneurial economies.</td>\r\n\t\t</tr>\r\n\t\t<tr>\r\n\t\t\t<th scope="row"><img alt="" src="/static/media/ckeditor-images/2022/12/12/img_pag_nuestrapropuesta_sec_impactoeconomico_08.png" style="height:100px; width:100px" /></th>\r\n\t\t\t<td>Mass market access.</td>\r\n\t\t</tr>\r\n\t\t<tr>\r\n\t\t\t<th scope="row"><img alt="" src="/static/media/ckeditor-images/2022/12/12/img_pag_nuestrapropuesta_sec_impactoeconomico_09.png" style="height:100px; width:100px" /></th>\r\n\t\t\t<td>Improvement of human abilities. People discover their potentialities that were asleep and begin to fend for themselves.</td>\r\n\t\t</tr>\r\n\t\t<tr>\r\n\t\t\t<th scope="row"><img alt="" src="/static/media/ckeditor-images/2022/12/12/img_pag_nuestrapropuesta_sec_impactoeconomico_10.png" style="height:100px; width:100px" /></th>\r\n\t\t\t<td>Self-employment of better quality.</td>\r\n\t\t</tr>\r\n\t</tbody>\r\n</table>	simple	2	2022-12-12 15:21:29.685024+00	\N	1	10
13	Sociales	Social	t	<table border="1" cellpadding="1" cellspacing="1" style="width:500px">\r\n\t<tbody>\r\n\t\t<tr>\r\n\t\t\t<th scope="row"><img alt="" src="/static/media/ckeditor-images/2022/12/12/img_pag_nuestrapropuesta_sec_impactosocial_01.png" style="height:100px; width:100px" /></th>\r\n\t\t\t<td>Inclusi&oacute;n social y cultural cualitativamente superior, como dignidad y derecho, no como limosna o caridad.</td>\r\n\t\t</tr>\r\n\t\t<tr>\r\n\t\t\t<th scope="row"><img alt="" src="/static/media/ckeditor-images/2022/12/12/img_pag_nuestrapropuesta_sec_impactosocial_02.png" style="height:100px; width:100px" /></th>\r\n\t\t\t<td>Independencia a cualquier tipo de pol&iacute;tica de asistencia social.</td>\r\n\t\t</tr>\r\n\t\t<tr>\r\n\t\t\t<th scope="row"><img alt="" src="/static/media/ckeditor-images/2022/12/12/img_pag_nuestrapropuesta_sec_impactosocial_03.png" style="height:100px; width:100px" /></th>\r\n\t\t\t<td>Se mejora el autoestima de las familias, saben que son capaces de progresar.</td>\r\n\t\t</tr>\r\n\t\t<tr>\r\n\t\t\t<th scope="row"><img alt="" src="/static/media/ckeditor-images/2022/12/12/img_pag_nuestrapropuesta_sec_impactosocial_04.png" style="height:100px; width:100px" /></th>\r\n\t\t\t<td>Se va erradicando la violencia familiar y reducen pleitos entre vecinos.</td>\r\n\t\t</tr>\r\n\t\t<tr>\r\n\t\t\t<th scope="row"><img alt="" src="/static/media/ckeditor-images/2022/12/12/img_pag_nuestrapropuesta_sec_impactosocial_05.png" style="height:100px; width:100px" /></th>\r\n\t\t\t<td>Fortalece la unidad familiar. Hijos cuentan con la presencia permanente de Mam&aacute; y Pap&aacute;.</td>\r\n\t\t</tr>\r\n\t\t<tr>\r\n\t\t\t<th scope="row"><img alt="" src="/static/media/ckeditor-images/2022/12/12/img_pag_nuestrapropuesta_sec_impactosocial_06.png" style="height:100px; width:100px" /></th>\r\n\t\t\t<td>Desaparece el alcoholismo. Ahora no hay tiempo para tomar alcohol.</td>\r\n\t\t</tr>\r\n\t</tbody>\r\n</table>	<table border="1" cellpadding="1" cellspacing="1" style="width:500px">\r\n\t<tbody>\r\n\t\t<tr>\r\n\t\t\t<th scope="row"><img alt="" src="/static/media/ckeditor-images/2022/12/12/img_pag_nuestrapropuesta_sec_impactosocial_01.png" style="height:100px; width:100px" /></th>\r\n\t\t\t<td>Qualitatively superior social and cultural inclusion, as dignity and right, not as alms or charity.</td>\r\n\t\t</tr>\r\n\t\t<tr>\r\n\t\t\t<th scope="row"><img alt="" src="/static/media/ckeditor-images/2022/12/12/img_pag_nuestrapropuesta_sec_impactosocial_02.png" style="height:100px; width:100px" /></th>\r\n\t\t\t<td>Independence to any type of social assistance policy.</td>\r\n\t\t</tr>\r\n\t\t<tr>\r\n\t\t\t<th scope="row"><img alt="" src="/static/media/ckeditor-images/2022/12/12/img_pag_nuestrapropuesta_sec_impactosocial_03.png" style="height:100px; width:100px" /></th>\r\n\t\t\t<td>The self-esteem of families is improved, they know they are able to progress.</td>\r\n\t\t</tr>\r\n\t\t<tr>\r\n\t\t\t<th scope="row"><img alt="" src="/static/media/ckeditor-images/2022/12/12/img_pag_nuestrapropuesta_sec_impactosocial_04.png" style="height:100px; width:100px" /></th>\r\n\t\t\t<td>Family violence is being eradicated and discussions between neighbors are reduced.</td>\r\n\t\t</tr>\r\n\t\t<tr>\r\n\t\t\t<th scope="row"><img alt="" src="/static/media/ckeditor-images/2022/12/12/img_pag_nuestrapropuesta_sec_impactosocial_05.png" style="height:100px; width:100px" /></th>\r\n\t\t\t<td>Strengthens family unity. Children have the permanent presence of Mom and Dad.</td>\r\n\t\t</tr>\r\n\t\t<tr>\r\n\t\t\t<th scope="row"><img alt="" src="/static/media/ckeditor-images/2022/12/12/img_pag_nuestrapropuesta_sec_impactosocial_06.png" style="height:100px; width:100px" /></th>\r\n\t\t\t<td>Alcoholism disappears. Now there is no time to drink alcohol.</td>\r\n\t\t</tr>\r\n\t</tbody>\r\n</table>	simple	3	2022-12-12 15:24:37.390226+00	\N	1	10
14	Avances logrados 01	Avances logrados 01	f	<ul>\r\n\t<li>Decreto de Urgencia 023&ndash;2002 permite a al Fondo de Compensaci&oacute;n para el Desarrollo Social Foncodes invertir en proyectos productivos.</li>\r\n\t<li>Decreto Supremo 004-2009-MIMDES crea el programa &ldquo;Mi Chacra Productiva&rdquo; para que por transferencia directa puedan destinarse fondos para implementar 10 \r\n\tde las 18 tecnolog&iacute;as de Sierra Productiva. En el gobierno de Ollanta Humala cambia de nombre a &quot;Mi Chacra Emprendedora&quot; o &quot;Haku Wi&ntilde;ay&quot; \r\n\tque se aplica por intermedio de FONCODES. Mantiene 10 tecnolog&iacute;as de Mi Chacra Productiva y participaci&oacute;n de Yachachiq. Agrega enfoque del FIDA de pago de \r\n\tservicios de profesionales para promoci&oacute;n de negocios rurales inclusivos y fomento de capacidades financieras.</li>\r\n</ul>	<ul>\r\n\t<li>Emergency Decree 023&ndash;2002 allows the Foncodes Social Development Compensation Fund to invest in productive projects.</li>\r\n\t<li>Supreme Decree 004-2009-MIMDES creates the &ldquo;My Productive Farm&rdquo; program so that by direct transfer funds can be allocated to implement 10 of the 18 \r\n\ttechnologies of Sierra Productiva. In the government of Ollanta Humala changes its name to &quot;My Entrepreneur Farm&quot; or &quot;Haku Wi&ntilde;ay&quot; which is \r\n\tapplied through FONCODES. It maintains 10 technologies of My Productive Farm and participation of Yachachiq. It adds FIDA&#39;s approach to paying professional services \r\n\tfor the promotion of inclusive rural businesses and the development of financial capabilities.</li>\r\n</ul>	simple	1	2022-12-12 15:30:08.342428+00	\N	1	13
15	Avances logrados 02	Avances logrados 02	f	<ul>\r\n\t<li>Ley 29337-2009 de fomento a la competitividad (se le conoce como Pro Compite) que permite destinar 10% del presupuesto de inversi&oacute;n a implementaci&oacute;n de \r\n\ttecnolog&iacute;a mediante transferencia directa, sin necesidad de pasar por SNIP.</li>\r\n\t<li>Decreto Supremo 015-2014-MINAGRI. Autoriza que el estado financie riego tecnificado en todas las unidades productivas familiares hasta un tope de dos hect&aacute;reas.</li>\r\n\t<li>Ley 29230 que permite la inversi&oacute;n de hasta el 50% del impuesto a la renta de empresas para obras. Empresarios han planteado la iniciativa de mejorar la Ley para \r\n\tque pueda admitir inversiones con el enfoque de Sierra Productiva.</li>\r\n</ul>	<ul>\r\n\t<li>Law 29337-2009 on promoting competitiveness (known as PROCOMPITE) that allows 10% of the investment budget to be allocated to technology implementation through direct transfer, \r\n\twithout the need to go through SNIP.</li>\r\n\t<li>Supreme Decree 015-2014-MINAGRI. Authorizes the state to finance technified irrigation in all family productive units up to a maximum of two hectares.</li>\r\n\t<li>Law 29230 that allows the investment of up to 50% of the corporate income tax for works. Entrepreneurs have proposed the initiative to improve the Law so that it can admit \r\n\tinvestments with the Sierra Productiva approach.</li>\r\n</ul>	simple	2	2022-12-12 15:30:42.904187+00	\N	1	13
16	Avances logrados 03	Avances logrados 03	f	<ul>\r\n\t<li>Acta de compromiso para reorientar programas sociales asistencialistas para que se conviertan en programas productivos con el enfoque de \r\n\tSierra Productiva, y manejo integral del agua para consumo familiar con sistema de purificación, riego tecnificado y bebederos para crianzas \r\n\tmayores y menores, más saneamiento ecológico que purifica aguas, reutiliza para riego y elimina desagüe tradicional, suscrita por Pedro Pablo \r\n\tKuczynski cuando era candidato y que volvió a firmar ya habiendo sido elegido Presidente de la República.</li>\r\n\t<li>La experiencia y propuesta de Sierra Productiva ha contribuido a los Objetivos de Desarrollo Sostenible de Naciones Unidas (ONU) que tiene \r\n\t17 metas, 10 de las cuales dependen del progreso integral de la agricultura familiar.</li>\r\n</ul>	<ul>\r\n\t<li>Act of commitment to reorient social assistance programs so that they become productive programs with the focus of Productive Saw, and integral \r\n\twater management for family consumption with purification system, technified irrigation and drinking fountains for older and younger children, plus \r\n\tecological sanitation that purifies waters, reused for irrigation and eliminates traditional drainage, signed by Pedro Pablo Kuczynski when he was a \r\n\tcandidate and who signed again having already been elected President of the Republic.</li>\r\n\t<li>The experience and proposal of Sierra Productiva has contributed to the United Nations Sustainable Development Goals (UNO) which has 17 goals, 10 \r\n\tof which depend on the integral progress of family farming.</li>\r\n</ul>	simple	3	2022-12-12 15:32:00.18448+00	\N	1	13
17	Reconocimientos Obtenidos 01	Reconocimientos Obtenidos 01	f	<table border="1" cellpadding="1" cellspacing="1" style="width:500px">\r\n\t<tbody>\r\n\t\t<tr>\r\n\t\t\t<th scope="row">2014</th>\r\n\t\t\t<td>\r\n\t\t\tFondo Monetario Internacional FMI visita experiencia en Cusco e invita a Washington a exponer Sierra Productiva. Trasmite reconocimiento se&ntilde;alando que es un aporte a la humanidad que merece ser replicado en todo pa&iacute;s del mundo donde la agricultura familiar es importante.\r\n\t\t\t</td>\r\n\t\t</tr>\r\n\t\t<tr>\r\n\t\t\t<th scope="row">2011</th>\r\n\t\t\t<td>Cinco de las once candidaturas a la Presidencia de la Rep&uacute;blica en las elecciones del 2011 plantearon en sus programas aplicar Sierra Productiva como pol&iacute;tica p&uacute;blica para erradicar la pobreza en el campo.\r\n\t</td>\r\n\t\t</tr>\r\n\t\t<tr>\r\n\t\t\t<th scope="row">2011</th>\r\n\t\t\t<td>El Suplemento &quot;D&iacute;a 1&quot; del diario El Comercio incorpor&oacute; a Sierra Productiva en la selecci&oacute;n de los mejores del a&ntilde;o 2011.</td>\r\n\t\t</tr>\r\n\t</tbody>\r\n</table>	<table border="1" cellpadding="1" cellspacing="1" style="width:500px">\r\n\t<tbody>\r\n\t\t<tr>\r\n\t\t\t<th scope="row">2014</th>\r\n\t\t\t<td>International Monetary Fund - IMF visits experience in Cusco and invites Washington to exhibit Sierra Productiva. It transmits recognition indicating that it is a contribution to humanity that deserves to be replicated in every country in the world where family farming is important.</td>\r\n\t\t</tr>\r\n\t\t<tr>\r\n\t\t\t<th scope="row">2011</th>\r\n\t\t\t<td>Five of the eleven candidates for the Presidency of the Republic in the 2011 elections proposed in their programs to apply Sierra Productiva as a public policy to eradicate poverty in the countryside.</td>\r\n\t\t</tr>\r\n\t\t<tr>\r\n\t\t\t<th scope="row">2011</th>\r\n\t\t\t<td>The Supplement &quot;Day 1&quot; of the newspaper El Comercio incorporated Sierra Productiva in the selection of the best of the year 2011.</td>\r\n\t\t</tr>\r\n\t</tbody>\r\n</table>	simple	1	2022-12-12 15:32:51.833325+00	\N	1	14
18	Reconocimientos Obtenidos 02	Reconocimientos Obtenidos 02	f	<table border="1" cellpadding="1" cellspacing="1" style="width:500px">\r\n\t<tbody>\r\n\t\t<tr>\r\n\t\t\t<th scope="row">2010</th>\r\n\t\t\t<td>Fue nominado entre &ldquo;Los mejores del a&ntilde;o 2010&rdquo; por el diario La Rep&uacute;blica y la revista virtual Living in Per&uacute;.</td>\r\n\t\t</tr>\r\n\t\t<tr>\r\n\t\t\t<th scope="row">2010</th>\r\n\t\t\t<td>Premio &ldquo;The World Challenge 2010&rdquo; convocado por la BBC, Newsweek y Shell, al Segundo mejor proyecto innovador, emprendedor y replicable a nivel mundial.</td>\r\n\t\t</tr>\r\n\t\t<tr>\r\n\t\t\t<th scope="row">2010</th>\r\n\t\t\t<td>&ldquo;Premio IPAE - 2009&rdquo; otorgado por el Instituto Peruano de Acci&oacute;n Empresarial el 15 de Abril 2010.</td>\r\n\t\t</tr>\r\n\t\t<tr>\r\n\t\t\t<th scope="row">2008</th>\r\n\t\t\t<td>Premio Consejo Nacional del Ambiente &ldquo;D&iacute;a Mundial de la Diversidad Biol&oacute;gica&rdquo;.</td>\r\n\t\t</tr>\r\n\t\t<tr>\r\n\t\t\t<th scope="row">2007</th>\r\n\t\t\t<td>Premio FAO &ldquo;Agricultura, di&aacute;logo de culturas&rdquo; por el D&iacute;a Mundial de la Alimentaci&oacute;n.</td>\r\n\t\t</tr>\r\n\t</tbody>\r\n</table>	<table border="1" cellpadding="1" cellspacing="1" style="width:500px">\r\n\t<tbody>\r\n\t\t<tr>\r\n\t\t\t<th scope="row">2010</th>\r\n\t\t\t<td>Our proposal was nominated among &quot;The best of the year 2010&quot; by the newspaper La Rep&uacute;blica and the virtual magazine Living in Peru.</td>\r\n\t\t</tr>\r\n\t\t<tr>\r\n\t\t\t<th scope="row">2010</th>\r\n\t\t\t<td>Prize &quot;The World Challenge 2010&quot; convened by the BBC, Newsweek and Shell, for the second best innovative project, entrepreneurial and replicable worldwide.</td>\r\n\t\t</tr>\r\n\t\t<tr>\r\n\t\t\t<th scope="row">2010</th>\r\n\t\t\t<td>&ldquo;IPAE Award - 2009&rdquo; awarded by the Peruvian Institute of Business Action on April 15, 2010.</td>\r\n\t\t</tr>\r\n\t\t<tr>\r\n\t\t\t<th scope="row">2008</th>\r\n\t\t\t<td>National Environment Council Award &quot;World Day for Biological Diversity&quot;.</td>\r\n\t\t</tr>\r\n\t\t<tr>\r\n\t\t\t<th scope="row">2007</th>\r\n\t\t\t<td>FAO Award &quot;Agriculture, dialogue of cultures&quot; for World Food Day.</td>\r\n\t\t</tr>\r\n\t</tbody>\r\n</table>	simple	2	2022-12-12 15:33:34.238789+00	\N	1	14
20	Agua segura para consumo humano con nanofiltro	Safe water for human consumption with nanofilter	t	<p>Soluci&oacute;n de alta tecnolog&iacute;a y gran eficiencia que nos permite garantizar agua pura, agua potable.</p>\r\n\r\n<p>Se trata de un nano purificador de agua. &ldquo;Nano&rdquo; quiere decir que es muy peque&ntilde;ito.</p>\r\n\r\n<p>Si contamos con una fuente de agua turbia con poca contaminaci&oacute;n, al filtrarla con el nano purificador Sawyer, el agua se convierte en agua pura.</p>\r\n\r\n<p>Con este dispositivo todas las familias podr&aacute;n tener agua potable, as&iacute; desaparecer&aacute;n los g&eacute;rmenes que causan enfermedades estomacales agudas y diarreas que eliminan micro-nutrientes que son la causa de la anemia y la desnutrici&oacute;n.</p>	<p>High-tech and highly efficient solution that allows us to guarantee pure water, drinking water.</p>\r\n\r\n<p>It is a nano water purifier. &quot;Nano&quot; means that it is very small.</p>\r\n\r\n<p>If we have a source of cloudy water with little contamination, by filtering it with the Sawyer nano purifier, the water becomes pure water.</p>\r\n\r\n<p>With this device, all families will be able to have drinking water, thus eliminating the germs that cause acute stomach illnesses and diarrhea that eliminate micro-nutrients that are the cause of anemia and malnutrition.</p>	multiple	2	2022-12-12 17:41:46.187445+00	123	1	18
21	Agua segura para consumo humano con SODIS	Safe water for huma consumption with SODIS	t	<p>El sistema SODIS es una t&eacute;cnica manual para purificar el agua que consumen las familias en el sector rural, ya que ellas no cuentan con agua potable.</p>\r\n\r\n<p>Los ni&ntilde;os, al consumir agua entubada y cruda adquieren g&eacute;rmenes que causan diferentes enfermedades estomacales y consecuentemente la desnutrici&oacute;n y anemia.</p>\r\n\r\n<p>Se llenan botellas de vidrio transparente de dos litros con agua. Una botella para cada miembro de la familia. Se expone al sol un d&iacute;a completo. El sol se encarga de purificar el agua eliminando g&eacute;rmenes, incluso coliformes fecales. Padres e hijos de una familia pueden consumir agua segura.</p>	<p>The SODIS system is a manual technique to purify the water that families consume in rural areas, since they do not have potable water.</p>\r\n\r\n<p>Children, when consuming piped and raw water, acquire germs that cause different stomach diseases and consequently malnutrition and anemia.</p>\r\n\r\n<p>Two-liter clear glass bottles are filled with water. One bottle for each member of the family. It is exposed to the sun for a full day. The sun is responsible for purifying the water by eliminating germs, even fecal coliforms. Parents and children of a family can consume safe water.</p>	multiple	3	2022-12-12 17:42:05.279702+00	124	1	18
22	Baño Seco	Dry Toilet	t	<p>La tasa del ba&ntilde;o es especial. Separa l&iacute;quidos de s&oacute;lidos y ya no se produce la putrefacci&oacute;n. No hay malos olores ni foco infeccioso. El s&oacute;lido cae a una caja donde hay arena y tierra cernida, al unirse con dicha tierra se seca. Cada 6 meses vaciamos el contenido de la caja en un hueco al costado de la chacra y lo tapamos con hojas y paja y un a&ntilde;o despu&eacute;s tenemos abono org&aacute;nico para nutrir el suelo. El l&iacute;quido va a un recipiente en donde se evapora el &aacute;cido &uacute;rico y queda la &uacute;rea que la ponemos en botellas pl&aacute;sticas descartables.</p>\r\n\r\n<p>Con el ba&ntilde;o seco descontaminamos los campos aleda&ntilde;os a la vivienda y descontaminamos las aguas de riachuelos y r&iacute;os.</p>	<p>The bathroom rate is special. It separates liquids from solids and rotting no longer occurs. There are no bad odors or an infectious focus. The solid falls into a box where there is sand and sifted earth, when it joins with said earth it dries up. Every 6 months we empty the contents of the box into a hole on the side of the farm and cover it with leaves and straw and a year later we have organic fertilizer to nourish the soil. The liquid goes to a container where the uric acid evaporates and the urea remains, which we put in disposable plastic bottles.</p>\r\n\r\n<p>With the dry toilet we decontaminate the fields surrounding the house and decontaminate the waters of streams and rivers.</p>	multiple	4	2022-12-12 17:42:21.059788+00	125	1	18
26	Cocina solar	Solar Stove	t	<p>El uso de energ&iacute;as renovables es importante. Con esta tecnolog&iacute;a queremos aprovechar la energ&iacute;a del sol para cocinar.</p>\r\n\r\n<p>Las cocinas solares son construidas de forma manual por los Yachachiq utilizando materiales sencillos y baratos. Inicialmente costruyeron diferentes modelos, algunos m&aacute;s eficientes que otros, y finalmente se validaron las cocinas tipo parab&oacute;lica y tipo horno.</p>\r\n\r\n<p>El sol refleja en el lat&oacute;n brillante o papel aluminio y rebota al centro de la cocina emitiendo fuerte calor.</p>\r\n\r\n<p>Esta tecnolog&iacute;a es una opci&oacute;n al uso de le&ntilde;a y bosta, evitando que los alimento se quemen. As&iacute; mismo, no emite humo, evitando enfermedades respiratorias.</p>	<p>The use of renewable energy is important. With this technology we want to take advantage of the sun&#39;s energy to cook.</p>\r\n\r\n<p>Solar stoves are built manually by the Yachachiq using simple and cheap materials. Initially, they built different models, some more efficient than others, and finally the parabolic and oven-type cookers were validated.</p>\r\n\r\n<p>The sun reflects off the shiny brass or aluminum foil and bounces off the center of the kitchen giving off strong heat.</p>\r\n\r\n<p>This technology is an option to the use of firewood and dung, preventing the food from burning. Likewise, it does not emit smoke, avoiding respiratory diseases.</p>	multiple	8	2022-12-12 17:43:28.436464+00	129	1	18
28	Crianza tecnificada de gallinas ponedoras	Technified breeding of laying hens	t	<p>El objetivo principal es la producci&oacute;n de huevos. Por ello el galp&oacute;n de las gallinas y sus ponederos deben tener una construcci&oacute;n adecuada. As&iacute; mismo, se debe garantizar una adecuada alimentaci&oacute;n y sanidad que permita a las gallinas poner huevos durante todo el a&ntilde;o.</p>\r\n\r\n<p>Cada gallina produce 250 huevos al a&ntilde;o. Con dos gallinas ponedoras nuestras familias pueden consumir 10 huevos por semana las 52 semanas del a&ntilde;o.</p>\r\n\r\n<p>Mejoramos nuestra calidad nutricional con prote&iacute;nas y grasas que contiene el huevo.</p>	<p>The main objective is the production of eggs. For this reason, the hen house and its laying hens must have a suitable construction. Likewise, adequate nutrition and health must be guaranteed to allow the hens to lay eggs throughout the year.</p>\r\n\r\n<p>Each hen produces 250 eggs a year. With two laying hens our families can consume 10 eggs per week for 52 weeks of the year.</p>\r\n\r\n<p>We improve our nutritional quality with proteins and fats that the egg contains.</p>	multiple	10	2022-12-12 17:44:01.571425+00	131	1	18
29	Crianza de peces carpa	Breeding Carpa Fish	t	<p>La experimentaci&oacute;n demostrativa se hizo llevando alevines desde la selva de Echarati hacia zonas andinas. Al principio se adecuaba un ambiente c&aacute;lido construyendo un invernadero &ldquo;Acuitoldo&rdquo; sobre las pozas de agua.</p>\r\n\r\n<p>Tiempo despu&eacute;s los Yachachiq sacaron al pez carpa del &ldquo;acuitoldo&rdquo; y lo trasladaron a pozas sin invernadero donde el pez carpa se ha adaptado muy bien a las aguas fr&iacute;as.</p>\r\n\r\n<p>Este pez es vegetariano, come algas, totora, hortalizas, granos y esti&eacute;rcol.</p>\r\n\r\n<p>Es una gran alternativa para que cada familia pueda consumir prote&iacute;nas de carne de pescado uno o dos d&iacute;as a la semana.</p>\r\n\r\n<p>Estamos haciendo experiencias demostrativas para reproducir pez carpa en zonas andinas para ya no traer alevines desde la selva.</p>	<p>The demonstrative experimentation was carried out by taking fingerlings from the Echarati jungle to Andean areas. At the beginning, a warm environment was adapted by building a greenhouse &quot;Acuitoldo&quot; over the pools of water.</p>\r\n\r\n<p>Later, the Yachachiq removed the carp fish from the &ldquo;aquitoldo&rdquo; and transferred it to pools without a greenhouse where the carp fish has adapted very well to cold waters.</p>\r\n\r\n<p>This fish is vegetarian, it eats algae, cattails, vegetables, grains and manure.</p>\r\n\r\n<p>It is a great alternative for each family to consume fish meat protein one or two days a week.</p>\r\n\r\n<p>We are doing demonstration experiments to reproduce carp fish in Andean areas so that we no longer bring fingerlings from the jungle.</p>	multiple	11	2022-12-12 17:44:42.755041+00	132	1	18
31	Elaboración de Abonos Orgánicos	Preparation of organic fertilizers	t	<p>Se elabora el compost, combinando esti&eacute;rcol animal con vegetales. El compost es utilizado durante la siembra de los cultivos.</p>\r\n\r\n<p>El bi&oacute;l que es un abono foliar por fermentaci&oacute;n de esti&eacute;rcol, leche y otros insumos, es aplicado a las plantas ya durante su crecimiento.</p>\r\n\r\n<p>Tambi&eacute;n se produce el humus de lombriz, elaborado a base del esti&eacute;rcol de los animales.</p>\r\n\r\n<p>Tambi&eacute;n se elaboran biosidas naturales con plantas, hierbas y sustancias naturales, para combatir bichos y plagas.</p>	<p>Compost is made, combining animal manure with vegetables. Compost is used during the sowing of crops.</p>\r\n\r\n<p>Biol, which is a foliar fertilizer by fermentation of manure, milk and other inputs, is applied to the plants already during their growth.</p>\r\n\r\n<p>Worm humus is also produced, made from animal manure.</p>\r\n\r\n<p>Natural biosides are also made with plants, herbs and natural substances, to combat bugs and pests.</p>	multiple	13	2022-12-12 17:45:32.119039+00	134	1	18
33	Forraje verde hidropónico	Hydroponic green fodder	t	<p>Las familias campesinas que no tienen &aacute;reas grandes donde cultivar pastos asociados, pueden producir otro tipo de alimento en peque&ntilde;os espacios.</p>\r\n\r\n<p>Consiste en el proceso de germinaci&oacute;n de la cebada en bandejas seg&uacute;n se requiera, se cubren dichas bandejas con pl&aacute;stico negro ya que se requiere evitar el contacto con la luz. Para obtener el producto final se debe realizar un riego sistem&aacute;tico diario.</p>\r\n\r\n<p>Esta t&eacute;cnica permite producir un alimento con mayores propiedades alimenticias que el pasto asociado, ya que los animales consumen grano y hierba al mismo tiempo, similar a los productos germinados que consumimos las personas.</p>	<p>Peasant families that do not have large areas to cultivate associated pastures can produce other types of food in small spaces.</p>\r\n\r\n<p>It consists of the germination process of barley in trays as required, said trays are covered with black plastic since it is required to avoid contact with light. To obtain the final product, a systematic daily watering must be carried out.</p>\r\n\r\n<p>This technique makes it possible to produce a food with greater nutritional properties than the associated grass, since the animals consume grain and grass at the same time, similar to the germinated products that we consume.</p>	multiple	15	2022-12-12 17:46:24.669156+00	136	1	18
34	Huerto fijo a campo abierto	Open field orchard	t	<p>Se prepara una parcela de 100 m2. Se construyen las &ldquo;camas&rdquo; de un metro de ancho, y largo seg&uacute;n el &aacute;rea disponible. As&iacute; mismo, se deben construir pasadizos de 50 cm de ancho para movilizarse.</p>\r\n\r\n<p>Cultivamos 16 variedades de hortalizas, utilizando t&eacute;cnicas de siembra escalonada y rotaci&oacute;n de cultivos, para que las familias puedan consumir hortalizas las 52 semanas del a&ntilde;o.</p>\r\n\r\n<p>Incrementamos vol&uacute;menes de alimentos, aumentamos la diversidad, mejoramos la calidad nutricional agregando vitaminas, minerales, micronutrientes y fibra.</p>\r\n\r\n<p>Consumimos una parte de la producci&oacute;n y los excedentes los vendemos en el mercado como hortalizas frescas o se convierten en insumos para hacer mermeladas, encurtidos, n&eacute;ctar, jugos, kekes, tortillas y panetones.</p>	<p>A 100 m2 plot is prepared. The &ldquo;beds&rdquo; are built one meter wide, and long according to the available area. Likewise, 50 cm wide passageways must be built to move around.</p>\r\n\r\n<p>We grow 16 varieties of vegetables, using staggered planting techniques and crop rotation, so that families can consume vegetables 52 weeks a year.</p>\r\n\r\n<p>We increase food volumes, we increase diversity, we improve nutritional quality by adding vitamins, minerals, micronutrients and fiber.</p>\r\n\r\n<p>We consume part of the production and the surplus is sold in the market as fresh vegetables or they become inputs to make jams, pickles, nectar, juices, kekes, tortillas and panettones.</p>	multiple	16	2022-12-12 17:46:46.218513+00	137	1	18
36	Luz con Energía Solar	Solar powered light	t	<p>Como se sabe, la mayor&iacute;a de las comunidades campesinas lejanas a las capitales de distrito, no cuentan con energ&iacute;a el&eacute;ctrica.</p>\r\n\r\n<p>Muchos ni&ntilde;os que estudian en las escuelas durante la ma&ntilde;ana, deben ayudar en las actividades agr&iacute;colas durante las tardes, y hacer sus deberes escolares al final de la tarde e incluso durante la noche, por ello es indispensable tener iluminaci&oacute;n.</p>\r\n\r\n<p>Una alternativa ecol&oacute;gica para tener acceso a la iluminaci&oacute;n y energ&iacute;a para recargar los celulares importantes para la comunicaci&oacute;n es el uso de paneles solares. Las familias cargan bater&iacute;as familiares a trav&eacute;s de paneles solares durante el d&iacute;a, utilizan dicha energ&iacute;a en diferentes actividades, y m&aacute;s que todo les es &uacute;til durante la noche.</p>	<p>As is known, most of the peasant communities far from the district capitals do not have electricity.</p>\r\n\r\n<p>Many children who study in schools during the morning, must help with agricultural activities during the afternoons, and do their homework in the late afternoon and even at night, so it is essential to have lighting.</p>\r\n\r\n<p>An ecological alternative to have access to lighting and energy to recharge cell phones important for communication is the use of solar panels. Families charge family batteries through solar panels during the day, use this energy in different activities, and most of all it is useful to them at night.</p>	multiple	18	2022-12-12 17:47:36.88391+00	139	1	18
37	Ocho miniparcelas para granos y tubérculos andinos	Eight mini plots for andean grains and tubers	t	<p>Cada mini parcela debe tener un &aacute;rea de 100 &oacute; 120 m2, para cosechar solamente 52 kilos por cada uno de los 8 cultivos y que cada familia pueda consumir un kilo diario de un producto distinto. Por ejemplo, lunes quinua, martes tarwi, mi&eacute;rcoles habas, y as&iacute; sucesivamente.</p>\r\n\r\n<p>Nuestra chacra se convierte en nuestro s&uacute;per mercado. Ese kilo diario de grano o tub&eacute;rculo andino, podr&aacute; estar acompa&ntilde;ado de una ensalada fresca, un vaso de yogurt, un pedazo de queso, 10 huevos a la semana, carne de cuy dos veces por semana.</p>\r\n\r\n<p>Las familias campesinas se convertir&aacute;n en los mejor alimentados del Per&uacute; y se proteger&aacute;n ante los alimentos caros que est&aacute;n subiendo y subir&aacute;n de precio de manera constante.</p>	<p>Each mini-plot must have an area of 100 or 120 m2, to harvest only 52 kilos for each of the 8 crops and that each family can consume a kilo of a different product per day. For example, Monday quinoa, Tuesday tarwi, Wednesday beans, and so on.</p>\r\n\r\n<p>Our farm becomes our super market. That daily kilo of Andean grain or tuber may be accompanied by a fresh salad, a glass of yogurt, a piece of cheese, 10 eggs a week, guinea pig meat twice a week.</p>\r\n\r\n<p>Peasant families will become the best fed in Peru and will protect themselves against expensive food that is rising and rising in price steadily.</p>	multiple	19	2022-12-12 17:48:37.151938+00	140	1	18
38	Parcela de pastos asociados cultivados	Plot of associated cultivated pastures	t	<p>Se prepara una parcela de 500 m2. La t&eacute;cnica consiste en asociar dos gram&iacute;neas que dan energ&iacute;a (rye grass y dactyles) y dos leguminosas que dan prote&iacute;nas (alfalfa y tr&eacute;bol) durante la siembra.</p>\r\n\r\n<p>El pasto natural crece 5 cent&iacute;metros y soporta un corte al a&ntilde;o. El pasto asociado cultivado crece un metro y soporta 5 cortes al a&ntilde;o. En zonas andinas donde las heladas son muy fuertes el pasto asociado soporta 2 cortes de un metro y 3 cortes de menor altura.</p>\r\n\r\n<p>Se tiene pasto verde todo el a&ntilde;o y aumentan los vol&uacute;menes de producci&oacute;n. Con la abundancia de pasto comparado con el pasto natural, se pueden mantener varios tipos de crianzas de animales menores y mayores.</p>	<p>A plot of 500 m2 is prepared. The technique consists of associating two energy-giving grasses (rye grass and dactyles) and two protein-giving legumes (alfalfa and clover) during planting.</p>\r\n\r\n<p>Natural grass grows 5 centimeters and supports one cut per year. The associated cultivated grass grows one meter and supports 5 cuts a year. In Andean areas where the frosts are very strong, the associated grass supports 2 cuts of one meter and 3 cuts of lower height.</p>\r\n\r\n<p>You have green grass all year round and production volumes increase. With the abundance of grass compared to natural grass, various types of minor and major animal breeding can be maintained.</p>	multiple	20	2022-12-12 17:48:56.688435+00	141	1	18
39	Refrigeradora Ecológica	Ecological Refrigerator	t	<p>Las familias campesinas cuentan con un refrigerador construido artesanalmente para mantener los alimentos frescos.</p>\r\n\r\n<p>Para mantener la temperatura fr&iacute;a se utiliza un recipiente con agua fr&iacute;a ubicada en la parte inferior del refrigerador, la misma es cambiada diariamente.</p>\r\n\r\n<p>Contar con este refrigerador permite a las familias organizar sus cocinas, tener alimentos limpios ya que est&aacute;n fuera del alcance de las moscas, y as&iacute; evitar enfermedades estomacales. As&iacute; mismo, esta tecnolog&iacute;a les permite el ahorro de dinero, ya que no se requiere energ&iacute;a el&eacute;ctrica para mantener los alimentos frescos.</p>	<p>Farm families have a handcrafted refrigerator to keep food fresh.</p>\r\n\r\n<p>To maintain the cold temperature, a container with cold water located in the lower part of the refrigerator is used, it is changed daily.</p>\r\n\r\n<p>Having this refrigerator allows families to organize their kitchens, have clean food since it is out of the reach of flies, and thus avoid stomach illnesses. Likewise, this technology allows them to save money, since electricity is not required to keep food fresh.</p>	multiple	21	2022-12-12 17:49:19.638554+00	142	1	18
41	Riego por Goteo	Drip Irrigation	t	<p>Es otro tipo de riego tecnificado que nos permite un mayor ahorro de agua comparado con el riego por aspersi&oacute;n, ya que las plantas reciben s&oacute;lo cantidad necesaria.</p>\r\n\r\n<p>Las familias campesinas lo utilizan principalmente como t&eacute;cnica de riego dentro de los invernaderos para la producci&oacute;n de hortalizas y frutas.</p>\r\n\r\n<p>Actualmente, las mangueras de riego por goteo ya se instalan en los huertos a campo abierto, pues son m&aacute;s eficientes que el riego por aspersi&oacute;n. Nos permite ahorrar tiempo, las familias ya no invierten tiempo en trasladar los puntos de salida de agua de un lugar a otro, pues en estas ya son fijadas en las mangueras considerando la ubicaci&oacute;n de cada planta.</p>	<p>It is another type of technical irrigation that allows us to save more water compared to sprinkler irrigation, since the plants receive only the necessary amount.</p>\r\n\r\n<p>Peasant families use it mainly as an irrigation technique inside greenhouses for the production of vegetables and fruits.</p>\r\n\r\n<p>Currently, drip irrigation hoses are already installed in open field orchards, as they are more efficient than sprinkler irrigation. It allows us to save time, families no longer invest time in moving the water outlet points from one place to another, since in these they are already fixed in the hoses considering the location of each plant.</p>	multiple	23	2022-12-12 17:50:27.557782+00	144	1	18
42	SUTRANE - Sistema único de tratamiento de aguas negras	SUTRANE - Unique sewage treatment system	t	<p>Es un sistema ecol&oacute;gico para el tratamiento de aguas de desag&uuml;e similar al &ldquo;Ecoba&ntilde;o&rdquo; pero este sistema tiene una capacidad comunal.</p>\r\n\r\n<p>Se realiza la instalaci&oacute;n de dos tuber&iacute;as de desag&uuml;e que separan las aguas negras de las aguas grises. Las aguas negras llegan a un tanque construido cuyo tama&ntilde;o depende del n&uacute;mero de familias de la comunidad, est&aacute; cubierto con una especie de invernadero. Internamente tiene un sistema de separaci&oacute;n de l&iacute;quido y s&oacute;lido, las mismas que pasan por un proceso de purificaci&oacute;n. Las aguas grises, son dirigidas a otro tanque para ser tratadas. Al final todo se dirige a un campo secundario donde recibe otro proceso de purificaci&oacute;n y obtenemos agua limpia reutilizada en el riego de plantas forestales.</p>	<p>It is an ecological system for the treatment of sewage water similar to the &ldquo;Ecoba&ntilde;o&rdquo; but this system has a communal capacity.</p>\r\n\r\n<p>The installation of two drainage pipes that separate the black water from the gray water is carried out. The sewage reaches a built tank whose size depends on the number of families in the community, it is covered with a kind of greenhouse. Internally it has a liquid and solid separation system, the same ones that go through a purification process. The gray waters are directed to another tank to be treated. In the end everything goes to a secondary field where it receives another purification process and we obtain clean water reused in the irrigation of forest plants.</p>	multiple	24	2022-12-12 17:51:33.021988+00	145	1	18
25	Cocina mejorada con horno y agua caliente	Improved kitchen with oven and hot water	t	<p>Para evitar inhalaci&oacute;n de humo que es la causa de enfermedades a los bronquios y pulmones. Lo ideal es una cocina con cuatro prop&oacute;sitos.</p>\r\n\r\n<ol>\r\n\t<li>Mejora la combusti&oacute;n y evita que haya humo dentro de la cocina.</li>\r\n\t<li>Calienta agua en un dep&oacute;sito que se instala junto al fog&oacute;n y esa agua caliente sube a un bid&oacute;n y de all&iacute; baja al lavadero con lo cual se tiene agua caliente para lavar utensilios, verduras, etc.</li>\r\n\t<li>Horno para poder hacer pan de papa, kekes y panetones aprovechando el calor de la cocina.</li>\r\n</ol>\r\n\r\n<ol start="4">\r\n\t<li>Se procura que la chimenea no sea vertical, y pueda recorrer pegada a la pared todo el largo de la cocina, para transmitir la calefacci&oacute;n.</li>\r\n</ol>	<p>To avoid inhalation of smoke that is the cause of diseases to the bronchi and lungs. The ideal is a kitchen with four purposes.</p>\r\n\r\n<ol>\r\n\t<li>Improves combustion and prevents smoke inside the kitchen.</li>\r\n\t<li>Heats water in a tank that is installed next to the stove and that hot water goes up to a drum and from there goes down to the laundry room with which there is hot water to wash utensils, vegetables, etc.</li>\r\n\t<li>Oven to make potato bread, kekes and panettones taking advantage of the heat of the kitchen.</li>\r\n\t<li>It is ensured that the fireplace is not vertical, and that it can run along the wall the entire length of the kitchen, to transmit the heating.</li>\r\n</ol>	multiple	7	2022-12-12 17:43:12.694091+00	128	1	18
27	Crianza tecnificada de cuyes	Technified breeding of guinea pigs	t	<p>Cuando ten&iacute;amos s&oacute;lo pasto natural pod&iacute;amos criar pocos cuyes que se alimentaban b&aacute;sicamente de desperdicios de la cocina. Con los pastos asociados podemos criar cuyes en galpones y lograr una mayor producci&oacute;n.</p>\r\n\r\n<p>Nuestras familias pueden comer carne de cuy dos veces por semana mejorando la calidad nutricional con prote&iacute;nas de carne.</p>\r\n\r\n<p>El cuy es tambi&eacute;n una buena fuente de ingresos. Podemos realizar ventas semanales o dos veces al mes.</p>\r\n\r\n<p>Para criar cuyes en mayor cantidad podemos incrementar el alimento elaborando forraje verde hidrop&oacute;nico.</p>	<p>When we had only natural grass we could raise few guinea pigs that basically fed on kitchen waste. With the associated pastures we can raise guinea pigs in sheds and achieve higher production.</p>\r\n\r\n<p>Our families can eat guinea pig meat twice a week improving the nutritional quality with meat proteins.</p>\r\n\r\n<p>The guinea pig is also a good source of income. We can do weekly sales or twice a month.</p>\r\n\r\n<p>To raise guinea pigs in greater quantity we can increase the feed by making hydroponic green forage.</p>	multiple	9	2022-12-12 17:43:43.893176+00	130	1	18
30	Ecobaño - Sistema de Drenaje Ecológico	Ecobaño - Ecological drain system	t	<p>Es un sistema de desag&uuml;e familiar. Consiste en un tanque biodigestor que recibe todas aguas de desag&uuml;e. Los s&oacute;lidos se deshidratan y se retiran dos veces al a&ntilde;o para usarlas como abono de plantas forestales. Los l&iacute;quidos ya purificados salen a un campo secundario donde se realiza una segunda purificaci&oacute;n. Finalmente, se recoge agua cristalina que se reutiliza para riego de forestales.</p>\r\n\r\n<p>Esta tecnolog&iacute;a elimina el desag&uuml;e tradicional y las pozas de oxidaci&oacute;n. Permite descontaminar los r&iacute;os, lagunas, y el subsuelo. A su vez elimina factores que provocan enfermedades estomacales que generan desnutrici&oacute;n y anemia, mejorando as&iacute; la calidad de vida.</p>\r\n\r\n<p>As&iacute; mismo, permite que la habitaci&oacute;n de ba&ntilde;o est&eacute; dentro de la casa y as&iacute; los integrantes de una familia no salgan de la casa especialmente en invierno.</p>	<p>It is a family drain system. It consists of a biodigester tank that receives all drainage waters. The solids are dehydrated and removed twice a year to be used as compost for forest plants. The already purified liquids go to a secondary field where a second purification is carried out. Finally, crystalline water is collected that is reused for forest irrigation.</p>\r\n\r\n<p>This technology eliminates traditional drainage and oxidation pools. It allows to decontaminate rivers, lagoons, and the subsoil. In turn, it eliminates factors that cause stomach diseases that cause malnutrition and anemia, thus improving the quality of life.</p>\r\n\r\n<p>Likewise, it allows the bathroom to be inside the house and thus the members of a family do not leave the house, especially in winter.</p>	multiple	12	2022-12-12 17:45:14.160379+00	133	1	18
32	Establo Mejorado	Improved Barn	t	<p>Teniendo riego por aspersi&oacute;n y pastos asociados, aseguramos una buena alimentaci&oacute;n para el ganado.</p>\r\n\r\n<p>Se hace necesario tener ganado mejorado para una mayor producci&oacute;n de leche y carne, y as&iacute; mejorar la dieta alimentaria familiar, y consecuentemente los ingresos econ&oacute;micos a trav&eacute;s de la venta de productos l&aacute;cteos con valor agregado.</p>\r\n\r\n<p>El establo mejorado permite un manejo semi-estabulado del ganado que ya no se desplazar&aacute; a los campos a pastar como antes, y permanecer&aacute; m&aacute;s tiempo comiendo dentro del establo.</p>\r\n\r\n<p>Las mujeres y ni&ntilde;os ya no ir&aacute;n al campo a cuidar los animales, y podr&aacute;n utilizar ese tiempo para el estudio u otras actividades.</p>	<p>Having sprinkler irrigation and associated pastures, we ensure a good diet for the cattle.</p>\r\n\r\n<p>It is necessary to have improved livestock for a greater production of milk and meat, and thus improve the family food diet, and consequently the economic income through the sale of dairy products with added value.</p>\r\n\r\n<p>The improved stable allows a semi-stable management of the cattle that will no longer move to the fields to graze as before, and will stay longer eating inside the stable.</p>\r\n\r\n<p>The women and children will no longer go to the fields to take care of the animals, and will be able to use that time for study or other activities.</p>	multiple	14	2022-12-12 17:45:54.979454+00	135	1	18
35	Huerto fijo en fitotoldo	Greenhouse Orchard	t	<p>Una parcela de 100m2 es cubierta con un invernadero cuyos muros son de adobe para crear un micro clima especial donde se puedan cultivar hortalizas y frutas de climas tropicales. Tomate, pepino, pimiento, zapallito italiano, zapallo, callhua, vainita, aj&iacute; panca, aj&iacute; p&aacute;prika, yuca, camote. Tambi&eacute;n frutas como fresa, frutilla, awaymanto, mel&oacute;n, sand&iacute;a.</p>\r\n\r\n<p>Se incrementan los vol&uacute;menes de alimentos, as&iacute; como incrementar la diversidad de alimentos a la dieta familiar, y as&iacute; mejora la calidad nutricional.</p>\r\n\r\n<p>Una parte consume la familia y los excedentes se venden como materia prima, y productos con valor agregado como encurtidos, n&eacute;ctar, jugos, kekes, panetones, mermeladas.</p>	<p>A 100m2 plot is covered with a greenhouse whose walls are made of adobe to create a special microclimate where vegetables and fruits from tropical climates can be grown. Tomato, cucumber, pepper, zucchini, pumpkin, callhua, green beans, aj&iacute; panca, paprika pepper, yucca, sweet potato. Also fruits such as strawberry, strawberry, awaymanto, melon, watermelon.</p>\r\n\r\n<p>Food volumes are increased, as well as increasing the diversity of foods in the family diet, thus improving nutritional quality.</p>\r\n\r\n<p>A part consumes the family and the surplus is sold as raw material, and products with added value such as pickles, nectar, juices, kekes, panettones, jams.</p>	multiple	17	2022-12-12 17:47:10.014773+00	138	1	18
40	Riego por aspersión	Sprinkler Irrigation	t	<p>La cultura del riego del hombre andino depend&iacute;a de la lluvia s&oacute;lo 3 &oacute; 4 meses al a&ntilde;o. S&oacute;lo ten&iacute;amos leche en esos meses, y pod&iacute;amos realizar un s&oacute;lo engorde de ganado por a&ntilde;o.</p>\r\n\r\n<p>El riego tecnificado es la tecnolog&iacute;a motor del cambio. Con los reservorios r&uacute;sticos y el riego por aspersi&oacute;n; podemos tener pastos asociados cultivados; producir m&aacute;s leche; realizar varios engordes de ganado; criar cuyes y gallinas; y cultivar hasta 13 variedades de hortalizas.</p>\r\n\r\n<p>Captamos aguas de manantes, acequias, o canales para almacenarla en reservorios r&uacute;sticos. Llevamos el agua en tuber&iacute;a hasta la cabecera de la chacra. As&iacute; se produce un cambio en la cultura de riego. Ya no dependemos de la lluvia para regar, pues contamos con lluvia artificial.</p>	<p>The irrigation culture of the Andean man depended on rain for only 3 or 4 months a year. We only had milk in those months, and we could only fatten cattle per year.</p>\r\n\r\n<p>Technified irrigation is the driving technology of change. With rustic reservoirs and sprinkler irrigation; we can have associated pastures cultivated; produce more milk; carry out several fattening of cattle; raising guinea pigs and chickens; and grow up to 13 varieties of vegetables.</p>\r\n\r\n<p>We collect water from springs, ditches, or channels to store it in rustic reservoirs. We carry the water in pipes to the head of the farm. This produces a change in the irrigation culture. We no longer depend on rain to irrigate, as we have artificial rain.</p>	multiple	22	2022-12-12 17:49:58.417652+00	143	1	18
44	Transformación de productos	Processing of food products	t	<p>Cuando vendemos nuestros productos agropecuarios s&oacute;lo como materia prima no recibimos ganancias o esta es m&iacute;nima. Por ello, necesitamos darles valor agregado a nuestros productos que se vender&aacute;n a mayor precio.</p>\r\n\r\n<p>Todas las familias aprenden a transformar los productos. Esta habilidad, les permitir&aacute; mejorar su alimentaci&oacute;n a trav&eacute;s de la diversificaci&oacute;n de alimentos como queso, yogurt, manjar blanco, panetones, kekes, mermeladas, n&eacute;ctares, carne deshuesada, etc. Adem&aacute;s, les ayudar&aacute; a lograr mejores ingresos econ&oacute;micos a trav&eacute;s de la venta dichos productos.</p>\r\n\r\n<p>Realizar la transformaci&oacute;n de productos tambi&eacute;n ayuda al desarrollo de la creatividad de cada persona que realiza esta actividad.</p>	<p>When we sell our agricultural products only as raw material, we do not receive profit or it is minimal. Therefore, we need to give added value to our products that will be sold at a higher price.</p>\r\n\r\n<p>All families learn to transform products. This ability will allow them to improve their diet through the diversification of foods such as cheese, yogurt, white delicacy, panettones, kekes, jams, nectars, boneless meat, etc. In addition, it will help them achieve better economic income through the sale of these products.</p>\r\n\r\n<p>Performing the transformation of products also helps the development of the creativity of each person who performs this activity.</p>	multiple	26	2022-12-12 17:52:22.585064+00	147	1	18
45	Vivienda familiar campesina	Peasant family house	t	<p>Actualmente, las familias campesinas construyen sus viviendas separando los ambientes de cocina, dormitorios, etc. en construcciones independientes. Esta forma de construcci&oacute;n genera incomodidad en &eacute;poca de lluvias, y no son adecuadas para guardar calor en su interior especialmente en zonas andinas donde hace mucho frio, donde las familias est&aacute;n expuestas a padecer enfermedades respiratorias agudas.</p>\r\n\r\n<p>Nuestra vivienda campesina es construida manteniendo todos los servicios necesarios al interior de la vivienda. La vivienda es construida considerando t&eacute;cnicas de aislamiento de la humedad y retenci&oacute;n del calor durante las noches. Su objetivo principal es mejorar la calidad de vida de las familias campesinas.</p>	<p>Currently, peasant families build their homes by separating the kitchen areas, bedrooms, etc. in independent constructions. This form of construction generates discomfort in the rainy season, and they are not suitable for keeping heat inside, especially in Andean areas where it is very cold, where families are exposed to suffering from acute respiratory diseases.</p>\r\n\r\n<p>Our peasant house is built keeping all the necessary services inside the house. The house is built considering techniques of insulation from humidity and retention of heat during the nights. Its main objective is to improve the quality of life of peasant families.</p>	multiple	27	2022-12-12 17:52:53.425125+00	148	1	18
\.


--
-- Data for Name: SliderElement_medias; Type: TABLE DATA; Schema: public; Owner: dbadmin
--

COPY public."SliderElement_medias" (id, sliderelement_id, mediaresource_id) FROM stdin;
1	1	4
2	2	5
3	3	6
4	4	7
5	5	17
6	6	18
7	7	19
8	8	20
9	9	23
10	10	24
165	42	98
12	12	25
13	13	26
166	42	99
167	42	100
168	43	101
169	43	102
170	43	103
171	44	104
172	44	105
173	44	106
177	45	107
178	45	108
179	45	109
96	19	29
97	19	30
98	19	31
99	20	32
100	20	33
101	20	34
102	21	35
103	21	36
104	21	37
105	22	38
106	22	39
107	22	40
108	23	41
109	23	42
110	23	43
111	24	44
112	24	45
113	24	46
114	25	47
115	25	48
116	25	49
117	26	50
118	26	51
119	26	52
120	27	53
121	27	54
122	27	55
123	28	56
124	28	57
125	28	58
126	29	59
127	29	60
128	29	61
129	30	62
130	30	63
131	30	64
132	31	65
133	31	66
134	31	67
135	32	68
136	32	69
137	32	70
138	33	71
139	33	72
140	33	73
141	34	74
142	34	75
143	34	76
144	35	77
145	35	78
146	35	79
147	36	80
148	36	81
149	36	82
150	37	83
151	37	84
152	37	85
153	38	86
154	38	87
155	38	88
156	39	89
157	39	90
158	39	91
159	40	92
160	40	93
161	40	94
162	41	95
163	41	96
164	41	97
\.


--
-- Data for Name: StyleSheet; Type: TABLE DATA; Schema: public; Owner: dbadmin
--

COPY public."StyleSheet" (id, name, content, modified, page_id, user_id) FROM stdin;
6	destacados	/* ----- POSICIONAR ELEMENTOS DE DESCRIPCION ----- */	2022-12-07 01:26:33.901772+00	9	1
1	inicio	/* ----- POSICIONAR ELEMENTOS DE DESCRIPCION ----- */\r\n\r\n/* SOLO PARA SLIDER PRINCIPAL */\r\n#body-container[data-pageorder='1'] {\r\n    \r\n    #seccion_1 .li_articuloSlider_nivel1 > img {\r\n        width: 105% !important;\r\n        height: 105% !important;\r\n    }\r\n\r\n    #seccion_1 .li_articuloSlider_descripcion {\r\n        width: 60%;\r\n        max-width: 60% !important;\r\n        background-color: transparent;\r\n        background: transparent;\r\n        left: 10%;\r\n        bottom: 10%;\r\n    }\r\n    \r\n    #seccion_1 .li_articuloSlider_descripcion_titulo,\r\n    #seccion_1 .li_articuloSlider_descripcion_cuerpo {\r\n        width: 100%;\r\n        margin-left: 0px;\r\n    }\r\n    \r\n    #seccion_1 .li_articuloSlider_descripcion_titulo h3 {\r\n        font-size: 1.6em;\r\n        font-weight: 400;\r\n        color: rgba(255,255,255,1);\r\n    }\r\n}	2022-12-07 13:22:46.127011+00	4	1
7	contacto	/* ----- POSICIONAR ELEMENTOS DE DESCRIPCION ----- */\r\n\r\n@media only screen and (min-width: 1024px) {\r\n\r\n    #seccion_1 {\r\n        .seccion_elemento_descripcion_articulo {\r\n            left: 10%;\r\n            bottom: 15%;\r\n        }\r\n\r\n        .seccion_elemento_descripcion_htmlarticle {\r\n            left: 60%;\r\n            bottom: 10%;\r\n        }\r\n    }\r\n}	2022-12-07 13:23:35.86092+00	10	1
2	nosotros	/* ----- POSICIONAR ELEMENTOS DE DESCRIPCION ----- */\r\n\r\n@media only screen and (min-width: 768px) {\r\n    #seccion_1 {\r\n        .seccion_elemento_descripcion_articulo {\r\n            left: 10%;\r\n            bottom: 10%;\r\n        }\r\n    }\r\n\r\n    #seccion_2 {\r\n        .seccion_elemento_descripcion_articulo {\r\n            left: 30%;\r\n            bottom: 40%;\r\n        }\r\n    }\r\n\r\n    #seccion_3 {\r\n        .seccion_elemento_descripcion_articulo {\r\n            left: 10%;\r\n            bottom: 55%;\r\n        }\r\n    }\r\n\r\n    #seccion_4 {\r\n        .li_articuloSlider_descripcion {\r\n            left: 30%;\r\n            bottom: 25%;\r\n        }\r\n    }\r\n\r\n    #seccion_5 {\r\n        .li_articuloSlider_descripcion {\r\n            left: 10%;\r\n            bottom: 40%;\r\n        }\r\n    }\r\n}\r\n\r\n@media only screen and (min-width: 1024px) {\r\n    #seccion_1 {\r\n        .seccion_elemento_descripcion_articulo {\r\n            left: 5%;\r\n            bottom: 10%;\r\n        }\r\n    }\r\n\r\n    #seccion_2 {\r\n        .seccion_elemento_descripcion_articulo {\r\n            left: 50%;\r\n            bottom: 30%;\r\n        }\r\n    }\r\n\r\n    #seccion_3 {\r\n        .seccion_elemento_descripcion_articulo {\r\n            left: 10%;\r\n            bottom: 40%;\r\n        }\r\n    }\r\n\r\n    #seccion_4 {\r\n        .li_articuloSlider_descripcion {\r\n            left: 50%;\r\n            bottom: 20%;\r\n        }\r\n    }\r\n\r\n    #seccion_5 {\r\n        .li_articuloSlider_descripcion {\r\n            left: 10%;\r\n            bottom: 20%;\r\n        }\r\n    }\r\n}	2022-12-07 13:23:43.693581+00	5	1
3	nuestrapropuesta	/* ----- POSICIONAR ELEMENTOS DE DESCRIPCION ----- */\r\n\r\n@media only screen and (min-width: 0px){\r\n    #seccion_3 {\r\n        .li_articuloSlider_descripcion {\r\n            .div_tabla {\r\n                width: 100%;\r\n                height: 100%;\r\n                display: flex;\r\n                flex-direction: row;\r\n                justify-content: center;\r\n                align-items: flex-start;\r\n                margin: auto;\r\n            }\r\n            \r\n            .div_tabla_fila {\r\n                display: flex;\r\n                flex-direction: column;\r\n                justify-content: flex-start;\r\n                align-items: flex-start;\r\n            }\r\n            \r\n            .div_tabla_columna {\r\n                width: 100%;\r\n                display: flex;\r\n                flex-direction: row;\r\n                justify-content: flex-start;\r\n                align-items: flex-start;\r\n                padding: 5px 2px;\r\n            }\r\n            \r\n            .div_tabla_imagen {\r\n                display: flex;\r\n                justify-content: center;\r\n                align-items: center;\r\n\t\t//margin-right: 5px;\r\n            }\r\n            \r\n            .div_tabla_imagen img {\r\n                width: 30px !important;\r\n                height: auto !important;\r\n                margin-right: 5px;\r\n            }\r\n            \r\n            .div_tabla_texto,\r\n            .div_tabla_texto h3 {\r\n                font-size: 0.7em;\r\n                line-height: 1.2em;\r\n            }\r\n            \r\n            .div_tabla_texto h3::after {\r\n                display: none;\r\n            }\r\n            \r\n            .div_tabla_texto ul {\r\n                width: 100%;\r\n                list-style: none;\r\n                display: flex;\r\n                flex-direction: column;\r\n                justify-content: flex-start;\r\n                align-items: flex-start;\r\n            }\r\n            \r\n            .div_tabla_texto ul li {\r\n                width: 100%;\r\n                padding-left: 10px;\r\n                position: relative;\r\n            }\r\n            \r\n            .div_tabla_texto ul li::before {\r\n                top: 4px;\r\n            }\r\n            \r\n            .div_tabla_texto_sinsp {\r\n                margin-bottom: 5px;\r\n            }\r\n        }\r\n    }\r\n}\r\n\r\n@media only screen and (min-width: 768px) {\r\n    #seccion_1 {\r\n        .li_articuloSlider_descripcion {\r\n            left: 10%;\r\n            bottom: 50%;\r\n        }\r\n    }\r\n\r\n    #seccion_3 {\r\n        .li_articuloSlider_descripcion {\r\n            max-width: 70%;\r\n            background: transparent;\r\n            left: 10%;\r\n            bottom: 15%;\r\n\r\n            .div_tabla_imagen img {\r\n                width: 60px !important;\r\n            }\r\n        \r\n            .div_tabla_texto {\r\n                font-size: 0.9em;\r\n            }\r\n        \r\n            .div_tabla_texto h3 {\r\n                font-size: 0.8em;\r\n            }\r\n        \r\n            .div_tabla_texto ul li::before {\r\n                top: 8px;\r\n            }\r\n        }\r\n    }\r\n\r\n    #seccion_4 {\r\n        .li_articuloSlider_descripcion {\r\n            left: 40%;\r\n            bottom: 10%;\r\n        }\r\n    }\r\n\r\n    #seccion_5 {\r\n        .li_articuloSlider_descripcion {\r\n            left: 10%;\r\n            bottom: 15%;\r\n        }\r\n    }\r\n\r\n    #seccion_6 {\r\n        .li_articuloSlider_descripcion {\r\n            left: 30%;\r\n            bottom: 15%;\r\n        }\r\n    }\r\n}\r\n\r\n@media only screen and (min-width: 1024px) {\r\n    #seccion_1 {\r\n        .li_articuloSlider_descripcion {\r\n            left: 10%;\r\n            bottom: 30%;\r\n        }\r\n    }\r\n\r\n    #seccion_2 {\r\n        .seccion_elemento_descripcion_articulo {\r\n            left: 50%;\r\n            bottom: 30%;\r\n        }\r\n\r\n        .seccion_elemento_descripcion_htmlarticle {\r\n            left: 15%;\r\n            bottom: 10%;\r\n        }\r\n    }\r\n\r\n    #seccion_3 {\r\n        .li_articuloSlider_descripcion {\r\n            max-width: 75%;\r\n            left: 10%;\r\n            bottom: 15%;\r\n\r\n            .div_tabla {\r\n                flex-direction: column;\r\n                justify-content: flex-start;\r\n                align-items: flex-start;\r\n            }\r\n\r\n            .div_tabla_fila {\r\n                width: 100%;\r\n                flex-direction: row;\r\n                justify-content: flex-start;\r\n                align-items: flex-start;\r\n            }\r\n        }\r\n    }\r\n\r\n    #seccion_4 {\r\n        .seccion_elemento_descripcion_articulo {\r\n            left: 50%;\r\n            bottom: 35%;\r\n        }\r\n\r\n        .seccion_elemento_descripcion_htmlarticle {\r\n            left: 15%;\r\n            bottom: 10%;\r\n        }\r\n    }\r\n\r\n    #seccion_5 {\r\n        .li_articuloSlider_descripcion {\r\n            left: 10%;\r\n            bottom: 15%;\r\n        }\r\n    }\r\n\r\n    #seccion_6 {\r\n        .li_articuloSlider_descripcion {\r\n            left: 50%;\r\n            bottom: 15%;\r\n        }\r\n    }\r\n}	2022-12-07 13:24:01.865048+00	6	1
4	tecnologias	/* ----- POSICIONAR ELEMENTOS DE DESCRIPCION ----- */\r\n\r\n@media only screen and (min-width: 768px) {\r\n    #seccion_1 {\r\n        .seccion_elemento_descripcion_articulo {\r\n            left: 5%;\r\n            bottom: 10%;\r\n        }\r\n    }\r\n\r\n    #seccion_3 {\r\n        .li_articuloSlider_descripcion {\r\n            left: 30%;\r\n            bottom: 10%;\r\n        }\r\n    }\r\n}\r\n\r\n@media only screen and (min-width: 1024px) {\r\n    #seccion_1 {\r\n        .li_articuloSlider_descripcion {\r\n            left: 10%;\r\n            bottom: 35%;\r\n        }\r\n    }\r\n\r\n    #seccion_2 {\r\n        .seccion_elemento_descripcion_articulo {\r\n            left: 15%;\r\n            bottom: 50%;\r\n        }\r\n\r\n        .seccion_elemento_descripcion_graphic {\r\n            left: 30%;\r\n            bottom: 10%;\r\n        }\r\n    }\r\n\r\n    #seccion_3 {\r\n        .li_articuloSlider_descripcion {\r\n            left: 50%;\r\n            bottom: 15%;\r\n        }\r\n    }\r\n}	2022-12-07 13:24:25.169972+00	7	1
5	yachachiqs	/* ----- POSICIONAR ELEMENTOS DE DESCRIPCION ----- */\r\n\r\n@media only screen and (min-width: 768px) {\r\n    #seccion_1 {\r\n        .seccion_elemento_descripcion_articulo {\r\n            left: 30%;\r\n            bottom: 20%;\r\n        }\r\n    }\r\n\r\n    #seccion_2 {\r\n        .seccion_elemento_descripcion_articulo {\r\n            left: 10%;\r\n            bottom: 20%;\r\n        }\r\n    }\r\n}\r\n\r\n@media only screen and (min-width: 1024px) {\r\n    #seccion_1 {\r\n        .seccion_elemento_descripcion_articulo {\r\n            left: 50%;\r\n            bottom: 15%;\r\n        }\r\n    }\r\n\r\n    #seccion_2 {\r\n        .seccion_elemento_descripcion_articulo {\r\n            left: 15%;\r\n            bottom: 15%;\r\n        }\r\n    }\r\n}	2022-12-07 13:24:44.909654+00	8	1
\.


--
-- Data for Name: User; Type: TABLE DATA; Schema: public; Owner: dbadmin
--

COPY public."User" (id, password, last_login, is_superuser, username, first_name, last_name, email, is_staff, is_active, date_joined) FROM stdin;
1	pbkdf2_sha256$390000$mXDcNstTz7KmhRvLFBMbct$hmITr0s41F2PhEg2TRL/MzX36bndsyu+B3sulmapYZc=	2023-08-26 22:05:39.431241+00	t	superuseradmin			gaby.es.sd@gmail.com	t	t	2023-08-26 15:54:07.612476+00
\.


--
-- Data for Name: User_groups; Type: TABLE DATA; Schema: public; Owner: dbadmin
--

COPY public."User_groups" (id, user_id, group_id) FROM stdin;
\.


--
-- Data for Name: User_user_permissions; Type: TABLE DATA; Schema: public; Owner: dbadmin
--

COPY public."User_user_permissions" (id, user_id, permission_id) FROM stdin;
\.


--
-- Data for Name: Video; Type: TABLE DATA; Schema: public; Owner: dbadmin
--

COPY public."Video" (mediaresource_ptr_id, title, source, web_url, file_video) FROM stdin;
112	Video Yachachiq Reporteros	server	\N	videos/vid_pag_yachachiq_sec_yachachiqreportero.mp4
\.


--
-- Data for Name: auth_group; Type: TABLE DATA; Schema: public; Owner: dbadmin
--

COPY public.auth_group (id, name) FROM stdin;
\.


--
-- Data for Name: auth_group_permissions; Type: TABLE DATA; Schema: public; Owner: dbadmin
--

COPY public.auth_group_permissions (id, group_id, permission_id) FROM stdin;
\.


--
-- Data for Name: auth_permission; Type: TABLE DATA; Schema: public; Owner: dbadmin
--

COPY public.auth_permission (id, name, content_type_id, codename) FROM stdin;
1	Can add log entry	1	add_logentry
2	Can change log entry	1	change_logentry
3	Can delete log entry	1	delete_logentry
4	Can view log entry	1	view_logentry
5	Can add permission	2	add_permission
6	Can change permission	2	change_permission
7	Can delete permission	2	delete_permission
8	Can view permission	2	view_permission
9	Can add group	3	add_group
10	Can change group	3	change_group
11	Can delete group	3	delete_group
12	Can view group	3	view_group
13	Can add content type	4	add_contenttype
14	Can change content type	4	change_contenttype
15	Can delete content type	4	delete_contenttype
16	Can view content type	4	view_contenttype
17	Can add session	5	add_session
18	Can change session	5	change_session
19	Can delete session	5	delete_session
20	Can view session	5	view_session
21	Can add User	6	add_user
22	Can change User	6	change_user
23	Can delete User	6	delete_user
24	Can view User	6	view_user
25	Can add Country	7	add_country
26	Can change Country	7	change_country
27	Can delete Country	7	delete_country
28	Can view Country	7	view_country
29	Can add Element	8	add_element
30	Can change Element	8	change_element
31	Can delete Element	8	delete_element
32	Can view Element	8	view_element
33	Can add MediaResource	9	add_mediaresource
34	Can change MediaResource	9	change_mediaresource
35	Can delete MediaResource	9	delete_mediaresource
36	Can view MediaResource	9	view_mediaresource
37	Can add Page	10	add_page
38	Can change Page	10	change_page
39	Can delete Page	10	delete_page
40	Can view Page	10	view_page
41	Can add DescriptiveArticle	11	add_descriptivearticle
42	Can change DescriptiveArticle	11	change_descriptivearticle
43	Can delete DescriptiveArticle	11	delete_descriptivearticle
44	Can view DescriptiveArticle	11	view_descriptivearticle
45	Can add Imagen	12	add_imagen
46	Can change Imagen	12	change_imagen
47	Can delete Imagen	12	delete_imagen
48	Can view Imagen	12	view_imagen
49	Can add Outstanding	13	add_outstanding
50	Can change Outstanding	13	change_outstanding
51	Can delete Outstanding	13	delete_outstanding
52	Can view Outstanding	13	view_outstanding
53	Can add Slider	14	add_slider
54	Can change Slider	14	change_slider
55	Can delete Slider	14	delete_slider
56	Can view Slider	14	view_slider
57	Can add Video	15	add_video
58	Can change Video	15	change_video
59	Can delete Video	15	delete_video
60	Can view Video	15	view_video
61	Can add StyleSheet	16	add_stylesheet
62	Can change StyleSheet	16	change_stylesheet
63	Can delete StyleSheet	16	delete_stylesheet
64	Can view StyleSheet	16	view_stylesheet
65	Can add Section	17	add_section
66	Can change Section	17	change_section
67	Can delete Section	17	delete_section
68	Can view Section	17	view_section
69	Can add Region	18	add_region
70	Can change Region	18	change_region
71	Can delete Region	18	delete_region
72	Can view Region	18	view_region
73	Can add Province	19	add_province
74	Can change Province	19	change_province
75	Can delete Province	19	delete_province
76	Can view Province	19	view_province
77	Can add HtmlDesign	20	add_htmldesign
78	Can change HtmlDesign	20	change_htmldesign
79	Can delete HtmlDesign	20	delete_htmldesign
80	Can view HtmlDesign	20	view_htmldesign
81	Can add ElementType	21	add_elementtype
82	Can change ElementType	21	change_elementtype
83	Can delete ElementType	21	delete_elementtype
84	Can view ElementType	21	view_elementtype
85	Can add District	22	add_district
86	Can change District	22	change_district
87	Can delete District	22	delete_district
88	Can view District	22	view_district
89	Can add Contact	23	add_contact
90	Can change Contact	23	change_contact
91	Can delete Contact	23	delete_contact
92	Can view Contact	23	view_contact
93	Can add Author	24	add_author
94	Can change Author	24	change_author
95	Can delete Author	24	delete_author
96	Can view Author	24	view_author
97	Can add SliderElement	25	add_sliderelement
98	Can change SliderElement	25	change_sliderelement
99	Can delete SliderElement	25	delete_sliderelement
100	Can view SliderElement	25	view_sliderelement
101	Can add OutstandingArticle	26	add_outstandingarticle
102	Can change OutstandingArticle	26	change_outstandingarticle
103	Can delete OutstandingArticle	26	delete_outstandingarticle
104	Can view OutstandingArticle	26	view_outstandingarticle
105	Can add htmlArticle	27	add_htmlarticle
106	Can change htmlArticle	27	change_htmlarticle
107	Can delete htmlArticle	27	delete_htmlarticle
108	Can view htmlArticle	27	view_htmlarticle
109	Can add GraphicArticle	28	add_graphicarticle
110	Can change GraphicArticle	28	change_graphicarticle
111	Can delete GraphicArticle	28	delete_graphicarticle
112	Can view GraphicArticle	28	view_graphicarticle
\.


--
-- Data for Name: django_admin_log; Type: TABLE DATA; Schema: public; Owner: dbadmin
--

COPY public.django_admin_log (id, action_time, object_id, object_repr, action_flag, change_message, content_type_id, user_id) FROM stdin;
\.


--
-- Data for Name: django_content_type; Type: TABLE DATA; Schema: public; Owner: dbadmin
--

COPY public.django_content_type (id, app_label, model) FROM stdin;
1	admin	logentry
2	auth	permission
3	auth	group
4	contenttypes	contenttype
5	sessions	session
6	appManageWSSP	user
7	appManageWSSP	country
8	appManageWSSP	element
9	appManageWSSP	mediaresource
10	appManageWSSP	page
11	appManageWSSP	descriptivearticle
12	appManageWSSP	imagen
13	appManageWSSP	outstanding
14	appManageWSSP	slider
15	appManageWSSP	video
16	appManageWSSP	stylesheet
17	appManageWSSP	section
18	appManageWSSP	region
19	appManageWSSP	province
20	appManageWSSP	htmldesign
21	appManageWSSP	elementtype
22	appManageWSSP	district
23	appManageWSSP	contact
24	appManageWSSP	author
25	appManageWSSP	sliderelement
26	appManageWSSP	outstandingarticle
27	appManageWSSP	htmlarticle
28	appManageWSSP	graphicarticle
\.


--
-- Data for Name: django_migrations; Type: TABLE DATA; Schema: public; Owner: dbadmin
--

COPY public.django_migrations (id, app, name, applied) FROM stdin;
1	contenttypes	0001_initial	2023-08-26 15:49:41.896757+00
2	contenttypes	0002_remove_content_type_name	2023-08-26 15:49:42.050356+00
3	auth	0001_initial	2023-08-26 15:49:44.205918+00
4	auth	0002_alter_permission_name_max_length	2023-08-26 15:49:44.262725+00
5	auth	0003_alter_user_email_max_length	2023-08-26 15:49:44.335407+00
6	auth	0004_alter_user_username_opts	2023-08-26 15:49:44.404833+00
7	auth	0005_alter_user_last_login_null	2023-08-26 15:49:44.476973+00
8	auth	0006_require_contenttypes_0002	2023-08-26 15:49:44.561713+00
9	auth	0007_alter_validators_add_error_messages	2023-08-26 15:49:44.640572+00
10	auth	0008_alter_user_username_max_length	2023-08-26 15:49:44.706083+00
11	auth	0009_alter_user_last_name_max_length	2023-08-26 15:49:44.774282+00
12	auth	0010_alter_group_name_max_length	2023-08-26 15:49:44.852226+00
13	auth	0011_update_proxy_permissions	2023-08-26 15:49:44.928524+00
14	auth	0012_alter_user_first_name_max_length	2023-08-26 15:49:44.995647+00
15	appManageWSSP	0001_initial	2023-08-26 15:49:47.870472+00
16	admin	0001_initial	2023-08-26 15:49:48.566565+00
17	admin	0002_logentry_remove_auto_add	2023-08-26 15:49:48.646205+00
18	admin	0003_logentry_add_action_flag_choices	2023-08-26 15:49:48.716076+00
19	appManageWSSP	0002_country_element_mediaresource_page_and_more	2023-08-26 15:50:09.54648+00
20	sessions	0001_initial	2023-08-26 15:50:10.588138+00
\.


--
-- Data for Name: django_session; Type: TABLE DATA; Schema: public; Owner: dbadmin
--

COPY public.django_session (session_key, session_data, expire_date) FROM stdin;
00pvhsociavcjq5q3ko3tp0ayvrqrn3x	.eJxVjEEOwiAQRe_C2pACkgGX7j0DmWGmUjWQlHbVeHdt0oVu_3vvbyrhupS0dpnTxOqijDr9boT5KXUH_MB6bzq3uswT6V3RB-361lhe18P9OyjYy7cmBB5tPMuA2TEHa4Lx3uU4hBHIgo8QsxEUIbBIEEJgIEDnDRCbqN4f8Gc4FQ:1p2gMU:dnFYLhQ9TChaNc5mWqHws9LUCmGXVtOqcXgWl_gJO2A	2022-12-20 22:24:26.776179+00
krqdpsbyodbdsk0otyptswr59krqmx9u	.eJxVjEEOwiAQRe_C2pACkgGX7j0DmWGmUjWQlHbVeHdt0oVu_3vvbyrhupS0dpnTxOqijDr9boT5KXUH_MB6bzq3uswT6V3RB-361lhe18P9OyjYy7cmBB5tPMuA2TEHa4Lx3uU4hBHIgo8QsxEUIbBIEEJgIEDnDRCbqN4f8Gc4FQ:1p4jeY:PkBFOqWbbjfejKgdeaBC_zegLIyJXyAxIymbn4Va6IY	2022-12-26 14:19:34.021558+00
x5dubqptwmqahbkpfrqik9u740ua2jrt	.eJxVjEEOwiAQRe_C2hAozEhduu8ZCDCDVA0kpV0Z765NutDtf-_9l_BhW4vfOi9-JnERWpx-txjSg-sO6B7qrcnU6rrMUe6KPGiXUyN-Xg_376CEXr61G1UmghFgcMiMGcnE5DJDSJb0EIm0RU4WwIGCpNAgGhu10wbCmcX7A-48N7A:1qa1PX:jGXytbo5B_iC7ladSzkhUMPBBRJi1k5nuWNJ21ZzQRE	2023-09-09 22:05:39.869353+00
\.


--
-- Data for Name: htmlArticle; Type: TABLE DATA; Schema: public; Owner: dbadmin
--

COPY public."htmlArticle" (element_ptr_id, "htmlDesign_id") FROM stdin;
9	1
12	2
24	3
\.


--
-- Name: Author_id_seq; Type: SEQUENCE SET; Schema: public; Owner: dbadmin
--

SELECT pg_catalog.setval('public."Author_id_seq"', 4, true);


--
-- Name: Contact_id_seq; Type: SEQUENCE SET; Schema: public; Owner: dbadmin
--

SELECT pg_catalog.setval('public."Contact_id_seq"', 23, true);


--
-- Name: Country_id_seq; Type: SEQUENCE SET; Schema: public; Owner: dbadmin
--

SELECT pg_catalog.setval('public."Country_id_seq"', 202, true);


--
-- Name: District_id_seq; Type: SEQUENCE SET; Schema: public; Owner: dbadmin
--

SELECT pg_catalog.setval('public."District_id_seq"', 1858, true);


--
-- Name: ElementType_id_seq; Type: SEQUENCE SET; Schema: public; Owner: dbadmin
--

SELECT pg_catalog.setval('public."ElementType_id_seq"', 5, true);


--
-- Name: Element_id_seq; Type: SEQUENCE SET; Schema: public; Owner: dbadmin
--

SELECT pg_catalog.setval('public."Element_id_seq"', 24, true);


--
-- Name: HtmlDesign_id_seq; Type: SEQUENCE SET; Schema: public; Owner: dbadmin
--

SELECT pg_catalog.setval('public."HtmlDesign_id_seq"', 3, true);


--
-- Name: MediaResource_id_seq; Type: SEQUENCE SET; Schema: public; Owner: dbadmin
--

SELECT pg_catalog.setval('public."MediaResource_id_seq"', 149, true);


--
-- Name: OutstandingArticle_id_seq; Type: SEQUENCE SET; Schema: public; Owner: dbadmin
--

SELECT pg_catalog.setval('public."OutstandingArticle_id_seq"', 5, true);


--
-- Name: Page_id_seq; Type: SEQUENCE SET; Schema: public; Owner: dbadmin
--

SELECT pg_catalog.setval('public."Page_id_seq"', 10, true);


--
-- Name: Province_id_seq; Type: SEQUENCE SET; Schema: public; Owner: dbadmin
--

SELECT pg_catalog.setval('public."Province_id_seq"', 196, true);


--
-- Name: Region_id_seq; Type: SEQUENCE SET; Schema: public; Owner: dbadmin
--

SELECT pg_catalog.setval('public."Region_id_seq"', 24, true);


--
-- Name: Section_id_seq; Type: SEQUENCE SET; Schema: public; Owner: dbadmin
--

SELECT pg_catalog.setval('public."Section_id_seq"', 20, true);


--
-- Name: SliderElement_id_seq; Type: SEQUENCE SET; Schema: public; Owner: dbadmin
--

SELECT pg_catalog.setval('public."SliderElement_id_seq"', 45, true);


--
-- Name: SliderElement_medias_id_seq; Type: SEQUENCE SET; Schema: public; Owner: dbadmin
--

SELECT pg_catalog.setval('public."SliderElement_medias_id_seq"', 179, true);


--
-- Name: StyleSheet_id_seq; Type: SEQUENCE SET; Schema: public; Owner: dbadmin
--

SELECT pg_catalog.setval('public."StyleSheet_id_seq"', 7, true);


--
-- Name: User_groups_id_seq; Type: SEQUENCE SET; Schema: public; Owner: dbadmin
--

SELECT pg_catalog.setval('public."User_groups_id_seq"', 1, false);


--
-- Name: User_id_seq; Type: SEQUENCE SET; Schema: public; Owner: dbadmin
--

SELECT pg_catalog.setval('public."User_id_seq"', 1, true);


--
-- Name: User_user_permissions_id_seq; Type: SEQUENCE SET; Schema: public; Owner: dbadmin
--

SELECT pg_catalog.setval('public."User_user_permissions_id_seq"', 1, false);


--
-- Name: auth_group_id_seq; Type: SEQUENCE SET; Schema: public; Owner: dbadmin
--

SELECT pg_catalog.setval('public.auth_group_id_seq', 1, false);


--
-- Name: auth_group_permissions_id_seq; Type: SEQUENCE SET; Schema: public; Owner: dbadmin
--

SELECT pg_catalog.setval('public.auth_group_permissions_id_seq', 1, false);


--
-- Name: auth_permission_id_seq; Type: SEQUENCE SET; Schema: public; Owner: dbadmin
--

SELECT pg_catalog.setval('public.auth_permission_id_seq', 112, true);


--
-- Name: django_admin_log_id_seq; Type: SEQUENCE SET; Schema: public; Owner: dbadmin
--

SELECT pg_catalog.setval('public.django_admin_log_id_seq', 1, false);


--
-- Name: django_content_type_id_seq; Type: SEQUENCE SET; Schema: public; Owner: dbadmin
--

SELECT pg_catalog.setval('public.django_content_type_id_seq', 28, true);


--
-- Name: django_migrations_id_seq; Type: SEQUENCE SET; Schema: public; Owner: dbadmin
--

SELECT pg_catalog.setval('public.django_migrations_id_seq', 20, true);


--
-- Name: Author Author_name_key; Type: CONSTRAINT; Schema: public; Owner: dbadmin
--

ALTER TABLE ONLY public."Author"
    ADD CONSTRAINT "Author_name_key" UNIQUE (name);


--
-- Name: Author Author_pkey; Type: CONSTRAINT; Schema: public; Owner: dbadmin
--

ALTER TABLE ONLY public."Author"
    ADD CONSTRAINT "Author_pkey" PRIMARY KEY (id);


--
-- Name: Contact Contact_pkey; Type: CONSTRAINT; Schema: public; Owner: dbadmin
--

ALTER TABLE ONLY public."Contact"
    ADD CONSTRAINT "Contact_pkey" PRIMARY KEY (id);


--
-- Name: Country Country_name_en_key; Type: CONSTRAINT; Schema: public; Owner: dbadmin
--

ALTER TABLE ONLY public."Country"
    ADD CONSTRAINT "Country_name_en_key" UNIQUE (name_en);


--
-- Name: Country Country_name_es_key; Type: CONSTRAINT; Schema: public; Owner: dbadmin
--

ALTER TABLE ONLY public."Country"
    ADD CONSTRAINT "Country_name_es_key" UNIQUE (name_es);


--
-- Name: Country Country_pkey; Type: CONSTRAINT; Schema: public; Owner: dbadmin
--

ALTER TABLE ONLY public."Country"
    ADD CONSTRAINT "Country_pkey" PRIMARY KEY (id);


--
-- Name: DescriptiveArticle DescriptiveArticle_pkey; Type: CONSTRAINT; Schema: public; Owner: dbadmin
--

ALTER TABLE ONLY public."DescriptiveArticle"
    ADD CONSTRAINT "DescriptiveArticle_pkey" PRIMARY KEY (element_ptr_id);


--
-- Name: District District_pkey; Type: CONSTRAINT; Schema: public; Owner: dbadmin
--

ALTER TABLE ONLY public."District"
    ADD CONSTRAINT "District_pkey" PRIMARY KEY (id);


--
-- Name: ElementType ElementType_htmlName_key; Type: CONSTRAINT; Schema: public; Owner: dbadmin
--

ALTER TABLE ONLY public."ElementType"
    ADD CONSTRAINT "ElementType_htmlName_key" UNIQUE ("htmlName");


--
-- Name: ElementType ElementType_name_key; Type: CONSTRAINT; Schema: public; Owner: dbadmin
--

ALTER TABLE ONLY public."ElementType"
    ADD CONSTRAINT "ElementType_name_key" UNIQUE (name);


--
-- Name: ElementType ElementType_pkey; Type: CONSTRAINT; Schema: public; Owner: dbadmin
--

ALTER TABLE ONLY public."ElementType"
    ADD CONSTRAINT "ElementType_pkey" PRIMARY KEY (id);


--
-- Name: Element Element_pkey; Type: CONSTRAINT; Schema: public; Owner: dbadmin
--

ALTER TABLE ONLY public."Element"
    ADD CONSTRAINT "Element_pkey" PRIMARY KEY (id);


--
-- Name: Element Element_title_en_key; Type: CONSTRAINT; Schema: public; Owner: dbadmin
--

ALTER TABLE ONLY public."Element"
    ADD CONSTRAINT "Element_title_en_key" UNIQUE (title_en);


--
-- Name: Element Element_title_es_key; Type: CONSTRAINT; Schema: public; Owner: dbadmin
--

ALTER TABLE ONLY public."Element"
    ADD CONSTRAINT "Element_title_es_key" UNIQUE (title_es);


--
-- Name: GraphicArticle GraphicArticle_pkey; Type: CONSTRAINT; Schema: public; Owner: dbadmin
--

ALTER TABLE ONLY public."GraphicArticle"
    ADD CONSTRAINT "GraphicArticle_pkey" PRIMARY KEY (element_ptr_id);


--
-- Name: HtmlDesign HtmlDesign_file_html_key; Type: CONSTRAINT; Schema: public; Owner: dbadmin
--

ALTER TABLE ONLY public."HtmlDesign"
    ADD CONSTRAINT "HtmlDesign_file_html_key" UNIQUE (file_html);


--
-- Name: HtmlDesign HtmlDesign_pkey; Type: CONSTRAINT; Schema: public; Owner: dbadmin
--

ALTER TABLE ONLY public."HtmlDesign"
    ADD CONSTRAINT "HtmlDesign_pkey" PRIMARY KEY (id);


--
-- Name: Imagen Imagen_file_image_key; Type: CONSTRAINT; Schema: public; Owner: dbadmin
--

ALTER TABLE ONLY public."Imagen"
    ADD CONSTRAINT "Imagen_file_image_key" UNIQUE (file_image);


--
-- Name: Imagen Imagen_pkey; Type: CONSTRAINT; Schema: public; Owner: dbadmin
--

ALTER TABLE ONLY public."Imagen"
    ADD CONSTRAINT "Imagen_pkey" PRIMARY KEY (mediaresource_ptr_id);


--
-- Name: MediaResource MediaResource_pkey; Type: CONSTRAINT; Schema: public; Owner: dbadmin
--

ALTER TABLE ONLY public."MediaResource"
    ADD CONSTRAINT "MediaResource_pkey" PRIMARY KEY (id);


--
-- Name: OutstandingArticle OutstandingArticle_pkey; Type: CONSTRAINT; Schema: public; Owner: dbadmin
--

ALTER TABLE ONLY public."OutstandingArticle"
    ADD CONSTRAINT "OutstandingArticle_pkey" PRIMARY KEY (id);


--
-- Name: OutstandingArticle OutstandingArticle_title_en_key; Type: CONSTRAINT; Schema: public; Owner: dbadmin
--

ALTER TABLE ONLY public."OutstandingArticle"
    ADD CONSTRAINT "OutstandingArticle_title_en_key" UNIQUE (title_en);


--
-- Name: OutstandingArticle OutstandingArticle_title_es_key; Type: CONSTRAINT; Schema: public; Owner: dbadmin
--

ALTER TABLE ONLY public."OutstandingArticle"
    ADD CONSTRAINT "OutstandingArticle_title_es_key" UNIQUE (title_es);


--
-- Name: Outstanding Outstanding_pkey; Type: CONSTRAINT; Schema: public; Owner: dbadmin
--

ALTER TABLE ONLY public."Outstanding"
    ADD CONSTRAINT "Outstanding_pkey" PRIMARY KEY (element_ptr_id);


--
-- Name: Page Page_pkey; Type: CONSTRAINT; Schema: public; Owner: dbadmin
--

ALTER TABLE ONLY public."Page"
    ADD CONSTRAINT "Page_pkey" PRIMARY KEY (id);


--
-- Name: Page Page_styleSheetName_key; Type: CONSTRAINT; Schema: public; Owner: dbadmin
--

ALTER TABLE ONLY public."Page"
    ADD CONSTRAINT "Page_styleSheetName_key" UNIQUE ("styleSheetName");


--
-- Name: Page Page_title_en_key; Type: CONSTRAINT; Schema: public; Owner: dbadmin
--

ALTER TABLE ONLY public."Page"
    ADD CONSTRAINT "Page_title_en_key" UNIQUE (title_en);


--
-- Name: Page Page_title_es_key; Type: CONSTRAINT; Schema: public; Owner: dbadmin
--

ALTER TABLE ONLY public."Page"
    ADD CONSTRAINT "Page_title_es_key" UNIQUE (title_es);


--
-- Name: Page Page_url_title_en_key; Type: CONSTRAINT; Schema: public; Owner: dbadmin
--

ALTER TABLE ONLY public."Page"
    ADD CONSTRAINT "Page_url_title_en_key" UNIQUE (url_title_en);


--
-- Name: Page Page_url_title_es_key; Type: CONSTRAINT; Schema: public; Owner: dbadmin
--

ALTER TABLE ONLY public."Page"
    ADD CONSTRAINT "Page_url_title_es_key" UNIQUE (url_title_es);


--
-- Name: Province Province_pkey; Type: CONSTRAINT; Schema: public; Owner: dbadmin
--

ALTER TABLE ONLY public."Province"
    ADD CONSTRAINT "Province_pkey" PRIMARY KEY (id);


--
-- Name: Region Region_name_key; Type: CONSTRAINT; Schema: public; Owner: dbadmin
--

ALTER TABLE ONLY public."Region"
    ADD CONSTRAINT "Region_name_key" UNIQUE (name);


--
-- Name: Region Region_pkey; Type: CONSTRAINT; Schema: public; Owner: dbadmin
--

ALTER TABLE ONLY public."Region"
    ADD CONSTRAINT "Region_pkey" PRIMARY KEY (id);


--
-- Name: Section Section_pkey; Type: CONSTRAINT; Schema: public; Owner: dbadmin
--

ALTER TABLE ONLY public."Section"
    ADD CONSTRAINT "Section_pkey" PRIMARY KEY (id);


--
-- Name: Section Section_title_en_key; Type: CONSTRAINT; Schema: public; Owner: dbadmin
--

ALTER TABLE ONLY public."Section"
    ADD CONSTRAINT "Section_title_en_key" UNIQUE (title_en);


--
-- Name: Section Section_title_es_key; Type: CONSTRAINT; Schema: public; Owner: dbadmin
--

ALTER TABLE ONLY public."Section"
    ADD CONSTRAINT "Section_title_es_key" UNIQUE (title_es);


--
-- Name: SliderElement_medias SliderElement_medias_pkey; Type: CONSTRAINT; Schema: public; Owner: dbadmin
--

ALTER TABLE ONLY public."SliderElement_medias"
    ADD CONSTRAINT "SliderElement_medias_pkey" PRIMARY KEY (id);


--
-- Name: SliderElement_medias SliderElement_medias_sliderelement_id_mediare_3e708f9e_uniq; Type: CONSTRAINT; Schema: public; Owner: dbadmin
--

ALTER TABLE ONLY public."SliderElement_medias"
    ADD CONSTRAINT "SliderElement_medias_sliderelement_id_mediare_3e708f9e_uniq" UNIQUE (sliderelement_id, mediaresource_id);


--
-- Name: SliderElement SliderElement_pkey; Type: CONSTRAINT; Schema: public; Owner: dbadmin
--

ALTER TABLE ONLY public."SliderElement"
    ADD CONSTRAINT "SliderElement_pkey" PRIMARY KEY (id);


--
-- Name: SliderElement SliderElement_title_en_key; Type: CONSTRAINT; Schema: public; Owner: dbadmin
--

ALTER TABLE ONLY public."SliderElement"
    ADD CONSTRAINT "SliderElement_title_en_key" UNIQUE (title_en);


--
-- Name: SliderElement SliderElement_title_es_key; Type: CONSTRAINT; Schema: public; Owner: dbadmin
--

ALTER TABLE ONLY public."SliderElement"
    ADD CONSTRAINT "SliderElement_title_es_key" UNIQUE (title_es);


--
-- Name: Slider Slider_pkey; Type: CONSTRAINT; Schema: public; Owner: dbadmin
--

ALTER TABLE ONLY public."Slider"
    ADD CONSTRAINT "Slider_pkey" PRIMARY KEY (element_ptr_id);


--
-- Name: StyleSheet StyleSheet_name_key; Type: CONSTRAINT; Schema: public; Owner: dbadmin
--

ALTER TABLE ONLY public."StyleSheet"
    ADD CONSTRAINT "StyleSheet_name_key" UNIQUE (name);


--
-- Name: StyleSheet StyleSheet_pkey; Type: CONSTRAINT; Schema: public; Owner: dbadmin
--

ALTER TABLE ONLY public."StyleSheet"
    ADD CONSTRAINT "StyleSheet_pkey" PRIMARY KEY (id);


--
-- Name: User_groups User_groups_pkey; Type: CONSTRAINT; Schema: public; Owner: dbadmin
--

ALTER TABLE ONLY public."User_groups"
    ADD CONSTRAINT "User_groups_pkey" PRIMARY KEY (id);


--
-- Name: User_groups User_groups_user_id_group_id_d63e199e_uniq; Type: CONSTRAINT; Schema: public; Owner: dbadmin
--

ALTER TABLE ONLY public."User_groups"
    ADD CONSTRAINT "User_groups_user_id_group_id_d63e199e_uniq" UNIQUE (user_id, group_id);


--
-- Name: User User_pkey; Type: CONSTRAINT; Schema: public; Owner: dbadmin
--

ALTER TABLE ONLY public."User"
    ADD CONSTRAINT "User_pkey" PRIMARY KEY (id);


--
-- Name: User_user_permissions User_user_permissions_pkey; Type: CONSTRAINT; Schema: public; Owner: dbadmin
--

ALTER TABLE ONLY public."User_user_permissions"
    ADD CONSTRAINT "User_user_permissions_pkey" PRIMARY KEY (id);


--
-- Name: User_user_permissions User_user_permissions_user_id_permission_id_af0f54ec_uniq; Type: CONSTRAINT; Schema: public; Owner: dbadmin
--

ALTER TABLE ONLY public."User_user_permissions"
    ADD CONSTRAINT "User_user_permissions_user_id_permission_id_af0f54ec_uniq" UNIQUE (user_id, permission_id);


--
-- Name: User User_username_key; Type: CONSTRAINT; Schema: public; Owner: dbadmin
--

ALTER TABLE ONLY public."User"
    ADD CONSTRAINT "User_username_key" UNIQUE (username);


--
-- Name: Video Video_pkey; Type: CONSTRAINT; Schema: public; Owner: dbadmin
--

ALTER TABLE ONLY public."Video"
    ADD CONSTRAINT "Video_pkey" PRIMARY KEY (mediaresource_ptr_id);


--
-- Name: Video Video_title_key; Type: CONSTRAINT; Schema: public; Owner: dbadmin
--

ALTER TABLE ONLY public."Video"
    ADD CONSTRAINT "Video_title_key" UNIQUE (title);


--
-- Name: auth_group auth_group_name_key; Type: CONSTRAINT; Schema: public; Owner: dbadmin
--

ALTER TABLE ONLY public.auth_group
    ADD CONSTRAINT auth_group_name_key UNIQUE (name);


--
-- Name: auth_group_permissions auth_group_permissions_group_id_permission_id_0cd325b0_uniq; Type: CONSTRAINT; Schema: public; Owner: dbadmin
--

ALTER TABLE ONLY public.auth_group_permissions
    ADD CONSTRAINT auth_group_permissions_group_id_permission_id_0cd325b0_uniq UNIQUE (group_id, permission_id);


--
-- Name: auth_group_permissions auth_group_permissions_pkey; Type: CONSTRAINT; Schema: public; Owner: dbadmin
--

ALTER TABLE ONLY public.auth_group_permissions
    ADD CONSTRAINT auth_group_permissions_pkey PRIMARY KEY (id);


--
-- Name: auth_group auth_group_pkey; Type: CONSTRAINT; Schema: public; Owner: dbadmin
--

ALTER TABLE ONLY public.auth_group
    ADD CONSTRAINT auth_group_pkey PRIMARY KEY (id);


--
-- Name: auth_permission auth_permission_content_type_id_codename_01ab375a_uniq; Type: CONSTRAINT; Schema: public; Owner: dbadmin
--

ALTER TABLE ONLY public.auth_permission
    ADD CONSTRAINT auth_permission_content_type_id_codename_01ab375a_uniq UNIQUE (content_type_id, codename);


--
-- Name: auth_permission auth_permission_pkey; Type: CONSTRAINT; Schema: public; Owner: dbadmin
--

ALTER TABLE ONLY public.auth_permission
    ADD CONSTRAINT auth_permission_pkey PRIMARY KEY (id);


--
-- Name: django_admin_log django_admin_log_pkey; Type: CONSTRAINT; Schema: public; Owner: dbadmin
--

ALTER TABLE ONLY public.django_admin_log
    ADD CONSTRAINT django_admin_log_pkey PRIMARY KEY (id);


--
-- Name: django_content_type django_content_type_app_label_model_76bd3d3b_uniq; Type: CONSTRAINT; Schema: public; Owner: dbadmin
--

ALTER TABLE ONLY public.django_content_type
    ADD CONSTRAINT django_content_type_app_label_model_76bd3d3b_uniq UNIQUE (app_label, model);


--
-- Name: django_content_type django_content_type_pkey; Type: CONSTRAINT; Schema: public; Owner: dbadmin
--

ALTER TABLE ONLY public.django_content_type
    ADD CONSTRAINT django_content_type_pkey PRIMARY KEY (id);


--
-- Name: django_migrations django_migrations_pkey; Type: CONSTRAINT; Schema: public; Owner: dbadmin
--

ALTER TABLE ONLY public.django_migrations
    ADD CONSTRAINT django_migrations_pkey PRIMARY KEY (id);


--
-- Name: django_session django_session_pkey; Type: CONSTRAINT; Schema: public; Owner: dbadmin
--

ALTER TABLE ONLY public.django_session
    ADD CONSTRAINT django_session_pkey PRIMARY KEY (session_key);


--
-- Name: htmlArticle htmlArticle_pkey; Type: CONSTRAINT; Schema: public; Owner: dbadmin
--

ALTER TABLE ONLY public."htmlArticle"
    ADD CONSTRAINT "htmlArticle_pkey" PRIMARY KEY (element_ptr_id);


--
-- Name: Author_country_id_bd760134; Type: INDEX; Schema: public; Owner: dbadmin
--

CREATE INDEX "Author_country_id_bd760134" ON public."Author" USING btree (country_id);


--
-- Name: Author_media_id_2fad1bea; Type: INDEX; Schema: public; Owner: dbadmin
--

CREATE INDEX "Author_media_id_2fad1bea" ON public."Author" USING btree (media_id);


--
-- Name: Author_name_0fd02e10_like; Type: INDEX; Schema: public; Owner: dbadmin
--

CREATE INDEX "Author_name_0fd02e10_like" ON public."Author" USING btree (name varchar_pattern_ops);


--
-- Name: Author_user_id_ea1edff4; Type: INDEX; Schema: public; Owner: dbadmin
--

CREATE INDEX "Author_user_id_ea1edff4" ON public."Author" USING btree (user_id);


--
-- Name: Contact_country_id_1289728f; Type: INDEX; Schema: public; Owner: dbadmin
--

CREATE INDEX "Contact_country_id_1289728f" ON public."Contact" USING btree (country_id);


--
-- Name: Country_name_en_3a843d10_like; Type: INDEX; Schema: public; Owner: dbadmin
--

CREATE INDEX "Country_name_en_3a843d10_like" ON public."Country" USING btree (name_en varchar_pattern_ops);


--
-- Name: Country_name_es_7d531d5e_like; Type: INDEX; Schema: public; Owner: dbadmin
--

CREATE INDEX "Country_name_es_7d531d5e_like" ON public."Country" USING btree (name_es varchar_pattern_ops);


--
-- Name: Country_user_id_7819050b; Type: INDEX; Schema: public; Owner: dbadmin
--

CREATE INDEX "Country_user_id_7819050b" ON public."Country" USING btree (user_id);


--
-- Name: District_province_id_f5aebadb; Type: INDEX; Schema: public; Owner: dbadmin
--

CREATE INDEX "District_province_id_f5aebadb" ON public."District" USING btree (province_id);


--
-- Name: District_user_id_c3a40aa3; Type: INDEX; Schema: public; Owner: dbadmin
--

CREATE INDEX "District_user_id_c3a40aa3" ON public."District" USING btree (user_id);


--
-- Name: ElementType_htmlName_e03b3f79_like; Type: INDEX; Schema: public; Owner: dbadmin
--

CREATE INDEX "ElementType_htmlName_e03b3f79_like" ON public."ElementType" USING btree ("htmlName" varchar_pattern_ops);


--
-- Name: ElementType_name_c65ca9b8_like; Type: INDEX; Schema: public; Owner: dbadmin
--

CREATE INDEX "ElementType_name_c65ca9b8_like" ON public."ElementType" USING btree (name varchar_pattern_ops);


--
-- Name: ElementType_user_id_3ccc2e4a; Type: INDEX; Schema: public; Owner: dbadmin
--

CREATE INDEX "ElementType_user_id_3ccc2e4a" ON public."ElementType" USING btree (user_id);


--
-- Name: Element_elementType_id_0f67ff49; Type: INDEX; Schema: public; Owner: dbadmin
--

CREATE INDEX "Element_elementType_id_0f67ff49" ON public."Element" USING btree ("elementType_id");


--
-- Name: Element_section_id_96de9988; Type: INDEX; Schema: public; Owner: dbadmin
--

CREATE INDEX "Element_section_id_96de9988" ON public."Element" USING btree (section_id);


--
-- Name: Element_title_en_24d65bf2_like; Type: INDEX; Schema: public; Owner: dbadmin
--

CREATE INDEX "Element_title_en_24d65bf2_like" ON public."Element" USING btree (title_en varchar_pattern_ops);


--
-- Name: Element_title_es_30814da1_like; Type: INDEX; Schema: public; Owner: dbadmin
--

CREATE INDEX "Element_title_es_30814da1_like" ON public."Element" USING btree (title_es varchar_pattern_ops);


--
-- Name: Element_user_id_38af0c38; Type: INDEX; Schema: public; Owner: dbadmin
--

CREATE INDEX "Element_user_id_38af0c38" ON public."Element" USING btree (user_id);


--
-- Name: GraphicArticle_media_id_85039318; Type: INDEX; Schema: public; Owner: dbadmin
--

CREATE INDEX "GraphicArticle_media_id_85039318" ON public."GraphicArticle" USING btree (media_id);


--
-- Name: HtmlDesign_file_html_e3f3f60a_like; Type: INDEX; Schema: public; Owner: dbadmin
--

CREATE INDEX "HtmlDesign_file_html_e3f3f60a_like" ON public."HtmlDesign" USING btree (file_html varchar_pattern_ops);


--
-- Name: HtmlDesign_user_id_f8e872c6; Type: INDEX; Schema: public; Owner: dbadmin
--

CREATE INDEX "HtmlDesign_user_id_f8e872c6" ON public."HtmlDesign" USING btree (user_id);


--
-- Name: Imagen_file_image_ff84f686_like; Type: INDEX; Schema: public; Owner: dbadmin
--

CREATE INDEX "Imagen_file_image_ff84f686_like" ON public."Imagen" USING btree (file_image varchar_pattern_ops);


--
-- Name: MediaResource_user_id_f93362c5; Type: INDEX; Schema: public; Owner: dbadmin
--

CREATE INDEX "MediaResource_user_id_f93362c5" ON public."MediaResource" USING btree (user_id);


--
-- Name: OutstandingArticle_author_id_1bcd0188; Type: INDEX; Schema: public; Owner: dbadmin
--

CREATE INDEX "OutstandingArticle_author_id_1bcd0188" ON public."OutstandingArticle" USING btree (author_id);


--
-- Name: OutstandingArticle_media_id_ec029a2d; Type: INDEX; Schema: public; Owner: dbadmin
--

CREATE INDEX "OutstandingArticle_media_id_ec029a2d" ON public."OutstandingArticle" USING btree (media_id);


--
-- Name: OutstandingArticle_outstanding_id_99426fd0; Type: INDEX; Schema: public; Owner: dbadmin
--

CREATE INDEX "OutstandingArticle_outstanding_id_99426fd0" ON public."OutstandingArticle" USING btree (outstanding_id);


--
-- Name: OutstandingArticle_title_en_7f50a77d_like; Type: INDEX; Schema: public; Owner: dbadmin
--

CREATE INDEX "OutstandingArticle_title_en_7f50a77d_like" ON public."OutstandingArticle" USING btree (title_en varchar_pattern_ops);


--
-- Name: OutstandingArticle_title_es_19cf6fa7_like; Type: INDEX; Schema: public; Owner: dbadmin
--

CREATE INDEX "OutstandingArticle_title_es_19cf6fa7_like" ON public."OutstandingArticle" USING btree (title_es varchar_pattern_ops);


--
-- Name: OutstandingArticle_user_id_53d445c8; Type: INDEX; Schema: public; Owner: dbadmin
--

CREATE INDEX "OutstandingArticle_user_id_53d445c8" ON public."OutstandingArticle" USING btree (user_id);


--
-- Name: Page_styleSheetName_c883c57b_like; Type: INDEX; Schema: public; Owner: dbadmin
--

CREATE INDEX "Page_styleSheetName_c883c57b_like" ON public."Page" USING btree ("styleSheetName" varchar_pattern_ops);


--
-- Name: Page_title_en_e699cb90_like; Type: INDEX; Schema: public; Owner: dbadmin
--

CREATE INDEX "Page_title_en_e699cb90_like" ON public."Page" USING btree (title_en varchar_pattern_ops);


--
-- Name: Page_title_es_77850708_like; Type: INDEX; Schema: public; Owner: dbadmin
--

CREATE INDEX "Page_title_es_77850708_like" ON public."Page" USING btree (title_es varchar_pattern_ops);


--
-- Name: Page_url_title_en_d6c47ce9_like; Type: INDEX; Schema: public; Owner: dbadmin
--

CREATE INDEX "Page_url_title_en_d6c47ce9_like" ON public."Page" USING btree (url_title_en varchar_pattern_ops);


--
-- Name: Page_url_title_es_1e3c2401_like; Type: INDEX; Schema: public; Owner: dbadmin
--

CREATE INDEX "Page_url_title_es_1e3c2401_like" ON public."Page" USING btree (url_title_es varchar_pattern_ops);


--
-- Name: Page_user_id_cad92e4a; Type: INDEX; Schema: public; Owner: dbadmin
--

CREATE INDEX "Page_user_id_cad92e4a" ON public."Page" USING btree (user_id);


--
-- Name: Province_region_id_af70a2af; Type: INDEX; Schema: public; Owner: dbadmin
--

CREATE INDEX "Province_region_id_af70a2af" ON public."Province" USING btree (region_id);


--
-- Name: Province_user_id_c378c38f; Type: INDEX; Schema: public; Owner: dbadmin
--

CREATE INDEX "Province_user_id_c378c38f" ON public."Province" USING btree (user_id);


--
-- Name: Region_country_id_cb1aadaf; Type: INDEX; Schema: public; Owner: dbadmin
--

CREATE INDEX "Region_country_id_cb1aadaf" ON public."Region" USING btree (country_id);


--
-- Name: Region_name_1848f4c6_like; Type: INDEX; Schema: public; Owner: dbadmin
--

CREATE INDEX "Region_name_1848f4c6_like" ON public."Region" USING btree (name varchar_pattern_ops);


--
-- Name: Region_user_id_121aeb4e; Type: INDEX; Schema: public; Owner: dbadmin
--

CREATE INDEX "Region_user_id_121aeb4e" ON public."Region" USING btree (user_id);


--
-- Name: Section_media_id_815134ff; Type: INDEX; Schema: public; Owner: dbadmin
--

CREATE INDEX "Section_media_id_815134ff" ON public."Section" USING btree (media_id);


--
-- Name: Section_page_id_4eb4f125; Type: INDEX; Schema: public; Owner: dbadmin
--

CREATE INDEX "Section_page_id_4eb4f125" ON public."Section" USING btree (page_id);


--
-- Name: Section_title_en_b7f64a28_like; Type: INDEX; Schema: public; Owner: dbadmin
--

CREATE INDEX "Section_title_en_b7f64a28_like" ON public."Section" USING btree (title_en varchar_pattern_ops);


--
-- Name: Section_title_es_665c9122_like; Type: INDEX; Schema: public; Owner: dbadmin
--

CREATE INDEX "Section_title_es_665c9122_like" ON public."Section" USING btree (title_es varchar_pattern_ops);


--
-- Name: Section_user_id_1bdf059e; Type: INDEX; Schema: public; Owner: dbadmin
--

CREATE INDEX "Section_user_id_1bdf059e" ON public."Section" USING btree (user_id);


--
-- Name: SliderElement_list_icon_id_aef01457; Type: INDEX; Schema: public; Owner: dbadmin
--

CREATE INDEX "SliderElement_list_icon_id_aef01457" ON public."SliderElement" USING btree (list_icon_id);


--
-- Name: SliderElement_medias_mediaresource_id_fb56f56d; Type: INDEX; Schema: public; Owner: dbadmin
--

CREATE INDEX "SliderElement_medias_mediaresource_id_fb56f56d" ON public."SliderElement_medias" USING btree (mediaresource_id);


--
-- Name: SliderElement_medias_sliderelement_id_cd1a0ff4; Type: INDEX; Schema: public; Owner: dbadmin
--

CREATE INDEX "SliderElement_medias_sliderelement_id_cd1a0ff4" ON public."SliderElement_medias" USING btree (sliderelement_id);


--
-- Name: SliderElement_slider_id_7f4a37ff; Type: INDEX; Schema: public; Owner: dbadmin
--

CREATE INDEX "SliderElement_slider_id_7f4a37ff" ON public."SliderElement" USING btree (slider_id);


--
-- Name: SliderElement_title_en_5015e459_like; Type: INDEX; Schema: public; Owner: dbadmin
--

CREATE INDEX "SliderElement_title_en_5015e459_like" ON public."SliderElement" USING btree (title_en varchar_pattern_ops);


--
-- Name: SliderElement_title_es_7664c8b1_like; Type: INDEX; Schema: public; Owner: dbadmin
--

CREATE INDEX "SliderElement_title_es_7664c8b1_like" ON public."SliderElement" USING btree (title_es varchar_pattern_ops);


--
-- Name: SliderElement_user_id_b829591d; Type: INDEX; Schema: public; Owner: dbadmin
--

CREATE INDEX "SliderElement_user_id_b829591d" ON public."SliderElement" USING btree (user_id);


--
-- Name: StyleSheet_name_b8fab46d_like; Type: INDEX; Schema: public; Owner: dbadmin
--

CREATE INDEX "StyleSheet_name_b8fab46d_like" ON public."StyleSheet" USING btree (name varchar_pattern_ops);


--
-- Name: StyleSheet_page_id_1328e0ce; Type: INDEX; Schema: public; Owner: dbadmin
--

CREATE INDEX "StyleSheet_page_id_1328e0ce" ON public."StyleSheet" USING btree (page_id);


--
-- Name: StyleSheet_user_id_c7c58b0c; Type: INDEX; Schema: public; Owner: dbadmin
--

CREATE INDEX "StyleSheet_user_id_c7c58b0c" ON public."StyleSheet" USING btree (user_id);


--
-- Name: User_groups_group_id_328392a3; Type: INDEX; Schema: public; Owner: dbadmin
--

CREATE INDEX "User_groups_group_id_328392a3" ON public."User_groups" USING btree (group_id);


--
-- Name: User_groups_user_id_8f675f72; Type: INDEX; Schema: public; Owner: dbadmin
--

CREATE INDEX "User_groups_user_id_8f675f72" ON public."User_groups" USING btree (user_id);


--
-- Name: User_user_permissions_permission_id_8e998ba4; Type: INDEX; Schema: public; Owner: dbadmin
--

CREATE INDEX "User_user_permissions_permission_id_8e998ba4" ON public."User_user_permissions" USING btree (permission_id);


--
-- Name: User_user_permissions_user_id_2c6da4d4; Type: INDEX; Schema: public; Owner: dbadmin
--

CREATE INDEX "User_user_permissions_user_id_2c6da4d4" ON public."User_user_permissions" USING btree (user_id);


--
-- Name: User_username_3851fdce_like; Type: INDEX; Schema: public; Owner: dbadmin
--

CREATE INDEX "User_username_3851fdce_like" ON public."User" USING btree (username varchar_pattern_ops);


--
-- Name: Video_title_9976e14d_like; Type: INDEX; Schema: public; Owner: dbadmin
--

CREATE INDEX "Video_title_9976e14d_like" ON public."Video" USING btree (title varchar_pattern_ops);


--
-- Name: auth_group_name_a6ea08ec_like; Type: INDEX; Schema: public; Owner: dbadmin
--

CREATE INDEX auth_group_name_a6ea08ec_like ON public.auth_group USING btree (name varchar_pattern_ops);


--
-- Name: auth_group_permissions_group_id_b120cbf9; Type: INDEX; Schema: public; Owner: dbadmin
--

CREATE INDEX auth_group_permissions_group_id_b120cbf9 ON public.auth_group_permissions USING btree (group_id);


--
-- Name: auth_group_permissions_permission_id_84c5c92e; Type: INDEX; Schema: public; Owner: dbadmin
--

CREATE INDEX auth_group_permissions_permission_id_84c5c92e ON public.auth_group_permissions USING btree (permission_id);


--
-- Name: auth_permission_content_type_id_2f476e4b; Type: INDEX; Schema: public; Owner: dbadmin
--

CREATE INDEX auth_permission_content_type_id_2f476e4b ON public.auth_permission USING btree (content_type_id);


--
-- Name: django_admin_log_content_type_id_c4bce8eb; Type: INDEX; Schema: public; Owner: dbadmin
--

CREATE INDEX django_admin_log_content_type_id_c4bce8eb ON public.django_admin_log USING btree (content_type_id);


--
-- Name: django_admin_log_user_id_c564eba6; Type: INDEX; Schema: public; Owner: dbadmin
--

CREATE INDEX django_admin_log_user_id_c564eba6 ON public.django_admin_log USING btree (user_id);


--
-- Name: django_session_expire_date_a5c62663; Type: INDEX; Schema: public; Owner: dbadmin
--

CREATE INDEX django_session_expire_date_a5c62663 ON public.django_session USING btree (expire_date);


--
-- Name: django_session_session_key_c0390e0f_like; Type: INDEX; Schema: public; Owner: dbadmin
--

CREATE INDEX django_session_session_key_c0390e0f_like ON public.django_session USING btree (session_key varchar_pattern_ops);


--
-- Name: htmlArticle_htmlDesign_id_69320ba3; Type: INDEX; Schema: public; Owner: dbadmin
--

CREATE INDEX "htmlArticle_htmlDesign_id_69320ba3" ON public."htmlArticle" USING btree ("htmlDesign_id");


--
-- Name: Author Author_country_id_bd760134_fk_Country_id; Type: FK CONSTRAINT; Schema: public; Owner: dbadmin
--

ALTER TABLE ONLY public."Author"
    ADD CONSTRAINT "Author_country_id_bd760134_fk_Country_id" FOREIGN KEY (country_id) REFERENCES public."Country"(id) DEFERRABLE INITIALLY DEFERRED;


--
-- Name: Author Author_media_id_2fad1bea_fk_MediaResource_id; Type: FK CONSTRAINT; Schema: public; Owner: dbadmin
--

ALTER TABLE ONLY public."Author"
    ADD CONSTRAINT "Author_media_id_2fad1bea_fk_MediaResource_id" FOREIGN KEY (media_id) REFERENCES public."MediaResource"(id) DEFERRABLE INITIALLY DEFERRED;


--
-- Name: Author Author_user_id_ea1edff4_fk_User_id; Type: FK CONSTRAINT; Schema: public; Owner: dbadmin
--

ALTER TABLE ONLY public."Author"
    ADD CONSTRAINT "Author_user_id_ea1edff4_fk_User_id" FOREIGN KEY (user_id) REFERENCES public."User"(id) DEFERRABLE INITIALLY DEFERRED;


--
-- Name: Contact Contact_country_id_1289728f_fk_Country_id; Type: FK CONSTRAINT; Schema: public; Owner: dbadmin
--

ALTER TABLE ONLY public."Contact"
    ADD CONSTRAINT "Contact_country_id_1289728f_fk_Country_id" FOREIGN KEY (country_id) REFERENCES public."Country"(id) DEFERRABLE INITIALLY DEFERRED;


--
-- Name: Country Country_user_id_7819050b_fk_User_id; Type: FK CONSTRAINT; Schema: public; Owner: dbadmin
--

ALTER TABLE ONLY public."Country"
    ADD CONSTRAINT "Country_user_id_7819050b_fk_User_id" FOREIGN KEY (user_id) REFERENCES public."User"(id) DEFERRABLE INITIALLY DEFERRED;


--
-- Name: DescriptiveArticle DescriptiveArticle_element_ptr_id_82e9fd6d_fk_Element_id; Type: FK CONSTRAINT; Schema: public; Owner: dbadmin
--

ALTER TABLE ONLY public."DescriptiveArticle"
    ADD CONSTRAINT "DescriptiveArticle_element_ptr_id_82e9fd6d_fk_Element_id" FOREIGN KEY (element_ptr_id) REFERENCES public."Element"(id) DEFERRABLE INITIALLY DEFERRED;


--
-- Name: District District_province_id_f5aebadb_fk_Province_id; Type: FK CONSTRAINT; Schema: public; Owner: dbadmin
--

ALTER TABLE ONLY public."District"
    ADD CONSTRAINT "District_province_id_f5aebadb_fk_Province_id" FOREIGN KEY (province_id) REFERENCES public."Province"(id) DEFERRABLE INITIALLY DEFERRED;


--
-- Name: District District_user_id_c3a40aa3_fk_User_id; Type: FK CONSTRAINT; Schema: public; Owner: dbadmin
--

ALTER TABLE ONLY public."District"
    ADD CONSTRAINT "District_user_id_c3a40aa3_fk_User_id" FOREIGN KEY (user_id) REFERENCES public."User"(id) DEFERRABLE INITIALLY DEFERRED;


--
-- Name: ElementType ElementType_user_id_3ccc2e4a_fk_User_id; Type: FK CONSTRAINT; Schema: public; Owner: dbadmin
--

ALTER TABLE ONLY public."ElementType"
    ADD CONSTRAINT "ElementType_user_id_3ccc2e4a_fk_User_id" FOREIGN KEY (user_id) REFERENCES public."User"(id) DEFERRABLE INITIALLY DEFERRED;


--
-- Name: Element Element_elementType_id_0f67ff49_fk_ElementType_id; Type: FK CONSTRAINT; Schema: public; Owner: dbadmin
--

ALTER TABLE ONLY public."Element"
    ADD CONSTRAINT "Element_elementType_id_0f67ff49_fk_ElementType_id" FOREIGN KEY ("elementType_id") REFERENCES public."ElementType"(id) DEFERRABLE INITIALLY DEFERRED;


--
-- Name: Element Element_section_id_96de9988_fk_Section_id; Type: FK CONSTRAINT; Schema: public; Owner: dbadmin
--

ALTER TABLE ONLY public."Element"
    ADD CONSTRAINT "Element_section_id_96de9988_fk_Section_id" FOREIGN KEY (section_id) REFERENCES public."Section"(id) DEFERRABLE INITIALLY DEFERRED;


--
-- Name: Element Element_user_id_38af0c38_fk_User_id; Type: FK CONSTRAINT; Schema: public; Owner: dbadmin
--

ALTER TABLE ONLY public."Element"
    ADD CONSTRAINT "Element_user_id_38af0c38_fk_User_id" FOREIGN KEY (user_id) REFERENCES public."User"(id) DEFERRABLE INITIALLY DEFERRED;


--
-- Name: GraphicArticle GraphicArticle_element_ptr_id_b009d317_fk_Element_id; Type: FK CONSTRAINT; Schema: public; Owner: dbadmin
--

ALTER TABLE ONLY public."GraphicArticle"
    ADD CONSTRAINT "GraphicArticle_element_ptr_id_b009d317_fk_Element_id" FOREIGN KEY (element_ptr_id) REFERENCES public."Element"(id) DEFERRABLE INITIALLY DEFERRED;


--
-- Name: GraphicArticle GraphicArticle_media_id_85039318_fk_MediaResource_id; Type: FK CONSTRAINT; Schema: public; Owner: dbadmin
--

ALTER TABLE ONLY public."GraphicArticle"
    ADD CONSTRAINT "GraphicArticle_media_id_85039318_fk_MediaResource_id" FOREIGN KEY (media_id) REFERENCES public."MediaResource"(id) DEFERRABLE INITIALLY DEFERRED;


--
-- Name: HtmlDesign HtmlDesign_user_id_f8e872c6_fk_User_id; Type: FK CONSTRAINT; Schema: public; Owner: dbadmin
--

ALTER TABLE ONLY public."HtmlDesign"
    ADD CONSTRAINT "HtmlDesign_user_id_f8e872c6_fk_User_id" FOREIGN KEY (user_id) REFERENCES public."User"(id) DEFERRABLE INITIALLY DEFERRED;


--
-- Name: Imagen Imagen_mediaresource_ptr_id_a23402a3_fk_MediaResource_id; Type: FK CONSTRAINT; Schema: public; Owner: dbadmin
--

ALTER TABLE ONLY public."Imagen"
    ADD CONSTRAINT "Imagen_mediaresource_ptr_id_a23402a3_fk_MediaResource_id" FOREIGN KEY (mediaresource_ptr_id) REFERENCES public."MediaResource"(id) DEFERRABLE INITIALLY DEFERRED;


--
-- Name: MediaResource MediaResource_user_id_f93362c5_fk_User_id; Type: FK CONSTRAINT; Schema: public; Owner: dbadmin
--

ALTER TABLE ONLY public."MediaResource"
    ADD CONSTRAINT "MediaResource_user_id_f93362c5_fk_User_id" FOREIGN KEY (user_id) REFERENCES public."User"(id) DEFERRABLE INITIALLY DEFERRED;


--
-- Name: OutstandingArticle OutstandingArticle_author_id_1bcd0188_fk_Author_id; Type: FK CONSTRAINT; Schema: public; Owner: dbadmin
--

ALTER TABLE ONLY public."OutstandingArticle"
    ADD CONSTRAINT "OutstandingArticle_author_id_1bcd0188_fk_Author_id" FOREIGN KEY (author_id) REFERENCES public."Author"(id) DEFERRABLE INITIALLY DEFERRED;


--
-- Name: OutstandingArticle OutstandingArticle_media_id_ec029a2d_fk_MediaResource_id; Type: FK CONSTRAINT; Schema: public; Owner: dbadmin
--

ALTER TABLE ONLY public."OutstandingArticle"
    ADD CONSTRAINT "OutstandingArticle_media_id_ec029a2d_fk_MediaResource_id" FOREIGN KEY (media_id) REFERENCES public."MediaResource"(id) DEFERRABLE INITIALLY DEFERRED;


--
-- Name: OutstandingArticle OutstandingArticle_outstanding_id_99426fd0_fk_Outstandi; Type: FK CONSTRAINT; Schema: public; Owner: dbadmin
--

ALTER TABLE ONLY public."OutstandingArticle"
    ADD CONSTRAINT "OutstandingArticle_outstanding_id_99426fd0_fk_Outstandi" FOREIGN KEY (outstanding_id) REFERENCES public."Outstanding"(element_ptr_id) DEFERRABLE INITIALLY DEFERRED;


--
-- Name: OutstandingArticle OutstandingArticle_user_id_53d445c8_fk_User_id; Type: FK CONSTRAINT; Schema: public; Owner: dbadmin
--

ALTER TABLE ONLY public."OutstandingArticle"
    ADD CONSTRAINT "OutstandingArticle_user_id_53d445c8_fk_User_id" FOREIGN KEY (user_id) REFERENCES public."User"(id) DEFERRABLE INITIALLY DEFERRED;


--
-- Name: Outstanding Outstanding_element_ptr_id_5d6ff6cb_fk_Element_id; Type: FK CONSTRAINT; Schema: public; Owner: dbadmin
--

ALTER TABLE ONLY public."Outstanding"
    ADD CONSTRAINT "Outstanding_element_ptr_id_5d6ff6cb_fk_Element_id" FOREIGN KEY (element_ptr_id) REFERENCES public."Element"(id) DEFERRABLE INITIALLY DEFERRED;


--
-- Name: Page Page_user_id_cad92e4a_fk_User_id; Type: FK CONSTRAINT; Schema: public; Owner: dbadmin
--

ALTER TABLE ONLY public."Page"
    ADD CONSTRAINT "Page_user_id_cad92e4a_fk_User_id" FOREIGN KEY (user_id) REFERENCES public."User"(id) DEFERRABLE INITIALLY DEFERRED;


--
-- Name: Province Province_region_id_af70a2af_fk_Region_id; Type: FK CONSTRAINT; Schema: public; Owner: dbadmin
--

ALTER TABLE ONLY public."Province"
    ADD CONSTRAINT "Province_region_id_af70a2af_fk_Region_id" FOREIGN KEY (region_id) REFERENCES public."Region"(id) DEFERRABLE INITIALLY DEFERRED;


--
-- Name: Province Province_user_id_c378c38f_fk_User_id; Type: FK CONSTRAINT; Schema: public; Owner: dbadmin
--

ALTER TABLE ONLY public."Province"
    ADD CONSTRAINT "Province_user_id_c378c38f_fk_User_id" FOREIGN KEY (user_id) REFERENCES public."User"(id) DEFERRABLE INITIALLY DEFERRED;


--
-- Name: Region Region_country_id_cb1aadaf_fk_Country_id; Type: FK CONSTRAINT; Schema: public; Owner: dbadmin
--

ALTER TABLE ONLY public."Region"
    ADD CONSTRAINT "Region_country_id_cb1aadaf_fk_Country_id" FOREIGN KEY (country_id) REFERENCES public."Country"(id) DEFERRABLE INITIALLY DEFERRED;


--
-- Name: Region Region_user_id_121aeb4e_fk_User_id; Type: FK CONSTRAINT; Schema: public; Owner: dbadmin
--

ALTER TABLE ONLY public."Region"
    ADD CONSTRAINT "Region_user_id_121aeb4e_fk_User_id" FOREIGN KEY (user_id) REFERENCES public."User"(id) DEFERRABLE INITIALLY DEFERRED;


--
-- Name: Section Section_media_id_815134ff_fk_MediaResource_id; Type: FK CONSTRAINT; Schema: public; Owner: dbadmin
--

ALTER TABLE ONLY public."Section"
    ADD CONSTRAINT "Section_media_id_815134ff_fk_MediaResource_id" FOREIGN KEY (media_id) REFERENCES public."MediaResource"(id) DEFERRABLE INITIALLY DEFERRED;


--
-- Name: Section Section_page_id_4eb4f125_fk_Page_id; Type: FK CONSTRAINT; Schema: public; Owner: dbadmin
--

ALTER TABLE ONLY public."Section"
    ADD CONSTRAINT "Section_page_id_4eb4f125_fk_Page_id" FOREIGN KEY (page_id) REFERENCES public."Page"(id) DEFERRABLE INITIALLY DEFERRED;


--
-- Name: Section Section_user_id_1bdf059e_fk_User_id; Type: FK CONSTRAINT; Schema: public; Owner: dbadmin
--

ALTER TABLE ONLY public."Section"
    ADD CONSTRAINT "Section_user_id_1bdf059e_fk_User_id" FOREIGN KEY (user_id) REFERENCES public."User"(id) DEFERRABLE INITIALLY DEFERRED;


--
-- Name: SliderElement SliderElement_list_icon_id_aef01457_fk_MediaResource_id; Type: FK CONSTRAINT; Schema: public; Owner: dbadmin
--

ALTER TABLE ONLY public."SliderElement"
    ADD CONSTRAINT "SliderElement_list_icon_id_aef01457_fk_MediaResource_id" FOREIGN KEY (list_icon_id) REFERENCES public."MediaResource"(id) DEFERRABLE INITIALLY DEFERRED;


--
-- Name: SliderElement_medias SliderElement_medias_mediaresource_id_fb56f56d_fk_MediaReso; Type: FK CONSTRAINT; Schema: public; Owner: dbadmin
--

ALTER TABLE ONLY public."SliderElement_medias"
    ADD CONSTRAINT "SliderElement_medias_mediaresource_id_fb56f56d_fk_MediaReso" FOREIGN KEY (mediaresource_id) REFERENCES public."MediaResource"(id) DEFERRABLE INITIALLY DEFERRED;


--
-- Name: SliderElement_medias SliderElement_medias_sliderelement_id_cd1a0ff4_fk_SliderEle; Type: FK CONSTRAINT; Schema: public; Owner: dbadmin
--

ALTER TABLE ONLY public."SliderElement_medias"
    ADD CONSTRAINT "SliderElement_medias_sliderelement_id_cd1a0ff4_fk_SliderEle" FOREIGN KEY (sliderelement_id) REFERENCES public."SliderElement"(id) DEFERRABLE INITIALLY DEFERRED;


--
-- Name: SliderElement SliderElement_slider_id_7f4a37ff_fk_Slider_element_ptr_id; Type: FK CONSTRAINT; Schema: public; Owner: dbadmin
--

ALTER TABLE ONLY public."SliderElement"
    ADD CONSTRAINT "SliderElement_slider_id_7f4a37ff_fk_Slider_element_ptr_id" FOREIGN KEY (slider_id) REFERENCES public."Slider"(element_ptr_id) DEFERRABLE INITIALLY DEFERRED;


--
-- Name: SliderElement SliderElement_user_id_b829591d_fk_User_id; Type: FK CONSTRAINT; Schema: public; Owner: dbadmin
--

ALTER TABLE ONLY public."SliderElement"
    ADD CONSTRAINT "SliderElement_user_id_b829591d_fk_User_id" FOREIGN KEY (user_id) REFERENCES public."User"(id) DEFERRABLE INITIALLY DEFERRED;


--
-- Name: Slider Slider_element_ptr_id_b74d2cdf_fk_Element_id; Type: FK CONSTRAINT; Schema: public; Owner: dbadmin
--

ALTER TABLE ONLY public."Slider"
    ADD CONSTRAINT "Slider_element_ptr_id_b74d2cdf_fk_Element_id" FOREIGN KEY (element_ptr_id) REFERENCES public."Element"(id) DEFERRABLE INITIALLY DEFERRED;


--
-- Name: StyleSheet StyleSheet_page_id_1328e0ce_fk_Page_id; Type: FK CONSTRAINT; Schema: public; Owner: dbadmin
--

ALTER TABLE ONLY public."StyleSheet"
    ADD CONSTRAINT "StyleSheet_page_id_1328e0ce_fk_Page_id" FOREIGN KEY (page_id) REFERENCES public."Page"(id) DEFERRABLE INITIALLY DEFERRED;


--
-- Name: StyleSheet StyleSheet_user_id_c7c58b0c_fk_User_id; Type: FK CONSTRAINT; Schema: public; Owner: dbadmin
--

ALTER TABLE ONLY public."StyleSheet"
    ADD CONSTRAINT "StyleSheet_user_id_c7c58b0c_fk_User_id" FOREIGN KEY (user_id) REFERENCES public."User"(id) DEFERRABLE INITIALLY DEFERRED;


--
-- Name: User_groups User_groups_group_id_328392a3_fk_auth_group_id; Type: FK CONSTRAINT; Schema: public; Owner: dbadmin
--

ALTER TABLE ONLY public."User_groups"
    ADD CONSTRAINT "User_groups_group_id_328392a3_fk_auth_group_id" FOREIGN KEY (group_id) REFERENCES public.auth_group(id) DEFERRABLE INITIALLY DEFERRED;


--
-- Name: User_groups User_groups_user_id_8f675f72_fk_User_id; Type: FK CONSTRAINT; Schema: public; Owner: dbadmin
--

ALTER TABLE ONLY public."User_groups"
    ADD CONSTRAINT "User_groups_user_id_8f675f72_fk_User_id" FOREIGN KEY (user_id) REFERENCES public."User"(id) DEFERRABLE INITIALLY DEFERRED;


--
-- Name: User_user_permissions User_user_permission_permission_id_8e998ba4_fk_auth_perm; Type: FK CONSTRAINT; Schema: public; Owner: dbadmin
--

ALTER TABLE ONLY public."User_user_permissions"
    ADD CONSTRAINT "User_user_permission_permission_id_8e998ba4_fk_auth_perm" FOREIGN KEY (permission_id) REFERENCES public.auth_permission(id) DEFERRABLE INITIALLY DEFERRED;


--
-- Name: User_user_permissions User_user_permissions_user_id_2c6da4d4_fk_User_id; Type: FK CONSTRAINT; Schema: public; Owner: dbadmin
--

ALTER TABLE ONLY public."User_user_permissions"
    ADD CONSTRAINT "User_user_permissions_user_id_2c6da4d4_fk_User_id" FOREIGN KEY (user_id) REFERENCES public."User"(id) DEFERRABLE INITIALLY DEFERRED;


--
-- Name: Video Video_mediaresource_ptr_id_78d0fa69_fk_MediaResource_id; Type: FK CONSTRAINT; Schema: public; Owner: dbadmin
--

ALTER TABLE ONLY public."Video"
    ADD CONSTRAINT "Video_mediaresource_ptr_id_78d0fa69_fk_MediaResource_id" FOREIGN KEY (mediaresource_ptr_id) REFERENCES public."MediaResource"(id) DEFERRABLE INITIALLY DEFERRED;


--
-- Name: auth_group_permissions auth_group_permissio_permission_id_84c5c92e_fk_auth_perm; Type: FK CONSTRAINT; Schema: public; Owner: dbadmin
--

ALTER TABLE ONLY public.auth_group_permissions
    ADD CONSTRAINT auth_group_permissio_permission_id_84c5c92e_fk_auth_perm FOREIGN KEY (permission_id) REFERENCES public.auth_permission(id) DEFERRABLE INITIALLY DEFERRED;


--
-- Name: auth_group_permissions auth_group_permissions_group_id_b120cbf9_fk_auth_group_id; Type: FK CONSTRAINT; Schema: public; Owner: dbadmin
--

ALTER TABLE ONLY public.auth_group_permissions
    ADD CONSTRAINT auth_group_permissions_group_id_b120cbf9_fk_auth_group_id FOREIGN KEY (group_id) REFERENCES public.auth_group(id) DEFERRABLE INITIALLY DEFERRED;


--
-- Name: auth_permission auth_permission_content_type_id_2f476e4b_fk_django_co; Type: FK CONSTRAINT; Schema: public; Owner: dbadmin
--

ALTER TABLE ONLY public.auth_permission
    ADD CONSTRAINT auth_permission_content_type_id_2f476e4b_fk_django_co FOREIGN KEY (content_type_id) REFERENCES public.django_content_type(id) DEFERRABLE INITIALLY DEFERRED;


--
-- Name: django_admin_log django_admin_log_content_type_id_c4bce8eb_fk_django_co; Type: FK CONSTRAINT; Schema: public; Owner: dbadmin
--

ALTER TABLE ONLY public.django_admin_log
    ADD CONSTRAINT django_admin_log_content_type_id_c4bce8eb_fk_django_co FOREIGN KEY (content_type_id) REFERENCES public.django_content_type(id) DEFERRABLE INITIALLY DEFERRED;


--
-- Name: django_admin_log django_admin_log_user_id_c564eba6_fk_User_id; Type: FK CONSTRAINT; Schema: public; Owner: dbadmin
--

ALTER TABLE ONLY public.django_admin_log
    ADD CONSTRAINT "django_admin_log_user_id_c564eba6_fk_User_id" FOREIGN KEY (user_id) REFERENCES public."User"(id) DEFERRABLE INITIALLY DEFERRED;


--
-- Name: htmlArticle htmlArticle_element_ptr_id_8b28498e_fk_Element_id; Type: FK CONSTRAINT; Schema: public; Owner: dbadmin
--

ALTER TABLE ONLY public."htmlArticle"
    ADD CONSTRAINT "htmlArticle_element_ptr_id_8b28498e_fk_Element_id" FOREIGN KEY (element_ptr_id) REFERENCES public."Element"(id) DEFERRABLE INITIALLY DEFERRED;


--
-- Name: htmlArticle htmlArticle_htmlDesign_id_69320ba3_fk_HtmlDesign_id; Type: FK CONSTRAINT; Schema: public; Owner: dbadmin
--

ALTER TABLE ONLY public."htmlArticle"
    ADD CONSTRAINT "htmlArticle_htmlDesign_id_69320ba3_fk_HtmlDesign_id" FOREIGN KEY ("htmlDesign_id") REFERENCES public."HtmlDesign"(id) DEFERRABLE INITIALLY DEFERRED;


--
-- PostgreSQL database dump complete
--

--
-- Database "postgres" dump
--

--
-- PostgreSQL database dump
--

-- Dumped from database version 14.9
-- Dumped by pg_dump version 14.9

SET statement_timeout = 0;
SET lock_timeout = 0;
SET idle_in_transaction_session_timeout = 0;
SET client_encoding = 'UTF8';
SET standard_conforming_strings = on;
SELECT pg_catalog.set_config('search_path', '', false);
SET check_function_bodies = false;
SET xmloption = content;
SET client_min_messages = warning;
SET row_security = off;

DROP DATABASE postgres;
--
-- Name: postgres; Type: DATABASE; Schema: -; Owner: dbadmin
--

CREATE DATABASE postgres WITH TEMPLATE = template0 ENCODING = 'UTF8' LOCALE = 'en_US.utf8';


ALTER DATABASE postgres OWNER TO dbadmin;

\connect postgres

SET statement_timeout = 0;
SET lock_timeout = 0;
SET idle_in_transaction_session_timeout = 0;
SET client_encoding = 'UTF8';
SET standard_conforming_strings = on;
SELECT pg_catalog.set_config('search_path', '', false);
SET check_function_bodies = false;
SET xmloption = content;
SET client_min_messages = warning;
SET row_security = off;

--
-- Name: DATABASE postgres; Type: COMMENT; Schema: -; Owner: dbadmin
--

COMMENT ON DATABASE postgres IS 'default administrative connection database';


--
-- PostgreSQL database dump complete
--

--
-- PostgreSQL database cluster dump complete
--

